{"type":"FeatureCollection","features":[{"type":"Feature","properties":{"NAME_1":"Andaman and Nicobar","NAME_2":"Andaman Islands","NAME_0":"India"},"geometry":{"type":"MultiPolygon","coordinates":[[[[92.5,10.9],[92.6,10.9],[92.6,10.8],[92.6,10.7],[92.6,10.6],[92.5,10.6],[92.6,10.6],[92.5,10.6],[92.5,10.5],[92.4,10.5],[92.4,10.6],[92.4,10.7],[92.4,10.8],[92.5,10.8],[92.5,10.9]]],[[[92.6,11.5],[92.7,11.5],[92.7,11.4],[92.6,11.4],[92.7,11.4],[92.6,11.4],[92.6,11.3],[92.6,11.4],[92.6,11.5]]],[[[92.2,11.6],[92.3,11.6],[92.3,11.5],[92.2,11.5],[92.2,11.6]]],[[[92.6,11.9],[92.6,12.0],[92.6,11.9],[92.6,12.0],[92.6,11.9]]],[[[92.8,12.0],[92.8,11.9],[92.7,11.9],[92.7,12.0],[92.8,12.0]]],[[[93.0,12.0],[93.0,11.9],[93.1,11.9],[93.0,11.9],[93.0,12.0],[93.0,11.9],[93.0,12.0],[93.0,11.9],[93.0,12.0],[92.9,12.0],[93.0,12.0]]],[[[92.9,12.1],[93.0,12.1],[92.9,12.1],[93.0,12.1],[92.9,12.1]]],[[[93.0,12.2],[93.0,12.1],[93.1,12.1],[93.0,12.1],[93.0,12.0],[93.0,12.1],[93.0,12.2],[93.0,12.1],[93.0,12.2]]],[[[93.1,12.2],[93.1,12.1],[93.0,12.1],[93.0,12.2],[93.1,12.2]]],[[[92.7,12.2],[92.8,12.2],[92.8,12.1],[92.7,12.1],[92.8,12.1],[92.8,12.0],[92.8,12.1],[92.8,12.0],[92.7,12.0],[92.8,12.0],[92.7,12.0],[92.8,12.0],[92.7,12.0],[92.8,12.0],[92.7,12.0],[92.8,12.0],[92.7,12.0],[92.7,11.9],[92.7,11.8],[92.7,11.9],[92.8,11.9],[92.8,11.8],[92.8,11.7],[92.7,11.7],[92.7,11.6],[92.7,11.7],[92.7,11.6],[92.7,11.7],[92.8,11.7],[92.8,11.6],[92.7,11.6],[92.8,11.6],[92.7,11.6],[92.7,11.5],[92.6,11.5],[92.7,11.5],[92.7,11.6],[92.6,11.6],[92.6,11.7],[92.6,11.6],[92.6,11.7],[92.6,11.8],[92.5,11.8],[92.6,11.8],[92.5,11.8],[92.5,11.9],[92.6,11.9],[92.6,12.0],[92.6,12.1],[92.6,12.2],[92.7,12.2]]],[[[93.1,12.3],[93.1,12.2],[93.1,12.3],[93.1,12.2],[93.1,12.3]]],[[[92.8,12.3],[92.7,12.3],[92.7,12.2],[92.7,12.3],[92.8,12.3]]],[[[92.8,12.3],[92.9,12.3],[92.9,12.2],[92.8,12.2],[92.9,12.2],[92.8,12.2],[92.9,12.2],[92.8,12.2],[92.8,12.1],[92.7,12.1],[92.8,12.1],[92.8,12.2],[92.7,12.2],[92.7,12.3],[92.8,12.3]]],[[[93.8,12.3],[93.9,12.3],[93.9,12.2],[93.9,12.3],[93.9,12.2],[93.8,12.2],[93.9,12.3],[93.8,12.3],[93.8,12.2],[93.8,12.3],[93.9,12.3],[93.8,12.3]]],[[[92.7,12.8],[92.7,12.7],[92.7,12.8],[92.7,12.7],[92.7,12.8]]],[[[92.9,12.9],[92.9,12.8],[93.0,12.8],[92.9,12.8],[93.0,12.8],[93.0,12.7],[93.0,12.6],[93.0,12.5],[92.9,12.5],[93.0,12.5],[92.9,12.5],[92.9,12.4],[92.9,12.5],[92.9,12.4],[92.9,12.5],[92.8,12.5],[92.9,12.5],[92.9,12.4],[92.8,12.4],[92.8,12.5],[92.8,12.4],[92.9,12.4],[92.9,12.3],[92.8,12.3],[92.7,12.3],[92.7,12.4],[92.7,12.5],[92.7,12.6],[92.7,12.7],[92.8,12.7],[92.8,12.6],[92.8,12.7],[92.7,12.7],[92.7,12.8],[92.8,12.8],[92.8,12.9],[92.8,12.8],[92.8,12.9],[92.8,12.8],[92.8,12.9],[92.9,12.9]]],[[[92.7,13.0],[92.7,12.9],[92.7,12.8],[92.7,12.9],[92.6,12.9],[92.7,12.9],[92.6,12.9],[92.7,12.9],[92.6,12.9],[92.7,12.9],[92.6,12.9],[92.7,12.9],[92.7,13.0],[92.7,12.9],[92.7,13.0],[92.7,12.9],[92.7,13.0]]],[[[94.3,13.5],[94.3,13.4],[94.2,13.4],[94.3,13.4],[94.3,13.5]]],[[[93.0,13.6],[93.0,13.5],[93.0,13.4],[93.1,13.4],[93.0,13.4],[93.1,13.4],[93.0,13.4],[93.1,13.4],[93.1,13.3],[93.0,13.3],[93.0,13.4],[93.0,13.3],[93.0,13.4],[93.0,13.3],[93.0,13.4],[93.0,13.3],[93.0,13.4],[93.0,13.3],[93.1,13.3],[93.1,13.2],[93.0,13.2],[93.0,13.1],[93.0,13.0],[93.0,13.1],[93.0,13.0],[92.9,13.0],[92.9,13.1],[92.9,13.0],[92.9,13.1],[92.9,13.0],[92.9,12.9],[92.9,13.0],[92.9,12.9],[92.8,12.9],[92.8,13.0],[92.8,13.1],[92.8,13.2],[92.9,13.2],[92.8,13.2],[92.9,13.2],[92.9,13.3],[92.8,13.3],[92.8,13.4],[92.9,13.4],[92.8,13.4],[92.9,13.4],[92.9,13.5],[93.0,13.5],[93.0,13.6],[93.0,13.5],[93.0,13.6]]],[[[93.1,13.7],[93.1,13.6],[93.0,13.6],[93.1,13.6],[93.1,13.7]]]]}},{"type":"Feature","properties":{"NAME_1":"Andaman and Nicobar","NAME_2":"Nicobar Islands","NAME_0":"India"},"geometry":{"type":"MultiPolygon","coordinates":[[[[93.8,7.2],[93.9,7.2],[93.9,7.1],[93.9,7.0],[93.9,6.9],[93.9,6.8],[93.8,6.8],[93.8,6.9],[93.7,6.9],[93.8,6.9],[93.7,6.9],[93.8,6.9],[93.7,6.9],[93.7,7.0],[93.7,7.1],[93.7,7.2],[93.8,7.2]]],[[[93.7,7.4],[93.8,7.4],[93.7,7.4],[93.7,7.3],[93.7,7.2],[93.6,7.2],[93.6,7.3],[93.6,7.4],[93.7,7.4]]],[[[93.4,8.0],[93.4,7.9],[93.5,7.9],[93.4,7.9],[93.3,7.9],[93.4,7.9],[93.3,7.9],[93.4,7.9],[93.3,7.9],[93.3,8.0],[93.4,8.0]]],[[[93.5,8.0],[93.6,8.0],[93.6,7.9],[93.5,7.9],[93.5,8.0],[93.6,8.0],[93.5,8.0],[93.6,8.0],[93.5,8.0]]],[[[93.5,8.2],[93.5,8.1],[93.6,8.1],[93.5,8.1],[93.6,8.1],[93.5,8.1],[93.5,8.0],[93.6,8.0],[93.5,8.0],[93.5,8.1],[93.5,8.0],[93.5,8.1],[93.5,8.0],[93.5,8.1],[93.5,8.2]]],[[[93.2,8.3],[93.2,8.2],[93.3,8.2],[93.2,8.2],[93.2,8.3]]],[[[93.1,8.4],[93.1,8.3],[93.1,8.2],[93.2,8.2],[93.1,8.2],[93.1,8.3],[93.1,8.4],[93.1,8.3],[93.1,8.4],[93.1,8.3],[93.1,8.4]]],[[[93.0,8.5],[93.1,8.5],[93.1,8.4],[93.0,8.4],[93.0,8.5]]],[[[93.6,8.6],[93.6,8.5],[93.6,8.4],[93.6,8.5],[93.6,8.6]]],[[[92.8,9.2],[92.9,9.2],[92.8,9.2],[92.8,9.1],[92.7,9.1],[92.7,9.2],[92.8,9.2],[92.8,9.3],[92.8,9.2]]]]}},{"type":"Feature","properties":{"NAME_1":"Andhra Pradesh","NAME_2":"Adilabad","NAME_0":"India"},"geometry":{"type":"Polygon","coordinates":[[[78.3,19.9],[78.4,19.9],[78.4,19.8],[78.5,19.8],[78.6,19.8],[78.7,19.8],[78.8,19.8],[78.9,19.7],[79.0,19.7],[79.0,19.6],[78.9,19.6],[79.0,19.6],[79.0,19.5],[79.0,19.6],[79.0,19.5],[79.1,19.5],[79.2,19.5],[79.2,19.6],[79.3,19.6],[79.2,19.6],[79.3,19.6],[79.4,19.6],[79.4,19.5],[79.5,19.5],[79.6,19.5],[79.6,19.6],[79.7,19.6],[79.8,19.6],[79.8,19.5],[79.9,19.5],[79.9,19.4],[80.0,19.4],[80.0,19.3],[79.9,19.3],[79.9,19.2],[79.9,19.1],[79.9,19.0],[79.9,18.9],[79.9,18.8],[79.9,18.9],[79.8,18.9],[79.8,18.8],[79.8,18.7],[79.7,18.7],[79.6,18.7],[79.6,18.8],[79.5,18.8],[79.4,18.8],[79.4,18.9],[79.4,18.8],[79.3,18.8],[79.3,18.9],[79.2,18.9],[79.1,18.9],[79.1,19.0],[79.0,19.0],[79.0,19.1],[78.9,19.1],[78.9,19.0],[78.8,19.1],[78.8,19.0],[78.7,19.0],[78.6,19.0],[78.5,19.0],[78.5,18.9],[78.5,19.0],[78.4,19.0],[78.3,19.0],[78.3,18.9],[78.3,19.0],[78.2,19.0],[78.1,19.0],[78.1,18.9],[78.0,18.9],[77.9,18.8],[77.9,18.9],[77.8,18.9],[77.9,19.0],[77.8,19.0],[77.8,18.9],[77.8,19.0],[77.8,19.1],[77.8,19.2],[77.9,19.2],[77.8,19.2],[77.9,19.2],[77.9,19.3],[78.0,19.3],[78.0,19.2],[78.1,19.2],[78.1,19.3],[78.1,19.2],[78.2,19.2],[78.2,19.3],[78.2,19.4],[78.3,19.4],[78.3,19.5],[78.3,19.4],[78.3,19.5],[78.3,19.6],[78.3,19.7],[78.4,19.7],[78.4,19.8],[78.3,19.8],[78.3,19.9]]]}},{"type":"Feature","properties":{"NAME_1":"Andhra Pradesh","NAME_2":"Anantapur","NAME_0":"India"},"geometry":{"type":"Polygon","coordinates":[[[77.7,15.2],[77.7,15.1],[77.8,15.1],[77.9,15.1],[77.9,15.2],[77.9,15.1],[78.0,15.1],[78.0,15.0],[78.0,15.1],[78.0,15.0],[78.1,15.0],[78.1,14.9],[78.1,14.8],[78.0,14.8],[78.1,14.8],[78.1,14.7],[78.1,14.6],[78.0,14.6],[78.0,14.5],[78.0,14.6],[77.9,14.6],[78.0,14.5],[78.0,14.4],[78.1,14.4],[78.2,14.4],[78.2,14.3],[78.3,14.3],[78.4,14.3],[78.4,14.2],[78.4,14.1],[78.5,14.1],[78.4,14.1],[78.4,14.0],[78.5,14.0],[78.4,14.0],[78.4,13.9],[78.3,13.9],[78.3,13.8],[78.2,13.8],[78.3,13.8],[78.2,13.8],[78.1,13.8],[78.1,13.9],[78.0,13.9],[78.0,13.8],[77.9,13.8],[77.9,13.9],[78.0,13.9],[78.0,14.0],[78.0,13.9],[77.9,13.9],[77.8,13.9],[77.8,13.8],[77.7,13.8],[77.7,13.7],[77.7,13.8],[77.6,13.8],[77.6,13.7],[77.5,13.7],[77.4,13.7],[77.5,13.7],[77.5,13.8],[77.4,13.8],[77.3,13.8],[77.3,13.9],[77.3,13.8],[77.3,13.9],[77.2,13.9],[77.1,13.9],[77.1,13.8],[77.2,13.8],[77.1,13.8],[77.1,13.7],[77.0,13.8],[77.0,13.7],[77.0,13.8],[77.0,13.9],[77.0,14.0],[76.9,14.0],[77.0,14.1],[76.9,14.1],[76.9,14.2],[77.0,14.2],[77.0,14.1],[77.1,14.0],[77.2,14.0],[77.3,14.0],[77.4,14.0],[77.3,14.0],[77.4,13.9],[77.3,13.9],[77.4,13.9],[77.4,14.0],[77.3,14.0],[77.3,14.1],[77.4,14.1],[77.3,14.1],[77.4,14.1],[77.4,14.2],[77.5,14.2],[77.5,14.3],[77.4,14.3],[77.4,14.2],[77.4,14.3],[77.3,14.3],[77.2,14.3],[77.1,14.3],[77.1,14.2],[77.0,14.2],[76.9,14.2],[76.9,14.3],[77.0,14.3],[76.9,14.3],[76.9,14.4],[77.0,14.4],[77.0,14.5],[76.9,14.5],[76.8,14.5],[76.8,14.6],[76.8,14.7],[76.8,14.8],[76.9,14.9],[76.8,14.9],[76.9,14.9],[76.9,15.0],[76.8,15.0],[76.8,15.1],[76.9,15.1],[76.9,15.0],[77.0,15.0],[77.1,15.0],[77.1,15.1],[77.2,15.1],[77.2,15.2],[77.2,15.1],[77.3,15.1],[77.3,15.2],[77.4,15.2],[77.5,15.2],[77.6,15.2],[77.7,15.2]]]}},{"type":"Feature","properties":{"NAME_1":"Andhra Pradesh","NAME_2":"Chittoor","NAME_0":"India"},"geometry":{"type":"Polygon","coordinates":[[[78.5,13.9],[78.5,14.0],[78.6,14.0],[78.6,13.9],[78.7,13.9],[78.7,13.8],[78.8,13.8],[78.8,13.9],[78.9,13.9],[79.0,13.9],[79.1,13.9],[79.1,13.8],[79.2,13.8],[79.2,13.7],[79.3,13.7],[79.4,13.7],[79.4,13.8],[79.5,13.8],[79.4,13.8],[79.4,13.9],[79.5,13.9],[79.6,13.9],[79.6,13.8],[79.7,13.8],[79.7,13.9],[79.7,13.8],[79.8,13.8],[79.8,13.9],[79.8,13.8],[79.8,13.9],[79.9,13.9],[79.9,13.8],[79.8,13.8],[79.8,13.7],[79.9,13.7],[80.0,13.7],[79.9,13.7],[80.0,13.6],[80.0,13.5],[80.0,13.4],[79.9,13.4],[80.0,13.4],[79.9,13.4],[79.9,13.3],[79.8,13.3],[79.7,13.3],[79.7,13.2],[79.8,13.2],[79.7,13.2],[79.7,13.3],[79.6,13.3],[79.6,13.2],[79.6,13.3],[79.5,13.3],[79.4,13.3],[79.4,13.2],[79.3,13.2],[79.3,13.1],[79.4,13.1],[79.3,13.1],[79.2,13.1],[79.2,13.0],[79.1,13.0],[79.0,13.0],[79.0,13.1],[78.9,13.1],[78.9,13.0],[78.9,13.1],[78.8,13.1],[78.8,13.0],[78.7,13.0],[78.7,13.1],[78.7,13.0],[78.6,13.0],[78.6,12.9],[78.6,12.8],[78.6,12.7],[78.5,12.7],[78.6,12.7],[78.5,12.7],[78.6,12.7],[78.5,12.7],[78.6,12.7],[78.5,12.7],[78.5,12.6],[78.4,12.6],[78.3,12.6],[78.3,12.7],[78.2,12.7],[78.2,12.8],[78.2,12.9],[78.2,12.8],[78.3,12.8],[78.3,12.9],[78.3,12.8],[78.3,12.9],[78.4,12.9],[78.5,12.9],[78.4,12.9],[78.4,13.0],[78.5,13.0],[78.4,13.0],[78.5,13.0],[78.5,13.1],[78.5,13.2],[78.6,13.2],[78.5,13.2],[78.6,13.2],[78.6,13.3],[78.5,13.3],[78.4,13.3],[78.4,13.4],[78.4,13.5],[78.4,13.6],[78.3,13.6],[78.2,13.6],[78.1,13.6],[78.1,13.7],[78.1,13.8],[78.2,13.8],[78.3,13.8],[78.2,13.8],[78.3,13.8],[78.3,13.9],[78.4,13.9],[78.4,14.0],[78.5,14.0],[78.5,13.9]]]}},{"type":"Feature","properties":{"NAME_1":"Andhra Pradesh","NAME_2":"Cuddapah","NAME_0":"India"},"geometry":{"type":"Polygon","coordinates":[[[78.9,15.2],[79.0,15.2],[79.1,15.2],[79.0,15.1],[79.1,15.1],[79.1,15.0],[79.1,14.9],[79.1,14.8],[79.2,14.8],[79.2,14.7],[79.2,14.6],[79.2,14.5],[79.3,14.5],[79.3,14.4],[79.4,14.4],[79.4,14.3],[79.4,14.2],[79.4,14.1],[79.4,14.0],[79.4,13.9],[79.4,13.8],[79.5,13.8],[79.4,13.8],[79.4,13.7],[79.3,13.7],[79.2,13.7],[79.2,13.8],[79.1,13.8],[79.1,13.9],[79.0,13.9],[78.9,13.9],[78.8,13.9],[78.8,13.8],[78.7,13.8],[78.7,13.9],[78.6,13.9],[78.6,14.0],[78.5,14.0],[78.5,13.9],[78.5,14.0],[78.4,14.0],[78.4,14.1],[78.5,14.1],[78.4,14.1],[78.4,14.2],[78.4,14.3],[78.3,14.3],[78.2,14.3],[78.2,14.4],[78.1,14.4],[78.0,14.4],[78.0,14.5],[77.9,14.6],[78.0,14.6],[78.0,14.5],[78.0,14.6],[78.1,14.6],[78.1,14.7],[78.1,14.8],[78.0,14.8],[78.1,14.8],[78.1,14.9],[78.2,14.9],[78.2,15.0],[78.2,14.9],[78.2,15.0],[78.3,15.0],[78.3,15.1],[78.4,15.1],[78.4,15.0],[78.3,15.0],[78.4,15.0],[78.5,15.0],[78.5,15.1],[78.5,15.0],[78.5,14.9],[78.5,15.0],[78.5,14.9],[78.6,14.9],[78.7,14.9],[78.7,15.0],[78.8,15.0],[78.8,15.1],[78.8,15.2],[78.9,15.2]]]}},{"type":"Feature","properties":{"NAME_1":"Andhra Pradesh","NAME_2":"East Godavari","NAME_0":"India"},"geometry":{"type":"MultiPolygon","coordinates":[[[[82.3,16.7],[82.4,16.7],[82.3,16.7],[82.4,16.7],[82.3,16.7],[82.3,16.6],[82.3,16.7],[82.3,16.6],[82.3,16.7]]],[[[82.3,16.7],[82.2,16.7],[82.2,16.8],[82.2,16.7],[82.3,16.7],[82.3,16.6],[82.3,16.5],[82.2,16.5],[82.1,16.5],[82.0,16.5],[82.0,16.4],[81.9,16.4],[81.8,16.4],[81.8,16.3],[81.7,16.3],[81.7,16.4],[81.7,16.5],[81.7,16.4],[81.8,16.4],[81.8,16.5],[81.9,16.5],[81.9,16.6],[81.8,16.6],[81.8,16.7],[81.8,16.8],[81.7,16.8],[81.7,16.9],[81.7,17.0],[81.7,17.1],[81.7,17.2],[81.6,17.2],[81.6,17.3],[81.6,17.4],[81.5,17.5],[81.5,17.6],[81.5,17.7],[81.6,17.7],[81.6,17.8],[81.7,17.8],[81.8,17.8],[81.8,17.9],[81.8,18.0],[81.9,18.0],[82.0,18.0],[82.0,17.9],[82.0,17.8],[81.9,17.8],[81.9,17.7],[82.0,17.7],[82.0,17.8],[82.0,17.7],[82.0,17.6],[82.1,17.6],[82.2,17.6],[82.3,17.6],[82.3,17.5],[82.4,17.5],[82.5,17.5],[82.6,17.5],[82.6,17.4],[82.5,17.4],[82.6,17.4],[82.6,17.3],[82.5,17.3],[82.5,17.2],[82.4,17.2],[82.4,17.1],[82.3,17.1],[82.3,17.0],[82.3,16.9],[82.2,16.9],[82.3,16.9],[82.2,16.9],[82.3,16.9],[82.2,16.9],[82.3,16.9],[82.3,16.8],[82.3,16.9],[82.4,16.9],[82.4,17.0],[82.3,17.0],[82.4,17.0],[82.4,16.9],[82.4,16.8],[82.3,16.8],[82.4,16.8],[82.3,16.8],[82.3,16.7]]]]}},{"type":"Feature","properties":{"NAME_1":"Andhra Pradesh","NAME_2":"Guntur","NAME_0":"India"},"geometry":{"type":"MultiPolygon","coordinates":[[[[80.2,16.6],[80.3,16.6],[80.4,16.6],[80.5,16.6],[80.6,16.5],[80.7,16.5],[80.7,16.4],[80.7,16.3],[80.8,16.3],[80.8,16.2],[80.9,16.1],[80.9,16.0],[80.9,15.9],[80.9,15.8],[80.8,15.8],[80.8,15.7],[80.8,15.8],[80.8,15.7],[80.8,15.8],[80.8,15.9],[80.7,15.9],[80.6,15.9],[80.5,15.9],[80.5,15.8],[80.4,15.8],[80.4,15.9],[80.5,15.9],[80.4,15.9],[80.4,16.0],[80.3,16.0],[80.2,16.0],[80.1,16.0],[80.1,16.1],[80.0,16.1],[79.9,16.1],[79.9,16.2],[79.9,16.1],[79.9,16.0],[79.9,15.9],[79.8,15.9],[79.8,15.8],[79.7,15.8],[79.7,15.9],[79.6,15.9],[79.6,16.0],[79.6,16.1],[79.5,16.1],[79.6,16.2],[79.6,16.3],[79.5,16.3],[79.4,16.3],[79.4,16.2],[79.3,16.2],[79.2,16.2],[79.2,16.3],[79.2,16.4],[79.2,16.5],[79.3,16.5],[79.3,16.6],[79.4,16.6],[79.5,16.6],[79.6,16.6],[79.6,16.7],[79.7,16.7],[79.8,16.7],[79.9,16.7],[79.9,16.6],[80.0,16.6],[80.0,16.7],[80.1,16.8],[80.1,16.7],[80.1,16.6],[80.2,16.6]]]]}},{"type":"Feature","properties":{"NAME_1":"Andhra Pradesh","NAME_2":"Hyderabad","NAME_0":"India"},"geometry":{"type":"Polygon","coordinates":[[[78.5,17.5],[78.5,17.4],[78.5,17.5],[78.5,17.4],[78.5,17.3],[78.4,17.3],[78.4,17.4],[78.5,17.4],[78.5,17.5]]]}},{"type":"Feature","properties":{"NAME_1":"Andhra Pradesh","NAME_2":"Karimnagar","NAME_0":"India"},"geometry":{"type":"Polygon","coordinates":[[[79.1,19.0],[79.1,18.9],[79.2,18.9],[79.3,18.9],[79.3,18.8],[79.4,18.8],[79.4,18.9],[79.4,18.8],[79.5,18.8],[79.6,18.8],[79.6,18.7],[79.7,18.7],[79.8,18.7],[79.8,18.8],[79.8,18.9],[79.9,18.9],[79.9,18.8],[80.0,18.8],[80.0,18.7],[80.1,18.7],[80.2,18.7],[80.3,18.7],[80.3,18.6],[80.2,18.6],[80.2,18.5],[80.2,18.4],[80.2,18.3],[80.1,18.4],[80.0,18.4],[80.1,18.4],[80.1,18.5],[80.0,18.5],[80.1,18.5],[80.0,18.5],[79.9,18.5],[79.9,18.4],[79.9,18.5],[79.8,18.5],[79.8,18.4],[79.8,18.5],[79.7,18.5],[79.6,18.5],[79.6,18.4],[79.6,18.3],[79.6,18.2],[79.6,18.1],[79.5,18.1],[79.4,18.1],[79.4,18.0],[79.3,18.0],[79.2,18.0],[79.1,18.0],[79.1,18.1],[79.0,18.1],[79.0,18.2],[79.0,18.3],[78.9,18.3],[78.9,18.2],[78.8,18.2],[78.8,18.3],[78.8,18.2],[78.7,18.2],[78.6,18.2],[78.6,18.3],[78.5,18.3],[78.5,18.4],[78.6,18.4],[78.5,18.4],[78.5,18.5],[78.6,18.5],[78.6,18.6],[78.7,18.6],[78.6,18.7],[78.6,18.8],[78.5,18.8],[78.5,18.9],[78.5,19.0],[78.6,19.0],[78.7,19.0],[78.8,19.0],[78.8,19.1],[78.9,19.0],[78.9,19.1],[79.0,19.1],[79.0,19.0],[79.1,19.0]]]}},{"type":"Feature","properties":{"NAME_1":"Andhra Pradesh","NAME_2":"Khammam","NAME_0":"India"},"geometry":{"type":"Polygon","coordinates":[[[80.5,18.6],[80.6,18.6],[80.6,18.5],[80.7,18.5],[80.7,18.4],[80.7,18.3],[80.8,18.3],[80.8,18.2],[80.7,18.2],[80.8,18.2],[80.9,18.2],[80.8,18.2],[80.9,18.2],[80.9,18.1],[80.9,18.2],[81.0,18.2],[81.0,18.1],[80.9,18.1],[81.0,18.1],[81.0,18.0],[81.0,17.9],[81.0,17.8],[81.1,17.8],[81.2,17.9],[81.2,17.8],[81.3,17.8],[81.4,17.8],[81.5,17.8],[81.6,17.8],[81.6,17.9],[81.7,17.9],[81.8,17.9],[81.8,17.8],[81.7,17.8],[81.6,17.8],[81.6,17.7],[81.5,17.7],[81.5,17.6],[81.5,17.5],[81.5,17.4],[81.4,17.4],[81.3,17.4],[81.3,17.3],[81.2,17.3],[81.2,17.2],[81.1,17.2],[81.0,17.2],[80.9,17.2],[80.9,17.1],[80.9,17.0],[80.8,17.0],[80.8,17.1],[80.7,17.1],[80.6,17.1],[80.7,17.1],[80.6,17.1],[80.5,17.1],[80.5,17.0],[80.4,17.0],[80.4,17.1],[80.4,17.0],[80.4,16.9],[80.5,16.9],[80.5,17.0],[80.6,16.9],[80.6,16.8],[80.5,16.8],[80.4,16.8],[80.4,16.9],[80.3,16.9],[80.3,17.0],[80.2,17.0],[80.1,17.0],[80.0,17.0],[80.1,17.0],[80.0,17.0],[80.0,17.1],[79.9,17.1],[79.9,17.2],[79.9,17.3],[79.8,17.3],[79.9,17.3],[79.9,17.4],[79.9,17.3],[79.9,17.4],[80.0,17.4],[80.0,17.3],[80.1,17.3],[80.1,17.4],[80.2,17.4],[80.1,17.4],[80.1,17.5],[80.1,17.6],[80.0,17.6],[80.1,17.6],[80.1,17.7],[80.0,17.7],[80.1,17.7],[80.2,17.7],[80.3,17.7],[80.3,17.8],[80.2,17.8],[80.3,17.9],[80.3,18.0],[80.4,18.1],[80.5,18.1],[80.4,18.1],[80.5,18.1],[80.6,18.1],[80.7,18.1],[80.6,18.1],[80.6,18.2],[80.6,18.1],[80.7,18.1],[80.7,18.2],[80.6,18.2],[80.5,18.3],[80.5,18.4],[80.4,18.5],[80.4,18.6],[80.5,18.6]]]}},{"type":"Feature","properties":{"NAME_1":"Andhra Pradesh","NAME_2":"Krishna","NAME_0":"India"},"geometry":{"type":"MultiPolygon","coordinates":[[[[80.6,17.1],[80.7,17.1],[80.6,17.1],[80.7,17.1],[80.8,17.1],[80.8,17.0],[80.9,17.0],[80.9,17.1],[81.0,17.0],[80.9,17.0],[80.9,16.9],[81.0,16.9],[81.0,16.8],[81.0,16.7],[81.0,16.6],[81.0,16.7],[80.9,16.7],[81.0,16.6],[81.0,16.5],[81.0,16.6],[81.1,16.6],[81.2,16.6],[81.3,16.6],[81.3,16.7],[81.3,16.6],[81.3,16.5],[81.4,16.5],[81.4,16.4],[81.5,16.4],[81.6,16.4],[81.6,16.3],[81.6,16.4],[81.5,16.4],[81.4,16.4],[81.4,16.3],[81.4,16.4],[81.4,16.3],[81.4,16.4],[81.4,16.3],[81.3,16.3],[81.4,16.3],[81.4,16.4],[81.4,16.3],[81.3,16.3],[81.2,16.3],[81.2,16.2],[81.2,16.1],[81.2,16.0],[81.1,16.0],[81.1,15.9],[81.0,15.9],[81.0,15.8],[81.0,15.7],[80.9,15.7],[80.8,15.7],[80.8,15.8],[80.9,15.8],[80.9,15.9],[80.9,16.0],[80.9,16.1],[80.8,16.2],[80.8,16.3],[80.7,16.3],[80.7,16.4],[80.7,16.5],[80.6,16.5],[80.5,16.6],[80.4,16.6],[80.3,16.6],[80.2,16.6],[80.1,16.6],[80.1,16.7],[80.1,16.8],[80.0,16.8],[80.0,16.9],[80.0,17.0],[80.1,17.0],[80.2,17.0],[80.3,17.0],[80.3,16.9],[80.4,16.9],[80.4,16.8],[80.5,16.8],[80.6,16.8],[80.6,16.9],[80.5,17.0],[80.5,16.9],[80.4,16.9],[80.4,17.0],[80.4,17.1],[80.4,17.0],[80.5,17.0],[80.5,17.1],[80.6,17.1]]]]}},{"type":"Feature","properties":{"NAME_1":"Andhra Pradesh","NAME_2":"Kurnool","NAME_0":"India"},"geometry":{"type":"Polygon","coordinates":[[[78.9,16.1],[78.9,16.0],[78.9,15.9],[78.8,15.9],[78.8,15.8],[78.8,15.7],[78.8,15.6],[78.8,15.5],[78.8,15.4],[78.7,15.4],[78.7,15.3],[78.7,15.2],[78.8,15.2],[78.8,15.1],[78.8,15.0],[78.7,15.0],[78.7,14.9],[78.6,14.9],[78.5,14.9],[78.5,15.0],[78.5,14.9],[78.5,15.0],[78.5,15.1],[78.5,15.0],[78.4,15.0],[78.3,15.0],[78.4,15.0],[78.4,15.1],[78.3,15.1],[78.3,15.0],[78.2,15.0],[78.2,14.9],[78.2,15.0],[78.2,14.9],[78.1,14.9],[78.1,15.0],[78.0,15.0],[78.0,15.1],[78.0,15.0],[78.0,15.1],[77.9,15.1],[77.9,15.2],[77.9,15.1],[77.8,15.1],[77.7,15.1],[77.7,15.2],[77.6,15.2],[77.5,15.2],[77.4,15.2],[77.3,15.2],[77.3,15.1],[77.2,15.1],[77.2,15.2],[77.2,15.1],[77.1,15.1],[77.1,15.2],[77.2,15.1],[77.2,15.2],[77.1,15.2],[77.1,15.3],[77.2,15.3],[77.1,15.3],[77.0,15.4],[77.0,15.5],[77.0,15.6],[77.1,15.6],[77.1,15.7],[77.1,15.6],[77.1,15.7],[77.0,15.7],[77.0,15.8],[77.1,15.8],[77.0,15.8],[77.1,15.8],[77.0,15.8],[77.0,15.9],[77.1,15.9],[77.2,15.9],[77.2,16.0],[77.2,15.9],[77.2,16.0],[77.3,16.0],[77.3,15.9],[77.3,16.0],[77.3,15.9],[77.4,15.9],[77.5,15.9],[77.6,15.9],[77.7,15.9],[77.8,15.9],[77.9,15.9],[78.0,15.9],[78.1,15.9],[78.1,15.8],[78.1,15.9],[78.1,15.8],[78.2,15.8],[78.2,15.9],[78.2,16.0],[78.3,16.0],[78.3,16.1],[78.4,16.1],[78.5,16.1],[78.6,16.1],[78.7,16.1],[78.7,16.0],[78.8,16.0],[78.8,16.1],[78.8,16.2],[78.9,16.2],[78.9,16.1]]]}},{"type":"Feature","properties":{"NAME_1":"Andhra Pradesh","NAME_2":"Mahbubnagar","NAME_0":"India"},"geometry":{"type":"Polygon","coordinates":[[[77.8,17.2],[77.8,17.1],[77.8,17.0],[77.7,17.0],[77.7,16.9],[77.8,16.9],[77.9,16.9],[77.9,16.8],[77.9,16.9],[77.9,16.8],[77.9,16.9],[78.0,16.9],[78.0,16.8],[78.0,16.9],[78.0,17.0],[77.9,17.0],[77.9,17.1],[78.0,17.1],[78.0,17.2],[78.1,17.2],[78.1,17.1],[78.2,17.1],[78.2,17.2],[78.3,17.2],[78.3,17.1],[78.4,17.1],[78.3,17.1],[78.4,17.1],[78.4,17.0],[78.5,17.0],[78.6,17.0],[78.6,16.9],[78.6,17.0],[78.7,16.9],[78.7,16.8],[78.8,16.9],[78.8,16.8],[78.8,16.7],[78.7,16.7],[78.7,16.6],[78.7,16.5],[78.7,16.6],[78.7,16.5],[78.6,16.5],[78.7,16.5],[78.8,16.5],[78.9,16.5],[79.0,16.5],[79.1,16.5],[79.1,16.4],[79.2,16.4],[79.2,16.3],[79.2,16.2],[79.1,16.2],[79.0,16.2],[78.9,16.2],[78.9,16.1],[78.9,16.2],[78.8,16.2],[78.8,16.1],[78.8,16.0],[78.7,16.0],[78.7,16.1],[78.6,16.1],[78.5,16.1],[78.4,16.1],[78.3,16.1],[78.3,16.0],[78.2,16.0],[78.2,15.9],[78.2,15.8],[78.1,15.8],[78.1,15.9],[78.1,15.8],[78.1,15.9],[78.0,15.9],[77.9,15.9],[77.8,15.9],[77.7,15.9],[77.6,15.9],[77.5,15.9],[77.5,16.0],[77.5,16.1],[77.5,16.2],[77.5,16.3],[77.6,16.3],[77.5,16.3],[77.5,16.4],[77.4,16.4],[77.3,16.4],[77.3,16.5],[77.2,16.5],[77.3,16.5],[77.4,16.5],[77.4,16.6],[77.5,16.6],[77.4,16.6],[77.4,16.7],[77.5,16.7],[77.4,16.7],[77.4,16.8],[77.5,16.8],[77.5,16.9],[77.5,17.0],[77.5,17.1],[77.5,17.2],[77.5,17.1],[77.6,17.1],[77.6,17.2],[77.7,17.2],[77.8,17.2]]]}},{"type":"Feature","properties":{"NAME_1":"Andhra Pradesh","NAME_2":"Medak","NAME_0":"India"},"geometry":{"type":"Polygon","coordinates":[[[77.7,18.3],[77.7,18.2],[77.8,18.2],[77.9,18.2],[77.9,18.1],[77.9,18.2],[77.9,18.1],[78.0,18.1],[78.1,18.1],[78.2,18.1],[78.2,18.2],[78.3,18.1],[78.3,18.2],[78.4,18.2],[78.4,18.1],[78.4,18.2],[78.4,18.1],[78.5,18.1],[78.5,18.2],[78.6,18.2],[78.7,18.2],[78.8,18.2],[78.8,18.3],[78.8,18.2],[78.9,18.2],[78.9,18.3],[79.0,18.3],[79.0,18.2],[79.0,18.1],[79.1,18.1],[79.1,18.0],[79.0,18.0],[78.9,18.0],[79.0,18.0],[78.9,18.0],[78.9,17.9],[78.8,17.9],[78.9,17.9],[78.9,17.8],[78.9,17.7],[78.8,17.7],[78.7,17.7],[78.6,17.7],[78.5,17.7],[78.4,17.7],[78.4,17.6],[78.3,17.5],[78.3,17.4],[78.2,17.4],[78.2,17.5],[78.1,17.5],[78.0,17.5],[78.1,17.5],[78.0,17.5],[77.9,17.5],[77.9,17.6],[77.8,17.6],[77.7,17.6],[77.8,17.6],[77.7,17.5],[77.6,17.5],[77.6,17.6],[77.5,17.5],[77.5,17.6],[77.5,17.5],[77.5,17.6],[77.4,17.6],[77.5,17.6],[77.4,17.6],[77.4,17.7],[77.5,17.7],[77.6,17.7],[77.6,17.8],[77.5,17.8],[77.6,17.8],[77.6,17.9],[77.6,18.0],[77.6,17.9],[77.6,18.0],[77.7,18.0],[77.6,18.0],[77.5,18.0],[77.5,18.1],[77.6,18.1],[77.6,18.2],[77.6,18.3],[77.7,18.3]]]}},{"type":"Feature","properties":{"NAME_1":"Andhra Pradesh","NAME_2":"Nalgonda","NAME_0":"India"},"geometry":{"type":"Polygon","coordinates":[[[78.9,17.8],[79.0,17.8],[79.0,17.7],[79.1,17.7],[79.1,17.6],[79.2,17.6],[79.3,17.6],[79.3,17.5],[79.3,17.6],[79.3,17.5],[79.4,17.5],[79.5,17.5],[79.6,17.5],[79.7,17.5],[79.7,17.4],[79.8,17.4],[79.8,17.3],[79.9,17.3],[79.9,17.2],[79.9,17.1],[80.0,17.1],[80.0,17.0],[80.1,17.0],[80.0,17.0],[80.0,16.9],[80.0,16.8],[80.1,16.8],[80.0,16.7],[80.0,16.6],[79.9,16.6],[79.9,16.7],[79.8,16.7],[79.7,16.7],[79.6,16.7],[79.6,16.6],[79.5,16.6],[79.4,16.6],[79.3,16.6],[79.3,16.5],[79.2,16.5],[79.2,16.4],[79.1,16.4],[79.1,16.5],[79.0,16.5],[78.9,16.5],[78.8,16.5],[78.7,16.5],[78.6,16.5],[78.7,16.5],[78.7,16.6],[78.7,16.5],[78.7,16.6],[78.7,16.7],[78.8,16.7],[78.8,16.8],[78.8,16.9],[78.7,16.8],[78.7,16.9],[78.7,17.0],[78.8,17.0],[78.8,17.1],[78.8,17.2],[78.8,17.3],[78.7,17.3],[78.8,17.3],[78.7,17.3],[78.8,17.3],[78.7,17.3],[78.8,17.3],[78.7,17.4],[78.8,17.4],[78.7,17.4],[78.7,17.5],[78.7,17.6],[78.7,17.7],[78.8,17.7],[78.9,17.7],[78.9,17.8]]]}},{"type":"Feature","properties":{"NAME_1":"Andhra Pradesh","NAME_2":"Nellore","NAME_0":"India"},"geometry":{"type":"MultiPolygon","coordinates":[[[[80.1,13.6],[80.2,13.6],[80.1,13.6],[80.1,13.5],[80.1,13.6],[80.2,13.6],[80.1,13.6]]],[[[79.3,15.1],[79.4,15.1],[79.4,15.0],[79.5,15.1],[79.5,15.0],[79.6,15.0],[79.7,15.0],[79.8,15.0],[79.8,15.1],[79.8,15.0],[79.8,14.9],[79.9,14.9],[79.9,15.0],[80.0,15.0],[80.1,15.0],[80.1,14.9],[80.1,14.8],[80.1,14.7],[80.2,14.7],[80.2,14.6],[80.2,14.5],[80.2,14.4],[80.2,14.3],[80.1,14.3],[80.1,14.2],[80.1,14.1],[80.1,14.0],[80.2,14.0],[80.1,14.0],[80.2,14.0],[80.2,13.9],[80.2,13.8],[80.3,13.8],[80.2,13.8],[80.2,13.7],[80.2,13.6],[80.3,13.6],[80.3,13.5],[80.3,13.4],[80.3,13.5],[80.3,13.6],[80.2,13.6],[80.3,13.6],[80.2,13.6],[80.2,13.7],[80.1,13.7],[80.1,13.6],[80.1,13.7],[80.1,13.6],[80.1,13.7],[80.1,13.6],[80.1,13.5],[80.2,13.5],[80.3,13.5],[80.3,13.4],[80.3,13.5],[80.2,13.5],[80.1,13.5],[80.0,13.5],[80.0,13.6],[79.9,13.7],[80.0,13.7],[79.9,13.7],[79.8,13.7],[79.8,13.8],[79.9,13.8],[79.9,13.9],[79.8,13.9],[79.8,13.8],[79.8,13.9],[79.8,13.8],[79.7,13.8],[79.7,13.9],[79.7,13.8],[79.6,13.8],[79.6,13.9],[79.5,13.9],[79.4,13.9],[79.4,14.0],[79.4,14.1],[79.4,14.2],[79.4,14.3],[79.4,14.4],[79.3,14.4],[79.3,14.5],[79.2,14.5],[79.2,14.6],[79.2,14.7],[79.2,14.8],[79.1,14.8],[79.1,14.9],[79.1,15.0],[79.1,15.1],[79.2,15.1],[79.3,15.1]]]]}},{"type":"Feature","properties":{"NAME_1":"Andhra Pradesh","NAME_2":"Nizamabad","NAME_0":"India"},"geometry":{"type":"Polygon","coordinates":[[[78.3,18.9],[78.3,19.0],[78.4,19.0],[78.5,19.0],[78.5,18.9],[78.5,18.8],[78.6,18.8],[78.6,18.7],[78.7,18.6],[78.6,18.6],[78.6,18.5],[78.5,18.5],[78.5,18.4],[78.6,18.4],[78.5,18.4],[78.5,18.3],[78.6,18.3],[78.6,18.2],[78.5,18.2],[78.5,18.1],[78.4,18.1],[78.4,18.2],[78.4,18.1],[78.4,18.2],[78.3,18.2],[78.3,18.1],[78.2,18.2],[78.2,18.1],[78.1,18.1],[78.0,18.1],[77.9,18.1],[77.9,18.2],[77.9,18.1],[77.9,18.2],[77.8,18.2],[77.7,18.2],[77.7,18.3],[77.6,18.3],[77.5,18.3],[77.6,18.3],[77.5,18.3],[77.5,18.4],[77.6,18.4],[77.5,18.4],[77.6,18.4],[77.6,18.5],[77.5,18.5],[77.6,18.5],[77.6,18.6],[77.6,18.5],[77.6,18.6],[77.6,18.5],[77.7,18.5],[77.6,18.5],[77.7,18.5],[77.7,18.6],[77.7,18.7],[77.8,18.7],[77.8,18.8],[77.9,18.8],[78.0,18.9],[78.1,18.9],[78.1,19.0],[78.2,19.0],[78.3,19.0],[78.3,18.9]]]}},{"type":"Feature","properties":{"NAME_1":"Andhra Pradesh","NAME_2":"Prakasam","NAME_0":"India"},"geometry":{"type":"MultiPolygon","coordinates":[[[[79.5,16.3],[79.6,16.3],[79.6,16.2],[79.5,16.1],[79.6,16.1],[79.6,16.0],[79.6,15.9],[79.7,15.9],[79.7,15.8],[79.8,15.8],[79.8,15.9],[79.9,15.9],[79.9,16.0],[79.9,16.1],[79.9,16.2],[79.9,16.1],[80.0,16.1],[80.1,16.1],[80.1,16.0],[80.2,16.0],[80.3,16.0],[80.4,16.0],[80.4,15.9],[80.5,15.9],[80.4,15.9],[80.4,15.8],[80.3,15.8],[80.3,15.7],[80.3,15.6],[80.2,15.6],[80.2,15.5],[80.2,15.4],[80.1,15.4],[80.1,15.3],[80.1,15.2],[80.0,15.2],[80.1,15.2],[80.1,15.1],[80.0,15.1],[80.0,15.0],[80.1,15.0],[80.0,15.0],[79.9,15.0],[79.9,14.9],[79.8,14.9],[79.8,15.0],[79.8,15.1],[79.8,15.0],[79.7,15.0],[79.6,15.0],[79.5,15.0],[79.5,15.1],[79.4,15.0],[79.4,15.1],[79.3,15.1],[79.2,15.1],[79.1,15.1],[79.1,15.0],[79.1,15.1],[79.0,15.1],[79.1,15.2],[79.0,15.2],[78.9,15.2],[78.8,15.2],[78.7,15.2],[78.7,15.3],[78.7,15.4],[78.8,15.4],[78.8,15.5],[78.8,15.6],[78.8,15.7],[78.8,15.8],[78.8,15.9],[78.9,15.9],[78.9,16.0],[78.9,16.1],[78.9,16.2],[79.0,16.2],[79.1,16.2],[79.2,16.2],[79.3,16.2],[79.4,16.2],[79.4,16.3],[79.5,16.3]]]]}},{"type":"Feature","properties":{"NAME_1":"Andhra Pradesh","NAME_2":"Rangareddi","NAME_0":"India"},"geometry":{"type":"Polygon","coordinates":[[[78.5,17.7],[78.6,17.7],[78.7,17.7],[78.7,17.6],[78.7,17.5],[78.7,17.4],[78.8,17.4],[78.7,17.4],[78.8,17.3],[78.7,17.3],[78.8,17.3],[78.7,17.3],[78.8,17.3],[78.7,17.3],[78.8,17.3],[78.8,17.2],[78.8,17.1],[78.8,17.0],[78.7,17.0],[78.7,16.9],[78.6,17.0],[78.6,16.9],[78.6,17.0],[78.5,17.0],[78.4,17.0],[78.4,17.1],[78.3,17.1],[78.4,17.1],[78.3,17.1],[78.3,17.2],[78.2,17.2],[78.2,17.1],[78.1,17.1],[78.1,17.2],[78.0,17.2],[78.0,17.1],[77.9,17.1],[77.9,17.0],[78.0,17.0],[78.0,16.9],[78.0,16.8],[78.0,16.9],[77.9,16.9],[77.9,16.8],[77.9,16.9],[77.9,16.8],[77.9,16.9],[77.8,16.9],[77.7,16.9],[77.7,17.0],[77.8,17.0],[77.8,17.1],[77.8,17.2],[77.7,17.2],[77.6,17.2],[77.6,17.1],[77.5,17.1],[77.5,17.2],[77.5,17.1],[77.4,17.1],[77.4,17.2],[77.4,17.3],[77.5,17.3],[77.4,17.3],[77.5,17.3],[77.4,17.4],[77.5,17.4],[77.6,17.4],[77.6,17.5],[77.6,17.4],[77.6,17.5],[77.7,17.5],[77.6,17.5],[77.7,17.5],[77.8,17.6],[77.7,17.6],[77.8,17.6],[77.9,17.6],[77.9,17.5],[78.0,17.5],[78.1,17.5],[78.0,17.5],[78.1,17.5],[78.2,17.5],[78.2,17.4],[78.3,17.4],[78.3,17.5],[78.4,17.6],[78.4,17.7],[78.5,17.7]],[[78.4,17.4],[78.4,17.3],[78.5,17.3],[78.5,17.4],[78.5,17.5],[78.5,17.4],[78.5,17.5],[78.5,17.4],[78.4,17.4]]]}},{"type":"Feature","properties":{"NAME_1":"Andhra Pradesh","NAME_2":"Srikakulam","NAME_0":"India"},"geometry":{"type":"Polygon","coordinates":[[[84.7,19.2],[84.7,19.1],[84.7,19.2],[84.7,19.1],[84.8,19.1],[84.7,19.1],[84.7,19.0],[84.7,18.9],[84.6,18.9],[84.6,18.8],[84.5,18.8],[84.5,18.7],[84.4,18.7],[84.4,18.6],[84.3,18.6],[84.4,18.6],[84.3,18.6],[84.3,18.5],[84.2,18.5],[84.2,18.4],[84.1,18.4],[84.1,18.3],[84.1,18.4],[84.1,18.3],[84.0,18.3],[84.0,18.2],[83.9,18.2],[83.8,18.2],[83.8,18.1],[83.7,18.1],[83.6,18.1],[83.6,18.2],[83.5,18.2],[83.6,18.2],[83.5,18.2],[83.5,18.3],[83.5,18.2],[83.5,18.3],[83.4,18.3],[83.4,18.4],[83.5,18.4],[83.6,18.4],[83.6,18.5],[83.6,18.6],[83.5,18.6],[83.5,18.5],[83.5,18.6],[83.5,18.7],[83.6,18.7],[83.6,18.8],[83.7,18.8],[83.8,18.8],[83.8,18.9],[83.7,19.0],[83.8,19.0],[83.8,18.9],[83.8,18.8],[83.9,18.8],[84.0,18.8],[84.1,18.8],[84.1,18.7],[84.1,18.8],[84.1,18.7],[84.1,18.8],[84.2,18.8],[84.3,18.8],[84.3,18.9],[84.4,18.9],[84.4,19.0],[84.5,19.0],[84.6,19.0],[84.6,19.1],[84.6,19.0],[84.6,19.1],[84.6,19.0],[84.6,19.1],[84.7,19.1],[84.6,19.1],[84.7,19.1],[84.7,19.2]]]}},{"type":"Feature","properties":{"NAME_1":"Andhra Pradesh","NAME_2":"Vishakhapatnam","NAME_0":"India"},"geometry":{"type":"MultiPolygon","coordinates":[[[[82.5,18.5],[82.5,18.4],[82.6,18.4],[82.5,18.4],[82.6,18.4],[82.6,18.3],[82.6,18.2],[82.6,18.3],[82.7,18.3],[82.8,18.3],[82.8,18.4],[82.9,18.4],[83.0,18.4],[83.1,18.4],[83.1,18.3],[83.1,18.4],[83.1,18.3],[83.2,18.3],[83.3,18.3],[83.3,18.2],[83.2,18.2],[83.1,18.2],[83.1,18.3],[83.1,18.2],[83.2,18.2],[83.1,18.2],[83.1,18.1],[83.1,18.2],[83.1,18.1],[83.0,18.1],[83.0,18.0],[83.0,17.9],[83.1,17.9],[83.1,17.8],[83.2,17.8],[83.2,17.9],[83.3,18.0],[83.4,18.0],[83.4,17.9],[83.5,17.9],[83.4,17.9],[83.4,17.8],[83.3,17.8],[83.3,17.7],[83.4,17.7],[83.3,17.7],[83.3,17.6],[83.2,17.6],[83.1,17.6],[83.1,17.5],[83.0,17.5],[82.9,17.5],[83.0,17.5],[82.9,17.5],[82.9,17.4],[82.8,17.4],[82.7,17.4],[82.7,17.3],[82.6,17.3],[82.5,17.3],[82.5,17.2],[82.5,17.3],[82.6,17.3],[82.6,17.4],[82.5,17.4],[82.6,17.4],[82.6,17.5],[82.5,17.5],[82.4,17.5],[82.3,17.5],[82.3,17.6],[82.2,17.6],[82.1,17.6],[82.0,17.6],[82.0,17.7],[82.0,17.8],[82.0,17.7],[81.9,17.7],[81.9,17.8],[82.0,17.8],[82.0,17.9],[82.0,18.0],[82.0,18.1],[82.0,18.0],[82.1,18.0],[82.1,18.1],[82.1,18.0],[82.2,18.0],[82.3,18.0],[82.3,18.1],[82.3,18.0],[82.3,18.1],[82.3,18.0],[82.3,18.1],[82.4,18.1],[82.3,18.2],[82.3,18.3],[82.4,18.3],[82.3,18.3],[82.4,18.3],[82.4,18.4],[82.4,18.5],[82.5,18.5]]]]}},{"type":"Feature","properties":{"NAME_1":"Andhra Pradesh","NAME_2":"Vizianagaram","NAME_0":"India"},"geometry":{"type":"Polygon","coordinates":[[[83.6,19.1],[83.7,19.1],[83.6,19.1],[83.7,19.1],[83.7,19.0],[83.7,18.9],[83.8,18.9],[83.8,18.8],[83.7,18.8],[83.6,18.8],[83.6,18.7],[83.5,18.7],[83.5,18.6],[83.5,18.5],[83.5,18.6],[83.6,18.6],[83.6,18.5],[83.6,18.4],[83.5,18.4],[83.4,18.4],[83.4,18.3],[83.5,18.3],[83.5,18.2],[83.5,18.3],[83.5,18.2],[83.6,18.2],[83.5,18.2],[83.6,18.2],[83.6,18.1],[83.7,18.1],[83.6,18.1],[83.6,18.0],[83.5,18.0],[83.5,17.9],[83.4,17.9],[83.4,18.0],[83.3,18.0],[83.2,17.9],[83.2,17.8],[83.1,17.8],[83.1,17.9],[83.0,17.9],[83.0,18.0],[83.0,18.1],[83.1,18.1],[83.1,18.2],[83.1,18.1],[83.1,18.2],[83.2,18.2],[83.1,18.2],[83.1,18.3],[83.1,18.2],[83.2,18.2],[83.3,18.2],[83.3,18.3],[83.2,18.3],[83.1,18.3],[83.1,18.4],[83.1,18.3],[83.1,18.4],[83.0,18.4],[83.0,18.5],[83.1,18.5],[83.0,18.5],[83.0,18.6],[83.1,18.6],[83.0,18.6],[83.1,18.7],[83.1,18.8],[83.2,18.8],[83.2,18.7],[83.2,18.8],[83.3,18.8],[83.4,18.8],[83.4,18.9],[83.3,18.9],[83.4,18.9],[83.4,19.0],[83.3,19.0],[83.3,18.9],[83.3,19.0],[83.4,19.0],[83.4,18.9],[83.5,18.9],[83.5,19.0],[83.4,19.0],[83.5,19.0],[83.5,19.1],[83.5,19.0],[83.6,19.0],[83.6,19.1],[83.5,19.1],[83.6,19.1],[83.6,19.0],[83.6,19.1],[83.6,19.2],[83.6,19.1]]]}},{"type":"Feature","properties":{"NAME_1":"Andhra Pradesh","NAME_2":"Warangal","NAME_0":"India"},"geometry":{"type":"Polygon","coordinates":[[[80.4,18.6],[80.4,18.5],[80.5,18.4],[80.5,18.3],[80.6,18.2],[80.7,18.2],[80.7,18.1],[80.6,18.1],[80.6,18.2],[80.6,18.1],[80.7,18.1],[80.6,18.1],[80.5,18.1],[80.4,18.1],[80.5,18.1],[80.4,18.1],[80.3,18.0],[80.3,17.9],[80.2,17.8],[80.3,17.8],[80.3,17.7],[80.2,17.7],[80.1,17.7],[80.0,17.7],[80.1,17.7],[80.1,17.6],[80.0,17.6],[80.1,17.6],[80.1,17.5],[80.1,17.4],[80.2,17.4],[80.1,17.4],[80.1,17.3],[80.0,17.3],[80.0,17.4],[79.9,17.4],[79.9,17.3],[79.9,17.4],[79.9,17.3],[79.8,17.3],[79.8,17.4],[79.7,17.4],[79.7,17.5],[79.6,17.5],[79.5,17.5],[79.4,17.5],[79.3,17.5],[79.3,17.6],[79.3,17.5],[79.3,17.6],[79.2,17.6],[79.1,17.6],[79.1,17.7],[79.0,17.7],[79.0,17.8],[78.9,17.8],[78.9,17.9],[78.8,17.9],[78.9,17.9],[78.9,18.0],[79.0,18.0],[78.9,18.0],[79.0,18.0],[79.1,18.0],[79.2,18.0],[79.3,18.0],[79.4,18.0],[79.4,18.1],[79.5,18.1],[79.6,18.1],[79.6,18.2],[79.6,18.3],[79.6,18.4],[79.6,18.5],[79.7,18.5],[79.8,18.5],[79.8,18.4],[79.8,18.5],[79.9,18.5],[79.9,18.4],[79.9,18.5],[80.0,18.5],[80.1,18.5],[80.0,18.5],[80.1,18.5],[80.1,18.4],[80.0,18.4],[80.1,18.4],[80.2,18.3],[80.2,18.4],[80.2,18.5],[80.2,18.6],[80.3,18.6],[80.4,18.6]]]}},{"type":"Feature","properties":{"NAME_1":"Andhra Pradesh","NAME_2":"West Godavari","NAME_0":"India"},"geometry":{"type":"Polygon","coordinates":[[[81.6,17.4],[81.6,17.3],[81.6,17.2],[81.7,17.2],[81.7,17.1],[81.7,17.0],[81.7,16.9],[81.7,16.8],[81.8,16.8],[81.8,16.7],[81.8,16.6],[81.9,16.6],[81.9,16.5],[81.8,16.5],[81.8,16.4],[81.7,16.4],[81.7,16.5],[81.7,16.4],[81.7,16.3],[81.6,16.3],[81.6,16.4],[81.5,16.4],[81.4,16.4],[81.4,16.5],[81.3,16.5],[81.3,16.6],[81.3,16.7],[81.3,16.6],[81.2,16.6],[81.1,16.6],[81.0,16.6],[81.0,16.5],[81.0,16.6],[80.9,16.7],[81.0,16.7],[81.0,16.6],[81.0,16.7],[81.0,16.8],[81.0,16.9],[80.9,16.9],[80.9,17.0],[81.0,17.0],[80.9,17.1],[80.9,17.2],[81.0,17.2],[81.1,17.2],[81.2,17.2],[81.2,17.3],[81.3,17.3],[81.3,17.4],[81.4,17.4],[81.5,17.4],[81.5,17.5],[81.6,17.4]]]}},{"type":"Feature","properties":{"NAME_1":"Arunachal Pradesh","NAME_2":"Changlang","NAME_0":"India"},"geometry":{"type":"Polygon","coordinates":[[[96.9,27.6],[96.9,27.5],[96.9,27.4],[97.0,27.4],[97.0,27.3],[97.1,27.3],[97.1,27.2],[97.2,27.2],[97.2,27.1],[97.1,27.1],[97.0,27.1],[97.0,27.2],[96.9,27.2],[96.9,27.3],[96.8,27.3],[96.8,27.4],[96.7,27.4],[96.6,27.4],[96.6,27.3],[96.5,27.3],[96.4,27.3],[96.3,27.3],[96.2,27.3],[96.2,27.2],[96.1,27.2],[96.0,27.2],[96.0,27.1],[95.9,27.1],[95.9,27.0],[95.8,27.0],[95.8,26.9],[95.7,26.9],[95.7,27.0],[95.7,27.1],[95.7,27.2],[95.6,27.2],[95.7,27.3],[95.8,27.3],[95.9,27.3],[96.0,27.3],[96.0,27.4],[95.9,27.4],[95.8,27.4],[95.9,27.4],[95.9,27.5],[95.9,27.6],[96.0,27.6],[96.1,27.6],[96.2,27.6],[96.3,27.6],[96.4,27.6],[96.4,27.7],[96.4,27.6],[96.4,27.7],[96.5,27.7],[96.5,27.6],[96.5,27.7],[96.5,27.6],[96.5,27.7],[96.5,27.6],[96.5,27.7],[96.5,27.6],[96.5,27.7],[96.6,27.7],[96.6,27.6],[96.7,27.6],[96.7,27.7],[96.7,27.6],[96.8,27.6],[96.8,27.7],[96.8,27.6],[96.9,27.6]]]}},{"type":"Feature","properties":{"NAME_1":"Arunachal Pradesh","NAME_2":"East Kameng","NAME_0":"India"},"geometry":{"type":"Polygon","coordinates":[[[93.3,27.6],[93.3,27.5],[93.3,27.4],[93.4,27.4],[93.3,27.4],[93.3,27.3],[93.2,27.3],[93.2,27.2],[93.3,27.2],[93.2,27.2],[93.2,27.1],[93.3,27.1],[93.3,27.0],[93.4,27.0],[93.3,27.0],[93.2,26.9],[93.1,26.9],[93.0,26.9],[92.9,27.0],[92.8,27.0],[92.7,27.0],[92.6,27.0],[92.6,27.1],[92.6,27.2],[92.6,27.1],[92.6,27.2],[92.7,27.2],[92.8,27.2],[92.9,27.2],[92.9,27.3],[92.8,27.3],[92.8,27.4],[92.8,27.5],[92.8,27.6],[92.7,27.6],[92.7,27.5],[92.6,27.5],[92.6,27.6],[92.7,27.6],[92.8,27.6],[92.9,27.6],[93.0,27.6],[93.1,27.7],[93.1,27.6],[93.1,27.7],[93.2,27.7],[93.2,27.6],[93.3,27.6]]]}},{"type":"Feature","properties":{"NAME_1":"Arunachal Pradesh","NAME_2":"East Siang","NAME_0":"India"},"geometry":{"type":"Polygon","coordinates":[[[94.8,28.5],[94.8,28.6],[94.9,28.5],[94.9,28.6],[95.0,28.6],[95.0,28.5],[95.1,28.5],[95.1,28.4],[95.1,28.3],[95.1,28.2],[95.2,28.2],[95.2,28.1],[95.2,28.2],[95.3,28.2],[95.3,28.3],[95.4,28.3],[95.5,28.3],[95.6,28.3],[95.6,28.2],[95.6,28.1],[95.6,28.0],[95.5,28.0],[95.5,27.9],[95.4,27.8],[95.3,27.9],[95.2,27.8],[95.1,27.8],[95.0,27.8],[94.9,27.8],[94.9,27.7],[94.9,27.8],[94.9,27.9],[94.9,28.0],[95.0,28.0],[94.9,28.0],[94.9,28.1],[94.9,28.2],[94.9,28.3],[94.9,28.4],[94.8,28.4],[94.7,28.5],[94.8,28.5],[94.7,28.5],[94.8,28.5]]]}},{"type":"Feature","properties":{"NAME_1":"Arunachal Pradesh","NAME_2":"Kurung Kumey","NAME_0":"India"},"geometry":{"type":"Polygon","coordinates":[[[93.1,28.3],[93.2,28.3],[93.2,28.4],[93.3,28.4],[93.3,28.3],[93.3,28.4],[93.3,28.3],[93.4,28.3],[93.5,28.3],[93.6,28.3],[93.7,28.3],[93.8,28.3],[93.8,28.2],[93.9,28.2],[93.9,28.1],[93.9,28.0],[93.8,28.0],[93.8,27.9],[93.7,27.9],[93.6,27.8],[93.5,27.8],[93.5,27.7],[93.4,27.7],[93.4,27.6],[93.3,27.6],[93.2,27.6],[93.2,27.7],[93.2,27.8],[93.1,27.8],[93.0,27.8],[92.9,27.8],[92.9,27.9],[92.9,28.0],[92.8,28.0],[92.7,28.0],[92.7,28.1],[92.7,28.2],[92.8,28.2],[92.9,28.2],[93.0,28.3],[93.0,28.2],[93.0,28.3],[93.1,28.3]]]}},{"type":"Feature","properties":{"NAME_1":"Arunachal Pradesh","NAME_2":"Lohit","NAME_0":"India"},"geometry":{"type":"Polygon","coordinates":[[[97.4,28.2],[97.3,28.2],[97.3,28.1],[97.4,28.1],[97.4,28.0],[97.4,27.9],[97.3,27.9],[97.2,27.9],[97.2,27.8],[97.1,27.8],[97.1,27.7],[97.1,27.8],[97.0,27.7],[97.0,27.8],[97.0,27.7],[96.9,27.7],[96.9,27.6],[96.8,27.6],[96.8,27.7],[96.8,27.6],[96.7,27.6],[96.7,27.7],[96.7,27.6],[96.6,27.6],[96.6,27.7],[96.5,27.7],[96.5,27.6],[96.5,27.7],[96.5,27.6],[96.5,27.7],[96.5,27.6],[96.5,27.7],[96.5,27.6],[96.5,27.7],[96.4,27.7],[96.4,27.6],[96.4,27.7],[96.4,27.6],[96.3,27.6],[96.2,27.6],[96.1,27.6],[96.0,27.6],[95.9,27.6],[95.8,27.6],[95.8,27.7],[95.8,27.8],[95.9,27.8],[95.9,27.9],[96.0,27.9],[96.0,28.0],[96.0,28.1],[96.0,28.2],[96.1,28.2],[96.2,28.2],[96.3,28.2],[96.3,28.3],[96.2,28.3],[96.3,28.3],[96.3,28.4],[96.4,28.4],[96.4,28.3],[96.4,28.4],[96.5,28.4],[96.6,28.4],[96.6,28.5],[96.7,28.5],[96.7,28.4],[96.8,28.4],[96.9,28.4],[96.9,28.3],[97.0,28.3],[97.0,28.4],[97.1,28.4],[97.1,28.3],[97.2,28.3],[97.3,28.3],[97.3,28.2],[97.4,28.2]]]}},{"type":"Feature","properties":{"NAME_1":"Arunachal Pradesh","NAME_2":"Lower Dibang Valley","NAME_0":"India"},"geometry":{"type":"Polygon","coordinates":[[[96.4,28.6],[96.3,28.6],[96.3,28.5],[96.4,28.5],[96.3,28.5],[96.3,28.4],[96.3,28.3],[96.2,28.3],[96.3,28.3],[96.3,28.2],[96.2,28.2],[96.1,28.2],[96.0,28.2],[96.0,28.1],[96.0,28.0],[95.8,28.0],[95.6,28.0],[95.6,27.9],[95.5,27.9],[95.5,28.0],[95.6,28.0],[95.6,28.1],[95.6,28.2],[95.6,28.3],[95.5,28.3],[95.4,28.3],[95.4,28.4],[95.3,28.4],[95.3,28.5],[95.4,28.5],[95.4,28.6],[95.4,28.7],[95.5,28.7],[95.6,28.7],[95.6,28.6],[95.7,28.6],[95.8,28.6],[95.9,28.6],[96.0,28.7],[96.1,28.7],[96.2,28.7],[96.2,28.6],[96.3,28.6],[96.4,28.6]]]}},{"type":"Feature","properties":{"NAME_1":"Arunachal Pradesh","NAME_2":"Lower Subansiri","NAME_0":"India"},"geometry":{"type":"Polygon","coordinates":[[[94.3,27.8],[94.3,27.7],[94.4,27.7],[94.3,27.7],[94.2,27.7],[94.2,27.6],[94.3,27.6],[94.3,27.5],[94.2,27.5],[94.1,27.5],[94.0,27.5],[93.9,27.5],[93.9,27.4],[93.8,27.4],[93.8,27.3],[93.7,27.3],[93.6,27.3],[93.6,27.4],[93.6,27.5],[93.6,27.6],[93.5,27.6],[93.4,27.6],[93.4,27.7],[93.5,27.7],[93.5,27.8],[93.6,27.8],[93.7,27.9],[93.8,27.9],[93.8,28.0],[93.9,28.0],[94.0,28.0],[94.1,28.0],[94.1,27.9],[94.0,27.9],[94.1,27.9],[94.2,27.9],[94.2,27.8],[94.3,27.8]]]}},{"type":"Feature","properties":{"NAME_1":"Arunachal Pradesh","NAME_2":"Papum Pare","NAME_0":"India"},"geometry":{"type":"Polygon","coordinates":[[[93.4,27.6],[93.5,27.6],[93.6,27.6],[93.6,27.5],[93.6,27.4],[93.6,27.3],[93.7,27.3],[93.8,27.3],[93.8,27.4],[93.9,27.4],[93.9,27.5],[94.0,27.5],[94.1,27.5],[94.2,27.5],[94.1,27.4],[94.0,27.4],[94.0,27.3],[93.9,27.3],[93.9,27.2],[93.8,27.2],[93.8,27.1],[93.8,27.0],[93.7,27.0],[93.6,27.0],[93.5,27.0],[93.5,26.9],[93.4,27.0],[93.3,27.0],[93.3,27.1],[93.2,27.1],[93.2,27.2],[93.3,27.2],[93.2,27.2],[93.2,27.3],[93.3,27.3],[93.3,27.4],[93.4,27.4],[93.3,27.4],[93.3,27.5],[93.3,27.6],[93.4,27.6]]]}},{"type":"Feature","properties":{"NAME_1":"Arunachal Pradesh","NAME_2":"Tawang","NAME_0":"India"},"geometry":{"type":"Polygon","coordinates":[[[92.3,27.8],[92.3,27.7],[92.3,27.6],[92.2,27.6],[92.1,27.6],[92.1,27.5],[92.0,27.5],[91.9,27.5],[91.8,27.5],[91.7,27.5],[91.6,27.5],[91.6,27.6],[91.6,27.7],[91.6,27.8],[91.5,27.8],[91.5,27.9],[91.6,27.9],[91.7,27.9],[91.7,27.8],[91.8,27.8],[91.9,27.8],[91.9,27.7],[92.0,27.8],[92.1,27.8],[92.2,27.8],[92.2,27.9],[92.3,27.9],[92.3,27.8]]]}},{"type":"Feature","properties":{"NAME_1":"Arunachal Pradesh","NAME_2":"Tirap","NAME_0":"India"},"geometry":{"type":"Polygon","coordinates":[[[95.6,27.2],[95.7,27.2],[95.7,27.1],[95.7,27.0],[95.7,26.9],[95.8,26.9],[95.7,26.9],[95.6,26.9],[95.6,26.8],[95.5,26.8],[95.5,26.7],[95.4,26.7],[95.3,26.7],[95.2,26.7],[95.2,26.8],[95.2,26.9],[95.2,26.8],[95.2,26.9],[95.2,26.8],[95.2,26.9],[95.2,27.0],[95.3,27.0],[95.3,27.1],[95.4,27.1],[95.5,27.1],[95.5,27.2],[95.5,27.3],[95.6,27.3],[95.6,27.2]]]}},{"type":"Feature","properties":{"NAME_1":"Arunachal Pradesh","NAME_2":"Upper Dibang Valley","NAME_0":"India"},"geometry":{"type":"Polygon","coordinates":[[[96.1,29.5],[96.1,29.4],[96.2,29.4],[96.2,29.3],[96.2,29.2],[96.3,29.2],[96.3,29.3],[96.4,29.3],[96.4,29.2],[96.3,29.2],[96.2,29.2],[96.2,29.1],[96.1,29.1],[96.2,29.1],[96.2,29.0],[96.2,28.9],[96.1,28.9],[96.2,28.9],[96.3,29.0],[96.4,29.0],[96.5,29.0],[96.5,29.1],[96.5,29.0],[96.5,28.9],[96.6,28.9],[96.6,28.8],[96.6,28.7],[96.5,28.7],[96.5,28.6],[96.4,28.6],[96.3,28.6],[96.2,28.6],[96.2,28.7],[96.1,28.7],[96.0,28.7],[95.9,28.6],[95.8,28.6],[95.7,28.6],[95.6,28.6],[95.6,28.7],[95.5,28.7],[95.4,28.7],[95.4,28.8],[95.3,28.8],[95.3,28.9],[95.3,29.0],[95.3,28.9],[95.3,29.0],[95.2,29.0],[95.3,29.0],[95.3,29.1],[95.3,29.0],[95.4,29.0],[95.5,29.0],[95.5,29.1],[95.5,29.2],[95.6,29.2],[95.6,29.3],[95.6,29.2],[95.6,29.3],[95.7,29.3],[95.8,29.3],[95.8,29.4],[95.8,29.3],[95.8,29.4],[95.9,29.4],[96.0,29.4],[96.0,29.5],[96.1,29.5]]]}},{"type":"Feature","properties":{"NAME_1":"Arunachal Pradesh","NAME_2":"Upper Siang","NAME_0":"India"},"geometry":{"type":"Polygon","coordinates":[[[94.7,29.3],[94.8,29.3],[94.8,29.2],[94.9,29.2],[95.0,29.2],[95.0,29.1],[95.0,29.2],[95.1,29.2],[95.1,29.1],[95.2,29.1],[95.3,29.1],[95.2,29.1],[95.3,29.1],[95.2,29.1],[95.3,29.1],[95.3,29.0],[95.2,29.0],[95.3,29.0],[95.3,28.9],[95.3,29.0],[95.3,28.9],[95.3,28.8],[95.4,28.8],[95.4,28.7],[95.4,28.6],[95.4,28.5],[95.3,28.5],[95.3,28.4],[95.4,28.4],[95.4,28.3],[95.3,28.3],[95.3,28.2],[95.2,28.2],[95.2,28.1],[95.2,28.2],[95.1,28.2],[95.1,28.3],[95.1,28.4],[95.1,28.5],[95.0,28.5],[95.0,28.6],[94.9,28.6],[94.9,28.5],[94.8,28.6],[94.8,28.5],[94.7,28.6],[94.7,28.7],[94.6,28.7],[94.6,28.8],[94.5,28.8],[94.5,28.9],[94.4,28.9],[94.3,29.0],[94.2,29.0],[94.2,29.1],[94.3,29.1],[94.3,29.2],[94.4,29.2],[94.5,29.2],[94.6,29.2],[94.6,29.3],[94.7,29.3]]]}},{"type":"Feature","properties":{"NAME_1":"Arunachal Pradesh","NAME_2":"Upper Subansiri","NAME_0":"India"},"geometry":{"type":"Polygon","coordinates":[[[93.5,28.7],[93.6,28.7],[93.7,28.7],[93.8,28.7],[93.9,28.7],[94.0,28.7],[94.0,28.6],[94.1,28.6],[94.1,28.5],[94.1,28.4],[94.2,28.4],[94.3,28.4],[94.4,28.4],[94.4,28.3],[94.4,28.2],[94.4,28.1],[94.5,28.1],[94.5,28.0],[94.5,27.9],[94.6,27.9],[94.5,27.9],[94.5,27.8],[94.4,27.8],[94.3,27.8],[94.2,27.8],[94.2,27.9],[94.1,27.9],[94.0,27.9],[94.1,27.9],[94.1,28.0],[94.0,28.0],[93.9,28.0],[93.9,28.1],[93.9,28.2],[93.8,28.2],[93.8,28.3],[93.7,28.3],[93.6,28.3],[93.5,28.3],[93.4,28.3],[93.3,28.3],[93.3,28.4],[93.3,28.3],[93.3,28.4],[93.2,28.4],[93.2,28.3],[93.2,28.4],[93.2,28.5],[93.3,28.5],[93.3,28.6],[93.4,28.6],[93.4,28.7],[93.5,28.7]]]}},{"type":"Feature","properties":{"NAME_1":"Arunachal Pradesh","NAME_2":"West Kameng","NAME_0":"India"},"geometry":{"type":"Polygon","coordinates":[[[92.7,28.0],[92.8,28.0],[92.9,28.0],[92.9,27.9],[92.9,27.8],[93.0,27.8],[93.1,27.8],[93.2,27.8],[93.2,27.7],[93.1,27.7],[93.1,27.6],[93.1,27.7],[93.0,27.6],[92.9,27.6],[92.8,27.6],[92.7,27.6],[92.6,27.6],[92.6,27.5],[92.7,27.5],[92.7,27.6],[92.8,27.6],[92.8,27.5],[92.8,27.4],[92.8,27.3],[92.9,27.3],[92.9,27.2],[92.8,27.2],[92.7,27.2],[92.6,27.2],[92.6,27.1],[92.6,27.2],[92.6,27.1],[92.6,27.0],[92.5,27.0],[92.4,27.0],[92.4,26.9],[92.3,26.9],[92.2,26.9],[92.1,26.9],[92.1,27.0],[92.1,27.1],[92.0,27.1],[92.0,27.2],[92.1,27.2],[92.1,27.3],[92.0,27.3],[92.1,27.3],[92.0,27.4],[92.1,27.4],[92.0,27.4],[92.0,27.5],[92.1,27.5],[92.1,27.6],[92.2,27.6],[92.3,27.6],[92.3,27.7],[92.3,27.8],[92.4,27.8],[92.5,27.8],[92.6,27.8],[92.6,27.9],[92.7,27.9],[92.7,28.0]]]}},{"type":"Feature","properties":{"NAME_1":"Arunachal Pradesh","NAME_2":"West Siang","NAME_0":"India"},"geometry":{"type":"Polygon","coordinates":[[[94.2,29.0],[94.3,29.0],[94.4,28.9],[94.5,28.9],[94.5,28.8],[94.6,28.8],[94.6,28.7],[94.7,28.7],[94.7,28.6],[94.8,28.5],[94.7,28.5],[94.8,28.5],[94.7,28.5],[94.8,28.4],[94.9,28.4],[94.9,28.3],[94.9,28.2],[94.9,28.1],[94.9,28.0],[95.0,28.0],[94.9,28.0],[94.9,27.9],[94.9,27.8],[94.9,27.7],[94.8,27.7],[94.7,27.7],[94.7,27.6],[94.7,27.7],[94.7,27.6],[94.6,27.6],[94.5,27.6],[94.4,27.6],[94.3,27.6],[94.2,27.6],[94.2,27.7],[94.3,27.7],[94.4,27.7],[94.3,27.7],[94.3,27.8],[94.4,27.8],[94.5,27.8],[94.5,27.9],[94.6,27.9],[94.5,27.9],[94.5,28.0],[94.5,28.1],[94.4,28.1],[94.4,28.2],[94.4,28.3],[94.4,28.4],[94.3,28.4],[94.2,28.4],[94.1,28.4],[94.1,28.5],[94.1,28.6],[94.0,28.6],[94.0,28.7],[94.0,28.8],[94.0,28.9],[94.1,28.9],[94.2,29.0]]]}},{"type":"Feature","properties":{"NAME_1":"Assam","NAME_2":"Barpeta","NAME_0":"India"},"geometry":{"type":"Polygon","coordinates":[[[91.0,26.8],[91.1,26.8],[91.2,26.8],[91.3,26.8],[91.3,26.7],[91.2,26.6],[91.3,26.6],[91.2,26.6],[91.3,26.6],[91.3,26.5],[91.2,26.5],[91.3,26.5],[91.2,26.5],[91.2,26.4],[91.3,26.4],[91.3,26.3],[91.2,26.3],[91.2,26.2],[91.1,26.2],[91.1,26.1],[91.0,26.1],[90.9,26.1],[90.8,26.1],[90.7,26.1],[90.7,26.2],[90.7,26.3],[90.8,26.3],[90.8,26.4],[90.9,26.4],[90.8,26.4],[90.9,26.4],[90.8,26.4],[90.8,26.5],[90.9,26.5],[90.8,26.5],[90.9,26.5],[90.8,26.5],[90.9,26.5],[90.8,26.5],[90.8,26.6],[90.9,26.6],[90.8,26.6],[90.9,26.6],[90.9,26.7],[90.9,26.8],[91.0,26.8]]]}},{"type":"Feature","properties":{"NAME_1":"Assam","NAME_2":"Bongaigaon","NAME_0":"India"},"geometry":{"type":"Polygon","coordinates":[[[91.0,26.8],[90.9,26.8],[90.9,26.7],[90.9,26.6],[90.8,26.6],[90.9,26.6],[90.8,26.6],[90.8,26.5],[90.9,26.5],[90.8,26.5],[90.9,26.5],[90.8,26.5],[90.9,26.5],[90.8,26.5],[90.8,26.4],[90.9,26.4],[90.8,26.4],[90.9,26.4],[90.8,26.4],[90.8,26.3],[90.7,26.3],[90.7,26.2],[90.6,26.2],[90.5,26.2],[90.5,26.1],[90.4,26.1],[90.4,26.2],[90.3,26.2],[90.4,26.2],[90.4,26.3],[90.4,26.2],[90.5,26.3],[90.4,26.3],[90.5,26.3],[90.5,26.4],[90.4,26.4],[90.5,26.5],[90.4,26.5],[90.4,26.6],[90.5,26.5],[90.6,26.5],[90.6,26.6],[90.5,26.6],[90.5,26.7],[90.6,26.7],[90.6,26.8],[90.7,26.8],[90.8,26.8],[90.9,26.8],[91.0,26.8]]]}},{"type":"Feature","properties":{"NAME_1":"Assam","NAME_2":"Cachar","NAME_0":"India"},"geometry":{"type":"Polygon","coordinates":[[[92.4,25.0],[92.5,25.0],[92.5,25.1],[92.5,25.0],[92.5,25.1],[92.6,25.1],[92.7,25.1],[92.8,25.1],[92.9,25.1],[93.0,25.1],[93.0,25.0],[93.1,25.0],[93.2,25.0],[93.3,25.0],[93.2,25.0],[93.3,25.0],[93.3,24.9],[93.2,24.9],[93.3,24.9],[93.2,24.9],[93.2,24.8],[93.1,24.8],[93.1,24.7],[93.1,24.6],[93.1,24.5],[93.1,24.6],[93.1,24.5],[93.0,24.5],[93.1,24.5],[93.0,24.5],[93.0,24.4],[92.9,24.4],[92.8,24.4],[92.8,24.5],[92.8,24.6],[92.7,24.6],[92.7,24.7],[92.7,24.8],[92.6,24.8],[92.6,24.9],[92.5,24.9],[92.5,25.0],[92.5,24.9],[92.5,25.0],[92.4,25.0]]]}},{"type":"Feature","properties":{"NAME_1":"Assam","NAME_2":"Darrang","NAME_0":"India"},"geometry":{"type":"Polygon","coordinates":[[[92.4,26.9],[92.3,26.9],[92.3,26.8],[92.3,26.7],[92.3,26.6],[92.4,26.6],[92.4,26.5],[92.3,26.5],[92.2,26.4],[92.1,26.4],[92.1,26.3],[92.0,26.3],[91.9,26.3],[91.9,26.2],[91.8,26.2],[91.7,26.2],[91.8,26.2],[91.8,26.3],[91.8,26.4],[91.8,26.5],[91.8,26.6],[91.7,26.6],[91.7,26.7],[91.7,26.8],[91.8,26.8],[91.8,26.9],[91.9,26.9],[92.0,26.9],[92.0,26.8],[92.1,26.8],[92.1,26.9],[92.2,26.9],[92.3,26.9],[92.4,26.9]]]}},{"type":"Feature","properties":{"NAME_1":"Assam","NAME_2":"Dhemaji","NAME_0":"India"},"geometry":{"type":"Polygon","coordinates":[[[95.5,27.8],[95.4,27.8],[95.4,27.7],[95.3,27.7],[95.2,27.7],[95.1,27.7],[95.0,27.7],[95.0,27.6],[94.9,27.6],[94.9,27.5],[94.8,27.5],[94.8,27.4],[94.7,27.4],[94.6,27.3],[94.5,27.3],[94.5,27.4],[94.5,27.3],[94.4,27.3],[94.3,27.3],[94.3,27.4],[94.2,27.4],[94.3,27.4],[94.3,27.5],[94.3,27.6],[94.2,27.6],[94.3,27.6],[94.4,27.6],[94.5,27.6],[94.6,27.6],[94.7,27.6],[94.7,27.7],[94.7,27.6],[94.7,27.7],[94.8,27.7],[94.9,27.7],[94.9,27.8],[95.0,27.8],[95.1,27.8],[95.2,27.8],[95.3,27.9],[95.4,27.8],[95.5,27.9],[95.5,27.8]]]}},{"type":"Feature","properties":{"NAME_1":"Assam","NAME_2":"Dhuburi","NAME_0":"India"},"geometry":{"type":"MultiPolygon","coordinates":[[[[90.4,26.4],[90.4,26.3],[90.4,26.4],[90.4,26.3],[90.4,26.4],[90.5,26.4],[90.5,26.3],[90.4,26.3],[90.5,26.3],[90.4,26.2],[90.4,26.3],[90.4,26.2],[90.3,26.2],[90.2,26.2],[90.2,26.1],[90.2,26.0],[90.1,26.0],[90.1,25.9],[90.0,25.9],[90.0,25.8],[89.9,25.8],[90.0,25.8],[89.9,25.8],[89.9,25.7],[90.0,25.6],[89.9,25.6],[89.9,25.5],[89.9,25.6],[89.9,25.7],[89.8,25.7],[89.8,25.8],[89.8,25.9],[89.9,25.9],[89.8,25.9],[89.8,26.0],[89.8,25.9],[89.9,25.9],[89.8,25.9],[89.8,26.0],[89.9,26.0],[89.8,26.0],[89.8,26.1],[89.8,26.2],[89.7,26.2],[89.7,26.3],[89.8,26.3],[89.9,26.3],[90.0,26.3],[90.1,26.3],[90.1,26.4],[90.2,26.4],[90.2,26.3],[90.2,26.4],[90.2,26.3],[90.3,26.3],[90.3,26.4],[90.3,26.3],[90.3,26.4],[90.4,26.4]]]]}},{"type":"Feature","properties":{"NAME_1":"Assam","NAME_2":"Dibrugarh","NAME_0":"India"},"geometry":{"type":"Polygon","coordinates":[[[95.3,27.7],[95.3,27.6],[95.3,27.5],[95.2,27.5],[95.2,27.4],[95.3,27.4],[95.4,27.4],[95.5,27.4],[95.5,27.3],[95.4,27.3],[95.5,27.2],[95.5,27.3],[95.5,27.2],[95.5,27.1],[95.4,27.1],[95.4,27.2],[95.3,27.2],[95.2,27.2],[95.2,27.1],[95.2,27.2],[95.2,27.1],[95.1,27.1],[95.1,27.2],[95.0,27.2],[95.0,27.1],[95.0,27.2],[94.9,27.2],[94.9,27.1],[94.8,27.1],[94.8,27.2],[94.8,27.3],[94.8,27.2],[94.7,27.2],[94.7,27.3],[94.8,27.3],[94.7,27.3],[94.7,27.2],[94.7,27.3],[94.7,27.2],[94.7,27.3],[94.6,27.3],[94.6,27.2],[94.6,27.1],[94.6,27.2],[94.6,27.3],[94.7,27.4],[94.8,27.4],[94.8,27.5],[94.9,27.5],[94.9,27.6],[95.0,27.6],[95.0,27.7],[95.1,27.7],[95.2,27.7],[95.3,27.7]]]}},{"type":"Feature","properties":{"NAME_1":"Assam","NAME_2":"Goalpara","NAME_0":"India"},"geometry":{"type":"Polygon","coordinates":[[[90.7,26.2],[90.7,26.1],[90.8,26.1],[90.9,26.1],[91.0,26.1],[91.0,26.0],[91.1,26.0],[91.0,25.9],[91.1,25.9],[91.0,25.9],[90.9,25.9],[90.9,26.0],[90.9,25.9],[90.8,25.9],[90.8,26.0],[90.8,25.9],[90.7,25.9],[90.8,25.9],[90.7,25.9],[90.7,26.0],[90.7,25.9],[90.7,26.0],[90.7,25.9],[90.6,25.9],[90.6,26.0],[90.6,25.9],[90.5,25.9],[90.5,26.0],[90.4,26.0],[90.3,26.0],[90.2,26.0],[90.2,25.9],[90.2,26.0],[90.1,26.0],[90.2,26.0],[90.2,26.1],[90.2,26.2],[90.3,26.2],[90.4,26.2],[90.4,26.1],[90.5,26.1],[90.5,26.2],[90.6,26.2],[90.7,26.2]]]}},{"type":"Feature","properties":{"NAME_1":"Assam","NAME_2":"Golaghat","NAME_0":"India"},"geometry":{"type":"Polygon","coordinates":[[[94.0,26.9],[94.0,26.8],[94.0,26.7],[94.1,26.7],[94.0,26.7],[94.1,26.7],[94.1,26.6],[94.1,26.5],[94.1,26.4],[94.2,26.4],[94.2,26.3],[94.1,26.3],[94.0,26.3],[94.0,26.2],[94.0,26.1],[94.0,26.0],[94.0,25.9],[93.9,25.9],[93.9,25.8],[93.9,25.9],[93.8,25.9],[93.8,25.8],[93.8,25.9],[93.8,26.0],[93.8,26.1],[93.8,26.2],[93.9,26.2],[93.8,26.2],[93.9,26.2],[93.9,26.3],[93.9,26.2],[93.9,26.3],[93.9,26.4],[93.8,26.4],[93.8,26.5],[93.7,26.5],[93.7,26.6],[93.8,26.6],[93.7,26.6],[93.6,26.6],[93.5,26.6],[93.4,26.6],[93.3,26.6],[93.3,26.7],[93.4,26.7],[93.4,26.8],[93.4,26.7],[93.4,26.8],[93.5,26.8],[93.5,26.7],[93.6,26.7],[93.7,26.7],[93.7,26.8],[93.6,26.8],[93.7,26.8],[93.8,26.8],[93.8,26.9],[93.9,26.9],[94.0,26.9]]]}},{"type":"Feature","properties":{"NAME_1":"Assam","NAME_2":"Hailakandi","NAME_0":"India"},"geometry":{"type":"Polygon","coordinates":[[[92.8,24.5],[92.7,24.5],[92.7,24.4],[92.7,24.3],[92.6,24.3],[92.6,24.2],[92.6,24.3],[92.6,24.2],[92.5,24.2],[92.5,24.1],[92.4,24.2],[92.4,24.3],[92.5,24.3],[92.5,24.4],[92.5,24.5],[92.5,24.6],[92.5,24.7],[92.5,24.8],[92.6,24.8],[92.6,24.9],[92.6,24.8],[92.7,24.8],[92.7,24.7],[92.7,24.6],[92.8,24.6],[92.8,24.5]]]}},{"type":"Feature","properties":{"NAME_1":"Assam","NAME_2":"Jorhat","NAME_0":"India"},"geometry":{"type":"Polygon","coordinates":[[[94.6,27.1],[94.5,27.1],[94.5,27.0],[94.4,27.0],[94.4,26.9],[94.5,26.9],[94.5,26.8],[94.6,26.8],[94.6,26.7],[94.5,26.7],[94.5,26.6],[94.4,26.6],[94.4,26.5],[94.3,26.5],[94.3,26.6],[94.3,26.5],[94.2,26.5],[94.2,26.4],[94.1,26.4],[94.1,26.5],[94.1,26.6],[94.1,26.7],[94.0,26.7],[94.1,26.7],[94.0,26.7],[94.0,26.8],[94.0,26.9],[94.0,27.0],[94.1,27.0],[94.2,27.0],[94.2,27.1],[94.3,27.1],[94.4,27.1],[94.5,27.1],[94.5,27.2],[94.6,27.2],[94.6,27.1]]]}},{"type":"Feature","properties":{"NAME_1":"Assam","NAME_2":"Kamrup","NAME_0":"India"},"geometry":{"type":"Polygon","coordinates":[[[92.0,26.3],[92.0,26.2],[92.1,26.2],[92.2,26.2],[92.2,26.1],[92.1,26.1],[92.1,26.0],[92.0,26.0],[91.9,26.0],[91.9,26.1],[91.8,26.1],[91.7,26.1],[91.7,26.0],[91.7,25.9],[91.6,25.9],[91.6,26.0],[91.5,26.0],[91.5,25.9],[91.4,25.8],[91.4,25.9],[91.4,25.8],[91.4,25.9],[91.4,25.8],[91.3,25.8],[91.3,25.7],[91.2,25.7],[91.2,25.8],[91.2,25.9],[91.2,25.8],[91.2,25.9],[91.1,25.8],[91.0,25.8],[91.1,25.8],[91.1,25.9],[91.1,25.8],[91.0,25.8],[91.0,25.9],[91.1,25.9],[91.0,25.9],[91.1,26.0],[91.0,26.0],[91.0,26.1],[90.9,26.1],[91.0,26.1],[91.1,26.1],[91.1,26.2],[91.2,26.2],[91.3,26.2],[91.4,26.2],[91.4,26.1],[91.4,26.2],[91.4,26.3],[91.5,26.3],[91.4,26.3],[91.5,26.3],[91.4,26.3],[91.5,26.3],[91.5,26.4],[91.6,26.4],[91.6,26.5],[91.6,26.6],[91.6,26.5],[91.7,26.5],[91.7,26.6],[91.7,26.7],[91.7,26.8],[91.7,26.7],[91.7,26.6],[91.8,26.6],[91.8,26.5],[91.8,26.4],[91.8,26.3],[91.8,26.2],[91.7,26.2],[91.8,26.2],[91.9,26.2],[91.9,26.3],[92.0,26.3]]]}},{"type":"Feature","properties":{"NAME_1":"Assam","NAME_2":"Karbi Anglong","NAME_0":"India"},"geometry":{"type":"MultiPolygon","coordinates":[[[[92.5,26.1],[92.6,26.1],[92.6,26.0],[92.7,26.0],[92.7,26.1],[92.8,26.1],[92.8,26.0],[92.7,26.0],[92.8,26.0],[92.8,25.9],[92.9,25.9],[92.8,25.9],[92.9,25.9],[93.0,25.9],[93.0,25.8],[93.1,25.8],[93.0,25.8],[92.9,25.8],[92.8,25.8],[92.8,25.7],[92.8,25.6],[92.7,25.6],[92.6,25.6],[92.5,25.6],[92.5,25.7],[92.4,25.7],[92.4,25.8],[92.4,25.7],[92.3,25.7],[92.2,25.7],[92.1,25.7],[92.2,25.7],[92.2,25.8],[92.2,25.9],[92.2,26.0],[92.3,26.0],[92.3,26.1],[92.4,26.1],[92.5,26.1],[92.5,26.2],[92.5,26.1],[92.5,26.2],[92.5,26.1]]],[[[93.5,26.6],[93.6,26.6],[93.7,26.6],[93.8,26.6],[93.7,26.6],[93.7,26.5],[93.8,26.5],[93.8,26.4],[93.9,26.4],[93.9,26.3],[93.9,26.2],[93.9,26.3],[93.9,26.2],[93.8,26.2],[93.9,26.2],[93.8,26.2],[93.8,26.1],[93.8,26.0],[93.8,25.9],[93.7,25.9],[93.8,25.9],[93.7,25.9],[93.7,25.8],[93.7,25.9],[93.7,25.8],[93.6,25.8],[93.6,25.7],[93.5,25.7],[93.5,25.6],[93.4,25.6],[93.3,25.6],[93.3,25.5],[93.2,25.5],[93.2,25.6],[93.2,25.5],[93.2,25.6],[93.2,25.7],[93.1,25.7],[93.2,25.7],[93.2,25.8],[93.3,25.8],[93.2,25.8],[93.3,25.8],[93.2,25.8],[93.2,25.9],[93.2,26.0],[93.1,26.0],[93.1,26.1],[93.0,26.1],[92.9,26.1],[92.9,26.2],[93.0,26.2],[92.9,26.2],[92.8,26.2],[92.8,26.3],[92.9,26.3],[92.9,26.4],[93.0,26.4],[93.1,26.4],[93.0,26.4],[93.1,26.4],[93.1,26.5],[93.1,26.4],[93.1,26.5],[93.0,26.5],[93.1,26.5],[93.0,26.5],[93.1,26.5],[93.1,26.6],[93.2,26.6],[93.2,26.5],[93.3,26.5],[93.3,26.6],[93.2,26.6],[93.3,26.6],[93.4,26.6],[93.5,26.6]]]]}},{"type":"Feature","properties":{"NAME_1":"Assam","NAME_2":"Karimganj","NAME_0":"India"},"geometry":{"type":"Polygon","coordinates":[[[92.6,24.9],[92.6,24.8],[92.5,24.8],[92.5,24.7],[92.5,24.6],[92.5,24.5],[92.5,24.4],[92.5,24.3],[92.4,24.3],[92.3,24.3],[92.2,24.3],[92.2,24.2],[92.3,24.4],[92.2,24.4],[92.2,24.5],[92.2,24.6],[92.3,24.6],[92.3,24.7],[92.3,24.8],[92.2,24.8],[92.2,24.9],[92.3,24.9],[92.2,24.9],[92.3,24.9],[92.4,24.9],[92.4,24.8],[92.4,24.9],[92.5,24.9],[92.4,24.9],[92.5,24.9],[92.6,24.9]]]}},{"type":"Feature","properties":{"NAME_1":"Assam","NAME_2":"Kokrajhar","NAME_0":"India"},"geometry":{"type":"Polygon","coordinates":[[[90.5,26.9],[90.5,26.8],[90.6,26.8],[90.6,26.7],[90.5,26.7],[90.5,26.6],[90.6,26.6],[90.6,26.5],[90.5,26.5],[90.4,26.6],[90.4,26.5],[90.5,26.5],[90.4,26.4],[90.4,26.3],[90.4,26.4],[90.4,26.3],[90.4,26.4],[90.3,26.4],[90.3,26.3],[90.3,26.4],[90.3,26.3],[90.2,26.3],[90.2,26.4],[90.2,26.3],[90.2,26.4],[90.1,26.4],[90.1,26.3],[90.0,26.3],[89.9,26.3],[89.8,26.3],[89.8,26.4],[89.9,26.4],[89.8,26.4],[89.9,26.4],[89.9,26.5],[89.9,26.6],[89.9,26.7],[90.0,26.7],[90.1,26.7],[90.1,26.8],[90.2,26.8],[90.2,26.9],[90.3,26.9],[90.3,26.8],[90.3,26.9],[90.4,26.9],[90.5,26.9]]]}},{"type":"Feature","properties":{"NAME_1":"Assam","NAME_2":"Lakhimpur","NAME_0":"India"},"geometry":{"type":"Polygon","coordinates":[[[94.3,27.5],[94.3,27.4],[94.2,27.4],[94.3,27.4],[94.3,27.3],[94.4,27.3],[94.5,27.3],[94.5,27.4],[94.5,27.3],[94.6,27.3],[94.6,27.2],[94.5,27.2],[94.5,27.1],[94.4,27.1],[94.3,27.1],[94.2,27.1],[94.2,27.0],[94.1,27.0],[94.0,27.0],[94.0,26.9],[93.9,26.9],[93.8,26.9],[93.8,26.8],[93.8,26.9],[93.7,26.9],[93.8,26.9],[93.7,26.9],[93.7,27.0],[93.8,27.0],[93.8,27.1],[93.8,27.2],[93.9,27.2],[93.9,27.3],[94.0,27.3],[94.0,27.4],[94.1,27.4],[94.2,27.5],[94.3,27.5]]]}},{"type":"Feature","properties":{"NAME_1":"Assam","NAME_2":"Marigaon","NAME_0":"India"},"geometry":{"type":"Polygon","coordinates":[[[92.4,26.5],[92.5,26.5],[92.5,26.4],[92.4,26.4],[92.5,26.4],[92.6,26.4],[92.5,26.3],[92.4,26.2],[92.4,26.1],[92.3,26.1],[92.2,26.1],[92.2,26.2],[92.1,26.2],[92.0,26.2],[92.0,26.3],[92.1,26.3],[92.1,26.4],[92.2,26.4],[92.3,26.5],[92.4,26.5]]]}},{"type":"Feature","properties":{"NAME_1":"Assam","NAME_2":"Nagaon","NAME_0":"India"},"geometry":{"type":"Polygon","coordinates":[[[93.3,26.6],[93.2,26.6],[93.3,26.6],[93.3,26.5],[93.2,26.5],[93.2,26.6],[93.1,26.6],[93.1,26.5],[93.0,26.5],[93.1,26.5],[93.0,26.5],[93.1,26.5],[93.1,26.4],[93.1,26.5],[93.1,26.4],[93.0,26.4],[93.1,26.4],[93.0,26.4],[92.9,26.4],[92.9,26.3],[92.8,26.3],[92.8,26.2],[92.9,26.2],[93.0,26.2],[92.9,26.2],[92.9,26.1],[93.0,26.1],[93.1,26.1],[93.1,26.0],[93.2,26.0],[93.2,25.9],[93.2,25.8],[93.3,25.8],[93.2,25.8],[93.3,25.8],[93.2,25.8],[93.2,25.7],[93.1,25.7],[93.2,25.7],[93.1,25.7],[93.1,25.8],[93.0,25.8],[93.0,25.9],[92.9,25.9],[92.8,25.9],[92.9,25.9],[92.8,25.9],[92.8,26.0],[92.7,26.0],[92.8,26.0],[92.8,26.1],[92.7,26.1],[92.7,26.0],[92.6,26.0],[92.6,26.1],[92.5,26.1],[92.5,26.2],[92.5,26.1],[92.5,26.2],[92.5,26.1],[92.4,26.1],[92.4,26.2],[92.5,26.3],[92.6,26.4],[92.5,26.4],[92.4,26.4],[92.5,26.4],[92.5,26.5],[92.4,26.5],[92.5,26.5],[92.6,26.5],[92.7,26.5],[92.8,26.5],[92.8,26.6],[92.9,26.6],[93.0,26.6],[93.1,26.6],[93.2,26.6],[93.2,26.7],[93.3,26.7],[93.3,26.6]]]}},{"type":"Feature","properties":{"NAME_1":"Assam","NAME_2":"Nalbari","NAME_0":"India"},"geometry":{"type":"Polygon","coordinates":[[[91.7,26.8],[91.7,26.7],[91.7,26.6],[91.7,26.5],[91.6,26.5],[91.6,26.6],[91.6,26.5],[91.6,26.4],[91.5,26.4],[91.5,26.3],[91.4,26.3],[91.5,26.3],[91.4,26.3],[91.5,26.3],[91.4,26.3],[91.4,26.2],[91.4,26.1],[91.4,26.2],[91.3,26.2],[91.2,26.2],[91.2,26.3],[91.3,26.3],[91.3,26.4],[91.2,26.4],[91.2,26.5],[91.3,26.5],[91.2,26.5],[91.3,26.5],[91.3,26.6],[91.2,26.6],[91.3,26.6],[91.2,26.6],[91.3,26.7],[91.3,26.8],[91.4,26.8],[91.5,26.8],[91.6,26.8],[91.7,26.8]]]}},{"type":"Feature","properties":{"NAME_1":"Assam","NAME_2":"North Cachar Hills","NAME_0":"India"},"geometry":{"type":"Polygon","coordinates":[[[93.1,25.7],[93.2,25.7],[93.2,25.6],[93.2,25.5],[93.2,25.6],[93.2,25.5],[93.3,25.5],[93.4,25.5],[93.5,25.4],[93.5,25.3],[93.4,25.3],[93.4,25.2],[93.3,25.2],[93.4,25.1],[93.3,25.1],[93.3,25.0],[93.3,25.1],[93.3,25.0],[93.3,25.1],[93.3,25.0],[93.2,25.0],[93.3,25.0],[93.2,25.0],[93.3,25.0],[93.2,25.0],[93.1,25.0],[93.0,25.0],[93.0,25.1],[92.9,25.1],[92.8,25.1],[92.7,25.1],[92.6,25.1],[92.5,25.1],[92.6,25.1],[92.6,25.2],[92.7,25.2],[92.8,25.2],[92.8,25.3],[92.8,25.4],[92.7,25.4],[92.6,25.4],[92.6,25.5],[92.6,25.6],[92.7,25.6],[92.8,25.6],[92.8,25.7],[92.8,25.8],[92.9,25.8],[93.0,25.8],[93.1,25.8],[93.1,25.7],[93.2,25.7],[93.1,25.7]]]}},{"type":"Feature","properties":{"NAME_1":"Assam","NAME_2":"Sibsagar","NAME_0":"India"},"geometry":{"type":"Polygon","coordinates":[[[95.4,27.1],[95.3,27.1],[95.3,27.0],[95.2,27.0],[95.1,27.0],[95.1,26.9],[95.0,26.9],[94.9,26.9],[94.9,27.0],[94.9,26.9],[94.8,26.9],[94.8,26.8],[94.7,26.8],[94.7,26.7],[94.6,26.7],[94.6,26.8],[94.5,26.8],[94.5,26.9],[94.4,26.9],[94.4,27.0],[94.5,27.0],[94.5,27.1],[94.6,27.1],[94.6,27.2],[94.6,27.3],[94.7,27.3],[94.7,27.2],[94.7,27.3],[94.7,27.2],[94.7,27.3],[94.8,27.3],[94.7,27.3],[94.7,27.2],[94.8,27.2],[94.8,27.3],[94.8,27.2],[94.8,27.1],[94.9,27.1],[94.9,27.2],[95.0,27.2],[95.0,27.1],[95.0,27.2],[95.1,27.2],[95.1,27.1],[95.2,27.1],[95.2,27.2],[95.2,27.1],[95.2,27.2],[95.3,27.2],[95.4,27.2],[95.4,27.1]]]}},{"type":"Feature","properties":{"NAME_1":"Assam","NAME_2":"Sonitpur","NAME_0":"India"},"geometry":{"type":"Polygon","coordinates":[[[93.7,27.0],[93.7,26.9],[93.8,26.9],[93.7,26.9],[93.8,26.9],[93.8,26.8],[93.7,26.8],[93.6,26.8],[93.7,26.8],[93.7,26.7],[93.6,26.7],[93.5,26.7],[93.5,26.8],[93.4,26.8],[93.4,26.7],[93.4,26.8],[93.4,26.7],[93.3,26.7],[93.2,26.7],[93.2,26.6],[93.1,26.6],[93.0,26.6],[92.9,26.6],[92.8,26.6],[92.8,26.5],[92.7,26.5],[92.6,26.5],[92.5,26.5],[92.4,26.5],[92.3,26.5],[92.4,26.5],[92.4,26.6],[92.3,26.6],[92.3,26.7],[92.3,26.8],[92.3,26.9],[92.4,26.9],[92.4,27.0],[92.5,27.0],[92.6,27.0],[92.7,27.0],[92.8,27.0],[92.9,27.0],[93.0,26.9],[93.1,26.9],[93.2,26.9],[93.3,27.0],[93.4,27.0],[93.5,26.9],[93.5,27.0],[93.6,27.0],[93.7,27.0]]]}},{"type":"Feature","properties":{"NAME_1":"Assam","NAME_2":"Tinsukia","NAME_0":"India"},"geometry":{"type":"Polygon","coordinates":[[[96.0,27.9],[95.9,27.9],[95.9,27.8],[95.8,27.8],[95.8,27.7],[95.8,27.6],[95.9,27.6],[95.9,27.5],[95.9,27.4],[95.8,27.4],[95.9,27.4],[96.0,27.4],[96.0,27.3],[95.9,27.3],[95.8,27.3],[95.7,27.3],[95.6,27.2],[95.6,27.3],[95.5,27.3],[95.5,27.2],[95.5,27.3],[95.5,27.2],[95.4,27.3],[95.5,27.3],[95.5,27.4],[95.4,27.4],[95.3,27.4],[95.2,27.4],[95.2,27.5],[95.3,27.5],[95.3,27.6],[95.3,27.7],[95.4,27.7],[95.4,27.8],[95.5,27.8],[95.5,27.9],[95.6,27.9],[95.6,28.0],[95.8,28.0],[96.0,28.0],[96.0,27.9]]]}},{"type":"Feature","properties":{"NAME_1":"Bihar","NAME_2":"Araria","NAME_0":"India"},"geometry":{"type":"Polygon","coordinates":[[[87.1,26.5],[87.1,26.4],[87.2,26.4],[87.3,26.4],[87.3,26.3],[87.4,26.4],[87.5,26.4],[87.6,26.4],[87.6,26.3],[87.7,26.3],[87.6,26.3],[87.7,26.3],[87.7,26.2],[87.7,26.1],[87.6,26.1],[87.6,26.0],[87.5,26.0],[87.4,26.0],[87.3,26.0],[87.2,26.0],[87.2,25.9],[87.2,26.0],[87.2,25.9],[87.2,26.0],[87.2,25.9],[87.1,26.0],[87.1,25.9],[87.1,26.0],[87.1,26.1],[87.1,26.2],[87.1,26.3],[87.0,26.3],[87.1,26.3],[87.1,26.4],[87.0,26.4],[87.1,26.4],[87.0,26.4],[87.1,26.4],[87.1,26.5],[87.0,26.5],[87.1,26.5],[87.0,26.5],[87.1,26.5],[87.0,26.6],[87.1,26.6],[87.1,26.5]]]}},{"type":"Feature","properties":{"NAME_1":"Bihar","NAME_2":"Aurangabad","NAME_0":"India"},"geometry":{"type":"Polygon","coordinates":[[[84.7,25.1],[84.7,25.0],[84.7,24.9],[84.6,24.9],[84.7,24.9],[84.7,24.8],[84.7,24.7],[84.6,24.7],[84.6,24.6],[84.6,24.5],[84.5,24.5],[84.4,24.5],[84.4,24.6],[84.4,24.5],[84.3,24.5],[84.3,24.6],[84.3,24.5],[84.2,24.5],[84.2,24.6],[84.2,24.5],[84.2,24.6],[84.2,24.5],[84.1,24.5],[84.1,24.6],[84.0,24.6],[84.0,24.7],[84.1,24.7],[84.1,24.8],[84.2,24.9],[84.3,24.9],[84.3,25.0],[84.4,25.0],[84.4,25.1],[84.5,25.1],[84.6,25.1],[84.7,25.1]]]}},{"type":"Feature","properties":{"NAME_1":"Bihar","NAME_2":"Banka","NAME_0":"India"},"geometry":{"type":"Polygon","coordinates":[[[87.2,25.1],[87.2,25.0],[87.1,25.0],[87.2,25.0],[87.1,24.9],[87.2,24.9],[87.1,24.9],[87.2,24.9],[87.1,24.9],[87.2,24.9],[87.1,24.9],[87.1,24.8],[87.1,24.7],[87.1,24.6],[87.0,24.6],[87.1,24.6],[87.0,24.6],[86.9,24.6],[86.9,24.5],[86.9,24.6],[86.8,24.6],[86.7,24.6],[86.6,24.6],[86.6,24.7],[86.5,24.7],[86.6,24.7],[86.5,24.7],[86.5,24.8],[86.5,24.9],[86.5,25.0],[86.6,25.0],[86.6,24.9],[86.6,25.0],[86.7,25.0],[86.6,25.0],[86.7,25.1],[86.6,25.1],[86.7,25.1],[86.8,25.1],[86.9,25.1],[87.0,25.1],[87.1,25.1],[87.2,25.1]]]}},{"type":"Feature","properties":{"NAME_1":"Bihar","NAME_2":"Begusarai","NAME_0":"India"},"geometry":{"type":"Polygon","coordinates":[[[86.3,25.6],[86.3,25.5],[86.4,25.5],[86.3,25.5],[86.4,25.5],[86.5,25.4],[86.4,25.4],[86.3,25.4],[86.3,25.3],[86.2,25.3],[86.2,25.2],[86.2,25.3],[86.1,25.3],[86.1,25.4],[86.0,25.4],[85.9,25.4],[85.9,25.5],[85.8,25.5],[85.8,25.6],[85.8,25.5],[85.7,25.5],[85.7,25.6],[85.8,25.6],[85.9,25.6],[85.9,25.7],[85.9,25.6],[85.9,25.7],[85.9,25.6],[85.9,25.7],[85.9,25.6],[86.0,25.6],[86.0,25.7],[86.1,25.7],[86.1,25.8],[86.1,25.7],[86.2,25.7],[86.1,25.7],[86.2,25.7],[86.2,25.6],[86.3,25.6]]]}},{"type":"Feature","properties":{"NAME_1":"Bihar","NAME_2":"Bhabua","NAME_0":"India"},"geometry":{"type":"Polygon","coordinates":[[[83.8,25.4],[83.8,25.3],[83.9,25.3],[83.9,25.2],[83.8,25.2],[83.8,25.1],[83.8,25.0],[83.8,24.9],[83.7,24.9],[83.8,24.9],[83.7,24.9],[83.7,24.8],[83.8,24.8],[83.8,24.7],[83.7,24.7],[83.7,24.6],[83.7,24.5],[83.7,24.6],[83.6,24.5],[83.5,24.5],[83.5,24.6],[83.5,24.7],[83.4,24.7],[83.4,24.8],[83.4,24.9],[83.4,25.0],[83.3,25.0],[83.3,25.1],[83.4,25.1],[83.4,25.2],[83.3,25.2],[83.4,25.2],[83.4,25.3],[83.4,25.2],[83.4,25.3],[83.5,25.3],[83.6,25.3],[83.6,25.4],[83.7,25.4],[83.6,25.4],[83.7,25.4],[83.8,25.4],[83.7,25.4],[83.8,25.4]]]}},{"type":"Feature","properties":{"NAME_1":"Bihar","NAME_2":"Bhagalpur","NAME_0":"India"},"geometry":{"type":"Polygon","coordinates":[[[87.1,25.5],[87.1,25.4],[87.2,25.4],[87.2,25.5],[87.2,25.4],[87.3,25.4],[87.4,25.4],[87.5,25.4],[87.5,25.3],[87.5,25.4],[87.5,25.3],[87.5,25.4],[87.5,25.3],[87.5,25.2],[87.4,25.2],[87.3,25.2],[87.3,25.1],[87.2,25.1],[87.1,25.1],[87.0,25.1],[86.9,25.1],[86.8,25.1],[86.7,25.1],[86.7,25.2],[86.6,25.2],[86.7,25.2],[86.7,25.3],[86.8,25.3],[86.8,25.4],[86.9,25.4],[86.8,25.4],[86.8,25.5],[86.9,25.5],[87.0,25.5],[87.1,25.5]]]}},{"type":"Feature","properties":{"NAME_1":"Bihar","NAME_2":"Bhojpur","NAME_0":"India"},"geometry":{"type":"Polygon","coordinates":[[[84.8,25.7],[84.8,25.6],[84.8,25.5],[84.7,25.5],[84.8,25.5],[84.8,25.4],[84.7,25.4],[84.7,25.3],[84.6,25.3],[84.6,25.2],[84.5,25.2],[84.4,25.2],[84.3,25.2],[84.3,25.3],[84.3,25.4],[84.4,25.5],[84.3,25.5],[84.3,25.6],[84.3,25.7],[84.4,25.7],[84.5,25.7],[84.6,25.7],[84.7,25.7],[84.8,25.7]]]}},{"type":"Feature","properties":{"NAME_1":"Bihar","NAME_2":"Buxar","NAME_0":"India"},"geometry":{"type":"Polygon","coordinates":[[[83.9,25.6],[84.0,25.6],[84.1,25.6],[84.1,25.7],[84.2,25.7],[84.3,25.7],[84.4,25.7],[84.3,25.7],[84.3,25.6],[84.3,25.5],[84.4,25.5],[84.3,25.4],[84.2,25.4],[84.2,25.3],[84.2,25.4],[84.1,25.4],[84.0,25.4],[84.0,25.3],[84.1,25.3],[84.0,25.3],[83.9,25.3],[83.8,25.3],[83.8,25.4],[83.8,25.5],[83.9,25.5],[83.9,25.6]]]}},{"type":"Feature","properties":{"NAME_1":"Bihar","NAME_2":"Darbhanga","NAME_0":"India"},"geometry":{"type":"Polygon","coordinates":[[[85.7,26.4],[85.8,26.4],[85.7,26.4],[85.8,26.4],[85.8,26.3],[85.9,26.3],[86.0,26.3],[86.0,26.2],[86.1,26.2],[86.2,26.2],[86.3,26.2],[86.3,26.1],[86.4,26.1],[86.4,26.0],[86.4,25.9],[86.3,25.9],[86.2,25.9],[86.1,25.9],[86.0,25.9],[86.1,25.9],[86.0,25.9],[86.0,26.0],[85.9,26.0],[85.8,26.0],[85.8,26.1],[85.7,26.0],[85.7,26.1],[85.7,26.2],[85.7,26.3],[85.7,26.4],[85.7,26.3],[85.7,26.4]]]}},{"type":"Feature","properties":{"NAME_1":"Bihar","NAME_2":"Gaya","NAME_0":"India"},"geometry":{"type":"Polygon","coordinates":[[[85.2,25.1],[85.2,25.0],[85.2,25.1],[85.2,25.0],[85.3,25.0],[85.4,25.0],[85.4,24.9],[85.3,24.9],[85.3,24.8],[85.3,24.7],[85.3,24.6],[85.3,24.7],[85.3,24.6],[85.4,24.6],[85.4,24.5],[85.3,24.5],[85.2,24.5],[85.1,24.5],[85.2,24.5],[85.2,24.4],[85.1,24.4],[85.0,24.4],[84.9,24.4],[84.9,24.5],[84.8,24.5],[84.7,24.5],[84.7,24.4],[84.6,24.4],[84.5,24.4],[84.5,24.3],[84.4,24.3],[84.4,24.4],[84.3,24.4],[84.3,24.5],[84.4,24.5],[84.4,24.6],[84.4,24.5],[84.5,24.5],[84.6,24.5],[84.6,24.6],[84.6,24.7],[84.7,24.7],[84.7,24.8],[84.7,24.9],[84.6,24.9],[84.7,24.9],[84.7,25.0],[84.7,25.1],[84.8,25.1],[84.9,25.1],[84.9,25.0],[85.0,25.0],[85.1,25.0],[85.1,25.1],[85.2,25.1]]]}},{"type":"Feature","properties":{"NAME_1":"Bihar","NAME_2":"Gopalganj","NAME_0":"India"},"geometry":{"type":"Polygon","coordinates":[[[84.4,26.6],[84.5,26.6],[84.4,26.6],[84.5,26.6],[84.5,26.5],[84.6,26.5],[84.6,26.4],[84.6,26.5],[84.7,26.5],[84.7,26.4],[84.8,26.3],[84.9,26.3],[84.9,26.2],[84.8,26.2],[84.7,26.2],[84.7,26.3],[84.6,26.3],[84.5,26.3],[84.4,26.4],[84.5,26.4],[84.4,26.4],[84.4,26.3],[84.3,26.3],[84.2,26.3],[84.2,26.4],[84.1,26.4],[84.0,26.4],[83.9,26.4],[83.9,26.5],[84.0,26.5],[84.0,26.6],[84.1,26.6],[84.2,26.6],[84.1,26.6],[84.2,26.6],[84.3,26.6],[84.4,26.6]]]}},{"type":"Feature","properties":{"NAME_1":"Bihar","NAME_2":"Jamui","NAME_0":"India"},"geometry":{"type":"Polygon","coordinates":[[[85.9,25.0],[86.0,25.0],[86.1,25.0],[86.2,25.0],[86.2,25.1],[86.3,25.1],[86.4,25.1],[86.4,25.0],[86.5,25.0],[86.5,24.9],[86.5,24.8],[86.5,24.7],[86.6,24.7],[86.5,24.7],[86.6,24.7],[86.6,24.6],[86.6,24.5],[86.5,24.5],[86.5,24.4],[86.4,24.4],[86.3,24.4],[86.3,24.5],[86.3,24.6],[86.2,24.6],[86.1,24.6],[86.1,24.7],[86.1,24.8],[86.1,24.7],[86.0,24.7],[86.0,24.8],[86.1,24.8],[86.0,24.8],[86.0,24.9],[85.9,24.9],[85.8,24.9],[85.9,24.9],[85.9,25.0],[85.8,25.0],[85.9,25.0]]]}},{"type":"Feature","properties":{"NAME_1":"Bihar","NAME_2":"Jehanabad","NAME_0":"India"},"geometry":{"type":"Polygon","coordinates":[[[84.9,25.3],[85.0,25.3],[85.1,25.3],[85.2,25.3],[85.2,25.2],[85.2,25.1],[85.1,25.1],[85.1,25.0],[85.0,25.0],[84.9,25.0],[84.9,25.1],[84.8,25.1],[84.7,25.1],[84.6,25.1],[84.5,25.1],[84.4,25.1],[84.5,25.2],[84.6,25.2],[84.6,25.3],[84.7,25.3],[84.8,25.3],[84.8,25.2],[84.7,25.2],[84.8,25.2],[84.9,25.2],[84.9,25.3]]]}},{"type":"Feature","properties":{"NAME_1":"Bihar","NAME_2":"Katihar","NAME_0":"India"},"geometry":{"type":"Polygon","coordinates":[[[88.0,25.7],[88.1,25.7],[88.0,25.7],[88.0,25.6],[88.1,25.6],[88.0,25.6],[88.0,25.5],[88.1,25.5],[88.0,25.5],[87.9,25.5],[87.8,25.5],[87.8,25.4],[87.8,25.3],[87.9,25.3],[87.8,25.3],[87.9,25.3],[87.8,25.3],[87.8,25.2],[87.7,25.3],[87.6,25.3],[87.5,25.3],[87.5,25.4],[87.5,25.3],[87.5,25.4],[87.5,25.3],[87.5,25.4],[87.4,25.4],[87.3,25.4],[87.2,25.4],[87.2,25.5],[87.3,25.5],[87.3,25.6],[87.2,25.6],[87.3,25.6],[87.2,25.6],[87.3,25.6],[87.3,25.7],[87.2,25.7],[87.3,25.7],[87.4,25.7],[87.5,25.7],[87.6,25.7],[87.5,25.7],[87.6,25.7],[87.5,25.7],[87.6,25.7],[87.7,25.7],[87.7,25.8],[87.8,25.8],[87.8,25.7],[87.8,25.8],[87.8,25.9],[87.9,25.9],[87.9,25.8],[87.9,25.7],[88.0,25.7]]]}},{"type":"Feature","properties":{"NAME_1":"Bihar","NAME_2":"Khagaria","NAME_0":"India"},"geometry":{"type":"Polygon","coordinates":[[[86.4,25.7],[86.5,25.7],[86.4,25.7],[86.5,25.7],[86.5,25.6],[86.6,25.6],[86.7,25.6],[86.7,25.7],[86.7,25.6],[86.8,25.6],[86.8,25.5],[86.8,25.4],[86.9,25.4],[86.8,25.4],[86.8,25.3],[86.7,25.3],[86.6,25.3],[86.6,25.4],[86.6,25.5],[86.5,25.5],[86.5,25.4],[86.4,25.5],[86.3,25.5],[86.4,25.5],[86.3,25.5],[86.3,25.6],[86.3,25.7],[86.4,25.7]]]}},{"type":"Feature","properties":{"NAME_1":"Bihar","NAME_2":"Kishanganj","NAME_0":"India"},"geometry":{"type":"MultiPolygon","coordinates":[[[[88.2,26.6],[88.2,26.5],[88.2,26.4],[88.3,26.4],[88.2,26.4],[88.3,26.4],[88.3,26.3],[88.2,26.3],[88.1,26.3],[88.1,26.2],[88.0,26.2],[88.0,26.1],[88.0,26.2],[88.0,26.1],[87.9,26.1],[87.8,26.0],[87.8,25.9],[87.8,26.0],[87.8,26.1],[87.9,26.1],[87.8,26.1],[87.7,26.1],[87.7,26.2],[87.7,26.3],[87.6,26.3],[87.7,26.3],[87.6,26.3],[87.6,26.4],[87.7,26.4],[87.8,26.4],[87.8,26.5],[87.8,26.4],[87.9,26.4],[87.9,26.5],[87.9,26.4],[88.0,26.4],[88.1,26.4],[88.1,26.5],[88.2,26.5],[88.2,26.6]]]]}},{"type":"Feature","properties":{"NAME_1":"Bihar","NAME_2":"Lakhisarai","NAME_0":"India"},"geometry":{"type":"Polygon","coordinates":[[[86.1,25.3],[86.2,25.3],[86.2,25.2],[86.2,25.3],[86.3,25.3],[86.4,25.3],[86.4,25.2],[86.4,25.1],[86.3,25.1],[86.2,25.1],[86.2,25.0],[86.1,25.0],[86.0,25.0],[85.9,25.0],[85.9,25.1],[86.0,25.2],[85.9,25.2],[85.9,25.3],[86.0,25.3],[86.1,25.3]]]}},{"type":"Feature","properties":{"NAME_1":"Bihar","NAME_2":"Madhepura","NAME_0":"India"},"geometry":{"type":"Polygon","coordinates":[[[86.8,26.1],[86.9,26.1],[87.0,26.1],[87.1,26.1],[87.1,26.0],[87.0,26.0],[87.0,25.9],[87.0,25.8],[87.0,25.7],[87.0,25.6],[87.1,25.6],[87.0,25.5],[87.1,25.5],[87.0,25.5],[86.9,25.5],[86.8,25.5],[86.8,25.4],[86.8,25.5],[86.8,25.6],[86.8,25.7],[86.9,25.7],[86.8,25.7],[86.9,25.7],[86.8,25.7],[86.9,25.8],[86.8,25.8],[86.9,25.8],[86.8,25.8],[86.9,25.8],[86.8,25.8],[86.8,25.9],[86.8,25.8],[86.8,25.9],[86.7,25.9],[86.6,25.9],[86.6,26.0],[86.7,26.0],[86.7,26.1],[86.8,26.1]]]}},{"type":"Feature","properties":{"NAME_1":"Bihar","NAME_2":"Madhubani","NAME_0":"India"},"geometry":{"type":"Polygon","coordinates":[[[86.1,26.7],[86.1,26.6],[86.2,26.6],[86.3,26.6],[86.4,26.6],[86.5,26.6],[86.5,26.5],[86.6,26.5],[86.7,26.5],[86.7,26.4],[86.6,26.4],[86.6,26.3],[86.5,26.3],[86.5,26.2],[86.4,26.2],[86.5,26.2],[86.5,26.1],[86.4,26.1],[86.4,26.0],[86.4,26.1],[86.3,26.1],[86.3,26.2],[86.2,26.2],[86.1,26.2],[86.0,26.2],[86.0,26.3],[85.9,26.3],[85.8,26.3],[85.8,26.4],[85.7,26.4],[85.8,26.4],[85.8,26.5],[85.7,26.5],[85.8,26.5],[85.8,26.6],[85.9,26.6],[86.0,26.6],[85.9,26.6],[86.0,26.6],[86.0,26.7],[86.1,26.7]]]}},{"type":"Feature","properties":{"NAME_1":"Bihar","NAME_2":"Munger","NAME_0":"India"},"geometry":{"type":"Polygon","coordinates":[[[86.5,25.4],[86.5,25.5],[86.6,25.5],[86.6,25.4],[86.6,25.3],[86.7,25.3],[86.7,25.2],[86.6,25.2],[86.7,25.2],[86.7,25.1],[86.6,25.1],[86.7,25.1],[86.6,25.0],[86.7,25.0],[86.6,25.0],[86.6,24.9],[86.6,25.0],[86.5,25.0],[86.4,25.0],[86.4,25.1],[86.4,25.2],[86.4,25.3],[86.3,25.3],[86.3,25.4],[86.4,25.4],[86.5,25.4]]]}},{"type":"Feature","properties":{"NAME_1":"Bihar","NAME_2":"Muzaffarpur","NAME_0":"India"},"geometry":{"type":"Polygon","coordinates":[[[85.6,26.4],[85.6,26.3],[85.7,26.3],[85.7,26.2],[85.7,26.1],[85.7,26.0],[85.6,26.0],[85.6,25.9],[85.5,25.9],[85.4,25.9],[85.3,25.9],[85.3,26.0],[85.2,26.0],[85.1,26.0],[85.0,26.0],[84.9,26.0],[84.9,26.1],[84.9,26.2],[84.9,26.3],[85.0,26.3],[85.1,26.3],[85.2,26.3],[85.3,26.3],[85.2,26.3],[85.3,26.3],[85.2,26.3],[85.2,26.4],[85.3,26.4],[85.3,26.3],[85.3,26.4],[85.3,26.3],[85.3,26.4],[85.3,26.3],[85.3,26.4],[85.3,26.3],[85.4,26.3],[85.5,26.3],[85.5,26.4],[85.6,26.4]]]}},{"type":"Feature","properties":{"NAME_1":"Bihar","NAME_2":"Nalanda","NAME_0":"India"},"geometry":{"type":"Polygon","coordinates":[[[85.4,25.5],[85.4,25.4],[85.5,25.4],[85.6,25.4],[85.6,25.3],[85.6,25.4],[85.6,25.3],[85.7,25.3],[85.7,25.4],[85.7,25.3],[85.8,25.3],[85.9,25.3],[85.9,25.2],[85.8,25.2],[85.8,25.3],[85.8,25.2],[85.8,25.3],[85.7,25.3],[85.7,25.2],[85.7,25.1],[85.6,25.1],[85.7,25.1],[85.6,25.1],[85.6,25.0],[85.5,25.0],[85.6,25.0],[85.5,25.0],[85.4,25.0],[85.3,25.0],[85.2,25.0],[85.2,25.1],[85.2,25.0],[85.2,25.1],[85.2,25.2],[85.2,25.3],[85.2,25.4],[85.3,25.4],[85.4,25.4],[85.4,25.5]]]}},{"type":"Feature","properties":{"NAME_1":"Bihar","NAME_2":"Nawada","NAME_0":"India"},"geometry":{"type":"Polygon","coordinates":[[[85.6,25.1],[85.7,25.1],[85.8,25.1],[85.8,25.0],[85.7,25.0],[85.8,25.0],[85.9,25.0],[85.9,24.9],[85.8,24.9],[85.9,24.9],[86.0,24.9],[86.0,24.8],[86.1,24.8],[86.0,24.8],[86.0,24.7],[85.9,24.7],[85.9,24.8],[85.8,24.8],[85.7,24.8],[85.7,24.7],[85.6,24.7],[85.7,24.7],[85.7,24.6],[85.6,24.6],[85.5,24.6],[85.5,24.5],[85.5,24.6],[85.5,24.5],[85.5,24.6],[85.5,24.5],[85.4,24.5],[85.4,24.6],[85.3,24.6],[85.3,24.7],[85.3,24.6],[85.3,24.7],[85.3,24.8],[85.3,24.9],[85.4,24.9],[85.4,25.0],[85.5,25.0],[85.6,25.0],[85.5,25.0],[85.6,25.0],[85.6,25.1],[85.7,25.1],[85.6,25.1]]]}},{"type":"Feature","properties":{"NAME_1":"Bihar","NAME_2":"Pashchim Champaran","NAME_0":"India"},"geometry":{"type":"Polygon","coordinates":[[[84.1,27.5],[84.2,27.5],[84.1,27.5],[84.2,27.5],[84.2,27.4],[84.2,27.5],[84.3,27.5],[84.3,27.4],[84.4,27.4],[84.5,27.4],[84.5,27.3],[84.6,27.3],[84.7,27.2],[84.7,27.1],[84.6,27.1],[84.6,27.0],[84.7,27.0],[84.8,27.0],[84.7,27.0],[84.7,26.9],[84.7,26.8],[84.7,26.7],[84.6,26.7],[84.5,26.7],[84.5,26.6],[84.4,26.6],[84.5,26.6],[84.4,26.6],[84.4,26.7],[84.3,26.7],[84.3,26.8],[84.3,26.7],[84.2,26.7],[84.2,26.8],[84.3,26.8],[84.2,26.8],[84.3,26.8],[84.2,26.9],[84.2,26.8],[84.1,26.9],[84.0,26.9],[84.1,26.9],[84.0,26.9],[84.0,27.0],[84.0,27.1],[83.9,27.1],[84.0,27.1],[84.0,27.2],[83.9,27.2],[83.9,27.3],[83.8,27.3],[83.9,27.3],[83.9,27.4],[83.9,27.3],[83.9,27.4],[84.0,27.4],[84.1,27.4],[84.1,27.5]]]}},{"type":"Feature","properties":{"NAME_1":"Bihar","NAME_2":"Patna","NAME_0":"India"},"geometry":{"type":"Polygon","coordinates":[[[85.0,25.7],[85.1,25.7],[85.1,25.6],[85.2,25.6],[85.3,25.6],[85.3,25.5],[85.4,25.5],[85.5,25.5],[85.6,25.5],[85.7,25.5],[85.8,25.5],[85.8,25.6],[85.8,25.5],[85.9,25.5],[85.9,25.4],[86.0,25.4],[86.1,25.4],[86.1,25.3],[86.0,25.3],[85.9,25.3],[85.8,25.3],[85.7,25.3],[85.7,25.4],[85.7,25.3],[85.6,25.3],[85.6,25.4],[85.6,25.3],[85.6,25.4],[85.5,25.4],[85.4,25.4],[85.4,25.5],[85.4,25.4],[85.3,25.4],[85.2,25.4],[85.2,25.3],[85.1,25.3],[85.0,25.3],[84.9,25.3],[84.9,25.2],[84.8,25.2],[84.7,25.2],[84.8,25.2],[84.8,25.3],[84.7,25.3],[84.7,25.4],[84.8,25.4],[84.8,25.5],[84.7,25.5],[84.8,25.5],[84.8,25.6],[84.8,25.7],[84.9,25.7],[84.8,25.7],[84.9,25.7],[85.0,25.7]]]}},{"type":"Feature","properties":{"NAME_1":"Bihar","NAME_2":"Purba Champaran","NAME_0":"India"},"geometry":{"type":"Polygon","coordinates":[[[84.8,27.0],[84.9,27.0],[85.0,27.0],[85.0,26.9],[85.1,26.9],[85.0,26.9],[85.1,26.8],[85.1,26.9],[85.1,26.8],[85.1,26.9],[85.2,26.9],[85.2,26.8],[85.3,26.8],[85.2,26.8],[85.3,26.7],[85.2,26.7],[85.3,26.7],[85.2,26.7],[85.3,26.7],[85.3,26.6],[85.2,26.6],[85.2,26.5],[85.2,26.4],[85.3,26.4],[85.2,26.4],[85.3,26.4],[85.2,26.4],[85.2,26.3],[85.3,26.3],[85.2,26.3],[85.3,26.3],[85.2,26.3],[85.1,26.3],[85.0,26.3],[84.9,26.3],[84.8,26.3],[84.7,26.4],[84.7,26.5],[84.6,26.5],[84.6,26.4],[84.6,26.5],[84.5,26.5],[84.5,26.6],[84.5,26.7],[84.6,26.7],[84.7,26.7],[84.7,26.8],[84.7,26.9],[84.7,27.0],[84.8,27.0]]]}},{"type":"Feature","properties":{"NAME_1":"Bihar","NAME_2":"Purnia","NAME_0":"India"},"geometry":{"type":"Polygon","coordinates":[[[87.7,26.1],[87.8,26.1],[87.9,26.1],[87.8,26.1],[87.8,26.0],[87.8,25.9],[87.8,25.8],[87.8,25.7],[87.8,25.8],[87.7,25.8],[87.7,25.7],[87.6,25.7],[87.5,25.7],[87.6,25.7],[87.5,25.7],[87.6,25.7],[87.5,25.7],[87.4,25.7],[87.3,25.7],[87.2,25.7],[87.3,25.7],[87.3,25.6],[87.2,25.6],[87.3,25.6],[87.2,25.6],[87.3,25.6],[87.3,25.5],[87.2,25.5],[87.2,25.4],[87.1,25.4],[87.1,25.5],[87.0,25.5],[87.1,25.6],[87.0,25.6],[87.0,25.7],[87.0,25.8],[87.0,25.9],[87.0,26.0],[87.1,26.0],[87.1,25.9],[87.1,26.0],[87.2,25.9],[87.2,26.0],[87.2,25.9],[87.2,26.0],[87.2,25.9],[87.2,26.0],[87.3,26.0],[87.4,26.0],[87.5,26.0],[87.6,26.0],[87.6,26.1],[87.7,26.1]]]}},{"type":"Feature","properties":{"NAME_1":"Bihar","NAME_2":"Rohtas","NAME_0":"India"},"geometry":{"type":"Polygon","coordinates":[[[84.3,25.4],[84.3,25.3],[84.3,25.2],[84.4,25.2],[84.5,25.2],[84.4,25.1],[84.4,25.0],[84.3,25.0],[84.3,24.9],[84.2,24.9],[84.1,24.8],[84.1,24.7],[84.0,24.7],[84.0,24.6],[83.9,24.6],[83.9,24.5],[83.8,24.5],[83.7,24.5],[83.6,24.5],[83.5,24.5],[83.6,24.5],[83.7,24.6],[83.7,24.5],[83.7,24.6],[83.7,24.7],[83.8,24.7],[83.8,24.8],[83.7,24.8],[83.7,24.9],[83.8,24.9],[83.7,24.9],[83.8,24.9],[83.8,25.0],[83.8,25.1],[83.8,25.2],[83.9,25.2],[83.9,25.3],[84.0,25.3],[84.1,25.3],[84.0,25.3],[84.0,25.4],[84.1,25.4],[84.2,25.4],[84.2,25.3],[84.2,25.4],[84.3,25.4]]]}},{"type":"Feature","properties":{"NAME_1":"Bihar","NAME_2":"Saharsa","NAME_0":"India"},"geometry":{"type":"Polygon","coordinates":[[[86.4,26.1],[86.5,26.1],[86.5,26.0],[86.5,26.1],[86.5,26.0],[86.6,26.0],[86.6,25.9],[86.7,25.9],[86.8,25.9],[86.8,25.8],[86.8,25.9],[86.8,25.8],[86.9,25.8],[86.8,25.8],[86.9,25.8],[86.8,25.8],[86.9,25.8],[86.8,25.7],[86.9,25.7],[86.8,25.7],[86.9,25.7],[86.8,25.7],[86.8,25.6],[86.7,25.6],[86.7,25.7],[86.7,25.6],[86.6,25.6],[86.5,25.6],[86.5,25.7],[86.4,25.7],[86.5,25.7],[86.4,25.7],[86.4,25.8],[86.4,25.9],[86.3,25.9],[86.4,25.9],[86.4,26.0],[86.4,26.1]]]}},{"type":"Feature","properties":{"NAME_1":"Bihar","NAME_2":"Samastipur","NAME_0":"India"},"geometry":{"type":"Polygon","coordinates":[[[85.7,26.1],[85.7,26.0],[85.8,26.1],[85.8,26.0],[85.9,26.0],[86.0,26.0],[86.0,25.9],[86.1,25.9],[86.0,25.9],[86.1,25.9],[86.2,25.9],[86.3,25.9],[86.4,25.9],[86.4,25.8],[86.4,25.7],[86.3,25.7],[86.3,25.6],[86.2,25.6],[86.2,25.7],[86.1,25.7],[86.2,25.7],[86.1,25.7],[86.1,25.8],[86.1,25.7],[86.0,25.7],[86.0,25.6],[85.9,25.6],[85.9,25.7],[85.9,25.6],[85.9,25.7],[85.9,25.6],[85.9,25.7],[85.9,25.6],[85.8,25.6],[85.7,25.6],[85.7,25.5],[85.6,25.5],[85.5,25.5],[85.5,25.6],[85.5,25.5],[85.6,25.5],[85.5,25.6],[85.6,25.6],[85.6,25.7],[85.6,25.8],[85.6,25.9],[85.6,26.0],[85.7,26.0],[85.7,26.1]]]}},{"type":"Feature","properties":{"NAME_1":"Bihar","NAME_2":"Saran","NAME_0":"India"},"geometry":{"type":"Polygon","coordinates":[[[84.9,26.2],[84.9,26.1],[84.9,26.0],[85.0,26.0],[85.1,26.0],[85.1,25.9],[85.1,25.8],[85.2,25.8],[85.2,25.7],[85.2,25.6],[85.1,25.6],[85.1,25.7],[85.0,25.7],[84.9,25.7],[84.8,25.7],[84.9,25.7],[84.8,25.7],[84.7,25.7],[84.6,25.7],[84.6,25.8],[84.5,25.8],[84.5,25.9],[84.4,25.9],[84.5,26.0],[84.4,26.0],[84.5,26.0],[84.6,26.0],[84.6,26.1],[84.7,26.1],[84.8,26.1],[84.8,26.2],[84.9,26.2]]]}},{"type":"Feature","properties":{"NAME_1":"Bihar","NAME_2":"Sheikhpura","NAME_0":"India"},"geometry":{"type":"Polygon","coordinates":[[[85.9,25.2],[86.0,25.2],[85.9,25.1],[85.9,25.0],[85.8,25.0],[85.7,25.0],[85.8,25.0],[85.8,25.1],[85.7,25.1],[85.6,25.1],[85.7,25.1],[85.7,25.2],[85.7,25.3],[85.8,25.3],[85.8,25.2],[85.8,25.3],[85.8,25.2],[85.9,25.2]]]}},{"type":"Feature","properties":{"NAME_1":"Bihar","NAME_2":"Sheohar","NAME_0":"India"},"geometry":{"type":"Polygon","coordinates":[[[85.3,26.4],[85.2,26.4],[85.3,26.4],[85.2,26.4],[85.2,26.5],[85.2,26.6],[85.3,26.6],[85.4,26.6],[85.4,26.5],[85.5,26.5],[85.4,26.5],[85.4,26.4],[85.5,26.4],[85.4,26.4],[85.4,26.3],[85.3,26.3],[85.3,26.4],[85.3,26.3],[85.3,26.4],[85.3,26.3],[85.3,26.4],[85.3,26.3],[85.3,26.4]]]}},{"type":"Feature","properties":{"NAME_1":"Bihar","NAME_2":"Sitamarhi","NAME_0":"India"},"geometry":{"type":"MultiPolygon","coordinates":[[[[85.7,26.9],[85.7,26.8],[85.7,26.7],[85.7,26.6],[85.8,26.6],[85.8,26.5],[85.7,26.5],[85.8,26.5],[85.8,26.4],[85.7,26.4],[85.7,26.3],[85.7,26.4],[85.7,26.3],[85.6,26.3],[85.6,26.4],[85.5,26.4],[85.5,26.3],[85.4,26.3],[85.4,26.4],[85.5,26.4],[85.4,26.4],[85.4,26.5],[85.5,26.5],[85.4,26.5],[85.4,26.6],[85.3,26.6],[85.3,26.7],[85.2,26.7],[85.3,26.7],[85.2,26.7],[85.3,26.7],[85.2,26.8],[85.3,26.8],[85.3,26.7],[85.4,26.8],[85.5,26.8],[85.6,26.8],[85.6,26.9],[85.6,26.8],[85.6,26.9],[85.7,26.9]]]]}},{"type":"Feature","properties":{"NAME_1":"Bihar","NAME_2":"Siwan","NAME_0":"India"},"geometry":{"type":"Polygon","coordinates":[[[84.8,26.2],[84.8,26.1],[84.7,26.1],[84.6,26.1],[84.6,26.0],[84.5,26.0],[84.4,26.0],[84.5,26.0],[84.4,25.9],[84.5,25.9],[84.4,25.9],[84.4,26.0],[84.3,26.0],[84.3,25.9],[84.3,26.0],[84.2,26.0],[84.1,26.0],[84.1,26.1],[84.0,26.1],[84.0,26.2],[84.1,26.2],[84.1,26.3],[84.2,26.2],[84.2,26.3],[84.2,26.4],[84.2,26.3],[84.3,26.3],[84.4,26.3],[84.4,26.4],[84.5,26.4],[84.4,26.4],[84.5,26.3],[84.6,26.3],[84.7,26.3],[84.7,26.2],[84.8,26.2]]]}},{"type":"Feature","properties":{"NAME_1":"Bihar","NAME_2":"Supaul","NAME_0":"India"},"geometry":{"type":"Polygon","coordinates":[[[87.0,26.5],[87.1,26.5],[87.0,26.5],[87.1,26.5],[87.1,26.4],[87.0,26.4],[87.1,26.4],[87.0,26.4],[87.1,26.4],[87.1,26.3],[87.0,26.3],[87.1,26.3],[87.1,26.2],[87.1,26.1],[87.0,26.1],[86.9,26.1],[86.8,26.1],[86.7,26.1],[86.7,26.0],[86.6,26.0],[86.5,26.0],[86.5,26.1],[86.5,26.0],[86.5,26.1],[86.4,26.1],[86.5,26.1],[86.5,26.2],[86.4,26.2],[86.5,26.2],[86.5,26.3],[86.6,26.3],[86.6,26.4],[86.7,26.4],[86.8,26.4],[86.8,26.5],[86.8,26.4],[86.9,26.4],[86.9,26.5],[87.0,26.5],[87.0,26.6],[87.1,26.5],[87.0,26.5]]]}},{"type":"Feature","properties":{"NAME_1":"Bihar","NAME_2":"Vaishali","NAME_0":"India"},"geometry":{"type":"Polygon","coordinates":[[[85.1,26.0],[85.2,26.0],[85.3,26.0],[85.3,25.9],[85.4,25.9],[85.5,25.9],[85.6,25.9],[85.6,25.8],[85.6,25.7],[85.6,25.6],[85.5,25.6],[85.6,25.5],[85.5,25.5],[85.5,25.6],[85.5,25.5],[85.4,25.5],[85.3,25.5],[85.3,25.6],[85.2,25.6],[85.2,25.7],[85.2,25.8],[85.1,25.8],[85.1,25.9],[85.1,26.0]]]}},{"type":"Feature","properties":{"NAME_1":"Chandigarh","NAME_2":"Chandigarh","NAME_0":"India"},"geometry":{"type":"Polygon","coordinates":[[[76.8,30.7],[76.7,30.7],[76.7,30.8],[76.8,30.8],[76.8,30.7]]]}},{"type":"Feature","properties":{"NAME_1":"Chhattisgarh","NAME_2":"Bastar","NAME_0":"India"},"geometry":{"type":"Polygon","coordinates":[[[81.6,20.2],[81.6,20.1],[81.7,20.1],[81.7,20.2],[81.8,20.2],[81.8,20.1],[81.9,20.1],[81.9,20.0],[81.8,20.0],[81.8,19.9],[81.9,19.9],[82.0,19.9],[82.0,19.8],[82.1,19.8],[82.0,19.7],[82.0,19.6],[82.1,19.6],[82.0,19.6],[82.0,19.5],[82.1,19.5],[82.1,19.4],[82.2,19.4],[82.1,19.4],[82.1,19.3],[82.2,19.3],[82.2,19.2],[82.2,19.1],[82.2,19.0],[82.2,18.9],[82.2,18.8],[82.1,18.8],[82.1,18.7],[82.0,18.7],[81.9,18.7],[81.9,18.6],[81.9,18.7],[81.9,18.6],[81.8,18.6],[81.7,18.6],[81.6,18.6],[81.7,18.6],[81.7,18.7],[81.8,18.7],[81.7,18.7],[81.8,18.7],[81.8,18.8],[81.7,18.8],[81.6,18.8],[81.6,18.9],[81.5,18.9],[81.5,19.0],[81.5,19.1],[81.4,19.2],[81.3,19.2],[81.3,19.1],[81.3,19.2],[81.2,19.2],[81.2,19.3],[81.1,19.3],[81.1,19.2],[81.0,19.2],[81.0,19.3],[80.9,19.3],[80.8,19.3],[80.8,19.4],[80.9,19.4],[80.9,19.5],[80.8,19.5],[80.8,19.6],[80.7,19.6],[80.7,19.7],[80.7,19.8],[80.8,19.8],[80.7,19.8],[80.7,19.9],[80.8,19.9],[80.9,19.9],[81.0,19.9],[81.0,19.8],[81.1,19.7],[81.2,19.7],[81.2,19.8],[81.3,19.8],[81.3,19.7],[81.4,19.7],[81.4,19.8],[81.4,19.9],[81.3,19.9],[81.3,20.0],[81.4,20.0],[81.4,20.1],[81.4,20.2],[81.4,20.1],[81.5,20.1],[81.5,20.2],[81.6,20.2]]]}},{"type":"Feature","properties":{"NAME_1":"Chhattisgarh","NAME_2":"Bilaspur","NAME_0":"India"},"geometry":{"type":"MultiPolygon","coordinates":[[[[82.1,23.1],[82.2,23.1],[82.2,23.0],[82.2,22.9],[82.1,22.9],[82.1,22.8],[82.2,22.8],[82.1,22.8],[82.2,22.8],[82.1,22.8],[82.1,22.7],[82.2,22.7],[82.2,22.6],[82.2,22.5],[82.1,22.5],[82.2,22.5],[82.1,22.5],[82.1,22.4],[82.2,22.4],[82.1,22.4],[82.1,22.3],[82.2,22.3],[82.3,22.3],[82.4,22.3],[82.4,22.2],[82.5,22.2],[82.4,22.2],[82.4,22.1],[82.3,22.1],[82.3,22.0],[82.3,21.9],[82.4,21.8],[82.4,21.7],[82.3,21.7],[82.2,21.8],[82.1,21.8],[82.1,21.9],[82.0,21.9],[82.0,21.8],[81.9,21.8],[81.9,21.9],[81.8,21.9],[81.8,22.0],[81.8,21.9],[81.8,22.0],[81.7,22.0],[81.7,21.9],[81.7,22.0],[81.6,22.0],[81.5,22.0],[81.5,22.1],[81.5,22.2],[81.5,22.3],[81.6,22.3],[81.5,22.3],[81.5,22.4],[81.5,22.5],[81.6,22.5],[81.6,22.6],[81.6,22.5],[81.6,22.6],[81.7,22.6],[81.7,22.7],[81.7,22.6],[81.8,22.7],[81.7,22.7],[81.8,22.7],[81.8,22.8],[81.8,22.9],[81.9,22.9],[81.9,23.0],[81.9,23.1],[82.0,23.1],[82.1,23.1]]]]}},{"type":"Feature","properties":{"NAME_1":"Chhattisgarh","NAME_2":"Dantewada","NAME_0":"India"},"geometry":{"type":"Polygon","coordinates":[[[80.6,19.3],[80.7,19.3],[80.8,19.3],[80.9,19.3],[81.0,19.3],[81.0,19.2],[81.1,19.2],[81.1,19.3],[81.2,19.3],[81.2,19.2],[81.3,19.2],[81.3,19.1],[81.3,19.2],[81.4,19.2],[81.5,19.1],[81.5,19.0],[81.5,18.9],[81.6,18.9],[81.6,18.8],[81.7,18.8],[81.8,18.8],[81.8,18.7],[81.7,18.7],[81.8,18.7],[81.7,18.7],[81.7,18.6],[81.6,18.6],[81.7,18.6],[81.8,18.6],[81.9,18.6],[81.9,18.7],[81.9,18.6],[82.0,18.6],[81.9,18.6],[81.9,18.5],[81.8,18.5],[81.8,18.4],[81.7,18.4],[81.7,18.3],[81.6,18.3],[81.7,18.3],[81.6,18.3],[81.5,18.3],[81.5,18.2],[81.5,18.1],[81.5,18.0],[81.5,17.9],[81.4,17.9],[81.4,17.8],[81.3,17.8],[81.2,17.8],[81.2,17.9],[81.1,17.8],[81.0,17.8],[81.0,17.9],[81.0,18.0],[81.0,18.1],[80.9,18.1],[81.0,18.1],[81.0,18.2],[80.9,18.2],[80.9,18.1],[80.9,18.2],[80.8,18.2],[80.9,18.2],[80.8,18.2],[80.7,18.2],[80.8,18.2],[80.8,18.3],[80.7,18.3],[80.7,18.4],[80.7,18.5],[80.6,18.5],[80.6,18.6],[80.5,18.6],[80.4,18.6],[80.3,18.6],[80.3,18.7],[80.2,18.7],[80.2,18.8],[80.3,18.8],[80.3,18.9],[80.3,19.0],[80.3,19.1],[80.3,19.2],[80.4,19.2],[80.4,19.3],[80.5,19.3],[80.5,19.4],[80.6,19.4],[80.6,19.3]]]}},{"type":"Feature","properties":{"NAME_1":"Chhattisgarh","NAME_2":"Dhamtari","NAME_0":"India"},"geometry":{"type":"Polygon","coordinates":[[[81.6,21.0],[81.7,21.0],[81.8,21.0],[81.8,20.9],[81.9,20.9],[81.9,21.0],[81.9,20.9],[81.9,20.8],[81.9,20.7],[82.0,20.7],[82.0,20.6],[82.0,20.5],[82.1,20.4],[82.1,20.3],[82.2,20.3],[82.2,20.2],[82.1,20.2],[82.1,20.1],[82.0,20.1],[82.0,20.0],[82.0,20.1],[81.9,20.1],[81.9,20.0],[81.9,20.1],[81.8,20.1],[81.8,20.2],[81.8,20.3],[81.8,20.4],[81.8,20.3],[81.8,20.4],[81.7,20.4],[81.7,20.5],[81.6,20.5],[81.5,20.5],[81.4,20.5],[81.4,20.6],[81.5,20.6],[81.5,20.7],[81.5,20.8],[81.5,20.9],[81.6,20.9],[81.6,21.0]]]}},{"type":"Feature","properties":{"NAME_1":"Chhattisgarh","NAME_2":"Durg","NAME_0":"India"},"geometry":{"type":"Polygon","coordinates":[[[81.6,22.0],[81.7,22.0],[81.7,21.9],[81.7,22.0],[81.8,22.0],[81.8,21.9],[81.8,22.0],[81.8,21.9],[81.9,21.9],[81.9,21.8],[81.8,21.8],[81.7,21.7],[81.7,21.8],[81.7,21.7],[81.7,21.6],[81.7,21.5],[81.6,21.5],[81.6,21.4],[81.6,21.3],[81.5,21.3],[81.5,21.2],[81.6,21.2],[81.6,21.1],[81.6,21.0],[81.6,20.9],[81.5,20.9],[81.5,20.8],[81.5,20.7],[81.5,20.6],[81.4,20.6],[81.4,20.5],[81.3,20.5],[81.3,20.6],[81.3,20.5],[81.2,20.5],[81.3,20.5],[81.2,20.5],[81.2,20.4],[81.3,20.4],[81.2,20.4],[81.1,20.4],[81.0,20.4],[81.0,20.5],[81.0,20.4],[80.9,20.4],[80.9,20.5],[81.0,20.5],[80.9,20.5],[81.0,20.5],[81.0,20.6],[80.9,20.6],[80.9,20.7],[80.9,20.6],[80.9,20.7],[80.8,20.7],[80.9,20.7],[80.8,20.7],[80.8,20.8],[80.9,20.8],[81.0,20.8],[80.9,20.8],[81.0,20.8],[80.9,20.8],[81.0,20.9],[81.0,21.0],[81.0,20.9],[80.9,20.9],[80.9,21.0],[81.0,21.0],[80.9,21.0],[81.0,21.0],[81.1,21.0],[81.1,21.1],[81.2,21.1],[81.2,21.2],[81.1,21.2],[81.2,21.2],[81.1,21.2],[81.2,21.3],[81.2,21.4],[81.2,21.5],[81.1,21.5],[81.1,21.6],[81.2,21.6],[81.2,21.7],[81.2,21.8],[81.2,21.7],[81.3,21.7],[81.3,21.8],[81.4,21.8],[81.4,21.9],[81.5,21.9],[81.5,22.0],[81.6,22.0]]]}},{"type":"Feature","properties":{"NAME_1":"Chhattisgarh","NAME_2":"Janjgir-Champa","NAME_0":"India"},"geometry":{"type":"Polygon","coordinates":[[[82.6,22.2],[82.7,22.2],[82.6,22.2],[82.6,22.1],[82.7,22.1],[82.7,22.0],[82.7,22.1],[82.8,22.1],[82.7,22.1],[82.8,22.1],[82.8,22.2],[82.9,22.2],[82.9,22.1],[83.0,22.1],[83.0,22.0],[83.1,22.0],[83.1,21.9],[83.2,21.9],[83.2,21.8],[83.2,21.7],[83.3,21.7],[83.2,21.7],[83.1,21.7],[83.0,21.7],[82.9,21.7],[82.8,21.7],[82.7,21.7],[82.6,21.7],[82.5,21.7],[82.4,21.7],[82.4,21.8],[82.3,21.9],[82.3,22.0],[82.3,22.1],[82.4,22.1],[82.4,22.2],[82.5,22.2],[82.5,22.3],[82.5,22.2],[82.6,22.2],[82.6,22.3],[82.6,22.2]]]}},{"type":"Feature","properties":{"NAME_1":"Chhattisgarh","NAME_2":"Jashpur","NAME_0":"India"},"geometry":{"type":"Polygon","coordinates":[[[83.8,23.2],[83.9,23.2],[83.9,23.1],[83.9,23.2],[84.0,23.2],[84.0,23.1],[84.1,23.1],[84.1,23.0],[84.2,23.0],[84.3,23.0],[84.4,23.0],[84.4,22.9],[84.3,22.9],[84.3,22.8],[84.2,22.7],[84.2,22.6],[84.1,22.6],[84.0,22.6],[84.0,22.5],[84.0,22.4],[83.9,22.4],[83.9,22.3],[83.8,22.3],[83.7,22.4],[83.6,22.4],[83.6,22.5],[83.5,22.5],[83.4,22.5],[83.4,22.6],[83.4,22.7],[83.5,22.7],[83.6,22.7],[83.7,22.6],[83.7,22.7],[83.6,22.7],[83.6,22.8],[83.7,22.8],[83.6,22.8],[83.6,22.9],[83.5,22.9],[83.5,23.0],[83.5,23.1],[83.6,23.1],[83.5,23.2],[83.6,23.2],[83.7,23.2],[83.8,23.2]]]}},{"type":"Feature","properties":{"NAME_1":"Chhattisgarh","NAME_2":"Kanker","NAME_0":"India"},"geometry":{"type":"Polygon","coordinates":[[[81.3,20.6],[81.3,20.5],[81.4,20.5],[81.5,20.5],[81.6,20.5],[81.7,20.5],[81.7,20.4],[81.8,20.4],[81.8,20.3],[81.8,20.4],[81.8,20.3],[81.8,20.2],[81.7,20.2],[81.7,20.1],[81.6,20.1],[81.6,20.2],[81.5,20.2],[81.5,20.1],[81.4,20.1],[81.4,20.2],[81.4,20.1],[81.4,20.0],[81.3,20.0],[81.3,19.9],[81.4,19.9],[81.4,19.8],[81.4,19.7],[81.3,19.7],[81.3,19.8],[81.2,19.8],[81.2,19.7],[81.1,19.7],[81.0,19.8],[81.0,19.9],[80.9,19.9],[80.8,19.9],[80.7,19.9],[80.7,19.8],[80.8,19.8],[80.7,19.8],[80.7,19.7],[80.6,19.7],[80.6,19.8],[80.5,19.8],[80.4,19.8],[80.5,19.8],[80.5,19.9],[80.4,19.9],[80.4,20.0],[80.5,19.9],[80.5,20.0],[80.5,20.1],[80.6,20.1],[80.6,20.2],[80.7,20.2],[80.7,20.3],[80.8,20.3],[80.8,20.4],[80.8,20.3],[80.8,20.4],[80.9,20.4],[81.0,20.4],[81.0,20.5],[81.0,20.4],[81.1,20.4],[81.2,20.4],[81.3,20.4],[81.2,20.4],[81.2,20.5],[81.3,20.5],[81.2,20.5],[81.3,20.5],[81.3,20.6]]]}},{"type":"Feature","properties":{"NAME_1":"Chhattisgarh","NAME_2":"Kawardha","NAME_0":"India"},"geometry":{"type":"Polygon","coordinates":[[[81.3,22.5],[81.4,22.5],[81.4,22.4],[81.4,22.5],[81.5,22.5],[81.4,22.5],[81.5,22.5],[81.5,22.4],[81.5,22.3],[81.6,22.3],[81.5,22.3],[81.5,22.2],[81.5,22.1],[81.5,22.0],[81.5,21.9],[81.4,21.9],[81.4,21.8],[81.3,21.8],[81.3,21.7],[81.2,21.7],[81.2,21.8],[81.2,21.7],[81.1,21.7],[81.0,21.7],[81.0,21.8],[80.9,21.8],[80.8,21.8],[80.8,21.9],[80.8,22.0],[80.9,22.0],[80.9,22.1],[81.0,22.1],[81.0,22.0],[81.0,22.1],[81.0,22.2],[81.1,22.2],[81.1,22.3],[81.1,22.4],[81.1,22.5],[81.2,22.5],[81.3,22.5]]]}},{"type":"Feature","properties":{"NAME_1":"Chhattisgarh","NAME_2":"Korba","NAME_0":"India"},"geometry":{"type":"Polygon","coordinates":[[[82.4,23.0],[82.5,23.0],[82.6,23.0],[82.6,22.9],[82.6,22.8],[82.7,22.8],[82.8,22.8],[82.8,22.7],[82.9,22.7],[83.0,22.7],[83.0,22.6],[83.0,22.7],[83.1,22.7],[83.1,22.6],[83.1,22.5],[83.1,22.4],[83.1,22.3],[83.0,22.3],[83.1,22.3],[83.0,22.3],[83.0,22.2],[83.0,22.1],[82.9,22.1],[82.9,22.2],[82.8,22.2],[82.8,22.1],[82.7,22.1],[82.8,22.1],[82.7,22.1],[82.7,22.0],[82.7,22.1],[82.6,22.1],[82.6,22.2],[82.7,22.2],[82.6,22.2],[82.6,22.3],[82.6,22.2],[82.5,22.2],[82.5,22.3],[82.5,22.2],[82.4,22.2],[82.4,22.3],[82.3,22.3],[82.2,22.3],[82.1,22.3],[82.1,22.4],[82.2,22.4],[82.1,22.4],[82.1,22.5],[82.2,22.5],[82.1,22.5],[82.2,22.5],[82.2,22.6],[82.2,22.7],[82.1,22.7],[82.1,22.8],[82.2,22.8],[82.1,22.8],[82.2,22.8],[82.1,22.8],[82.1,22.9],[82.2,22.9],[82.3,22.9],[82.3,23.0],[82.4,23.0]]]}},{"type":"Feature","properties":{"NAME_1":"Chhattisgarh","NAME_2":"Koriya","NAME_0":"India"},"geometry":{"type":"Polygon","coordinates":[[[81.7,23.9],[81.7,23.8],[81.8,23.8],[81.9,23.8],[81.9,23.9],[82.0,23.9],[82.0,23.8],[82.1,23.8],[82.2,23.8],[82.2,23.9],[82.2,23.8],[82.3,23.8],[82.4,23.8],[82.5,23.8],[82.5,23.7],[82.6,23.7],[82.6,23.6],[82.6,23.5],[82.6,23.4],[82.7,23.4],[82.7,23.3],[82.8,23.3],[82.7,23.3],[82.8,23.3],[82.7,23.3],[82.7,23.2],[82.6,23.2],[82.6,23.1],[82.6,23.0],[82.5,23.0],[82.4,23.0],[82.3,23.0],[82.3,22.9],[82.2,22.9],[82.2,23.0],[82.2,23.1],[82.1,23.1],[82.2,23.1],[82.2,23.2],[82.1,23.2],[82.2,23.2],[82.2,23.3],[82.1,23.3],[82.1,23.4],[82.0,23.4],[82.0,23.5],[81.9,23.5],[81.8,23.5],[81.8,23.6],[81.7,23.6],[81.7,23.5],[81.6,23.5],[81.6,23.6],[81.6,23.7],[81.7,23.7],[81.7,23.8],[81.6,23.8],[81.6,23.9],[81.7,23.9]]]}},{"type":"Feature","properties":{"NAME_1":"Chhattisgarh","NAME_2":"Mahasamund","NAME_0":"India"},"geometry":{"type":"Polygon","coordinates":[[[82.9,21.5],[83.0,21.5],[83.0,21.4],[83.1,21.4],[83.2,21.4],[83.3,21.4],[83.3,21.3],[83.2,21.3],[83.2,21.2],[83.2,21.1],[83.1,21.1],[83.0,21.1],[83.0,21.2],[83.0,21.1],[83.0,21.2],[82.9,21.2],[82.9,21.1],[82.9,21.2],[82.8,21.2],[82.8,21.1],[82.8,21.2],[82.7,21.2],[82.6,21.2],[82.6,21.1],[82.6,21.0],[82.6,20.9],[82.5,20.9],[82.5,20.8],[82.4,20.8],[82.4,20.9],[82.3,20.9],[82.2,20.9],[82.2,21.0],[82.1,21.0],[82.1,21.1],[82.0,21.1],[82.0,21.2],[82.1,21.3],[82.2,21.3],[82.2,21.4],[82.3,21.4],[82.2,21.4],[82.3,21.3],[82.2,21.3],[82.3,21.3],[82.2,21.3],[82.3,21.3],[82.4,21.3],[82.5,21.3],[82.6,21.3],[82.7,21.3],[82.6,21.3],[82.7,21.3],[82.7,21.4],[82.7,21.5],[82.8,21.5],[82.9,21.5]]]}},{"type":"Feature","properties":{"NAME_1":"Chhattisgarh","NAME_2":"Raigarh","NAME_0":"India"},"geometry":{"type":"Polygon","coordinates":[[[83.2,22.8],[83.3,22.8],[83.3,22.7],[83.4,22.7],[83.4,22.6],[83.4,22.5],[83.5,22.5],[83.6,22.5],[83.6,22.4],[83.7,22.4],[83.8,22.3],[83.8,22.2],[83.7,22.2],[83.6,22.2],[83.6,22.1],[83.5,22.1],[83.5,22.0],[83.6,21.9],[83.6,21.8],[83.5,21.8],[83.5,21.7],[83.4,21.7],[83.5,21.6],[83.4,21.6],[83.5,21.6],[83.4,21.6],[83.4,21.5],[83.3,21.5],[83.4,21.4],[83.4,21.3],[83.3,21.4],[83.2,21.4],[83.1,21.4],[83.0,21.4],[83.0,21.5],[82.9,21.5],[82.9,21.6],[83.0,21.6],[83.0,21.7],[82.9,21.7],[83.0,21.7],[83.1,21.7],[83.2,21.7],[83.3,21.7],[83.2,21.7],[83.2,21.8],[83.2,21.9],[83.1,21.9],[83.1,22.0],[83.0,22.0],[83.0,22.1],[82.9,22.1],[83.0,22.1],[83.0,22.2],[83.0,22.3],[83.1,22.3],[83.0,22.3],[83.1,22.3],[83.1,22.4],[83.1,22.5],[83.1,22.6],[83.1,22.7],[83.2,22.7],[83.2,22.8]]]}},{"type":"Feature","properties":{"NAME_1":"Chhattisgarh","NAME_2":"Raipur","NAME_0":"India"},"geometry":{"type":"Polygon","coordinates":[[[82.1,21.9],[82.1,21.8],[82.2,21.8],[82.3,21.7],[82.4,21.7],[82.5,21.7],[82.6,21.7],[82.7,21.7],[82.8,21.7],[82.9,21.7],[83.0,21.7],[83.0,21.6],[82.9,21.6],[82.9,21.5],[82.8,21.5],[82.7,21.5],[82.7,21.4],[82.7,21.3],[82.6,21.3],[82.7,21.3],[82.6,21.3],[82.5,21.3],[82.4,21.3],[82.3,21.3],[82.2,21.3],[82.3,21.3],[82.2,21.3],[82.3,21.3],[82.2,21.4],[82.3,21.4],[82.2,21.4],[82.2,21.3],[82.1,21.3],[82.0,21.2],[82.0,21.1],[82.1,21.1],[82.1,21.0],[82.2,21.0],[82.2,20.9],[82.3,20.9],[82.3,20.8],[82.3,20.7],[82.4,20.7],[82.4,20.6],[82.3,20.6],[82.3,20.5],[82.4,20.5],[82.4,20.4],[82.4,20.3],[82.4,20.2],[82.4,20.1],[82.4,20.0],[82.5,20.0],[82.6,20.0],[82.7,20.0],[82.7,19.9],[82.7,19.8],[82.6,19.8],[82.6,19.9],[82.5,19.9],[82.4,19.9],[82.4,19.8],[82.3,19.8],[82.3,19.9],[82.3,20.0],[82.2,20.0],[82.1,20.0],[82.0,20.0],[82.0,20.1],[82.1,20.1],[82.1,20.2],[82.2,20.2],[82.2,20.3],[82.1,20.3],[82.1,20.4],[82.0,20.5],[82.0,20.6],[82.0,20.7],[81.9,20.7],[81.9,20.8],[81.9,20.9],[81.9,21.0],[81.9,20.9],[81.8,20.9],[81.8,21.0],[81.7,21.0],[81.6,21.0],[81.6,21.1],[81.6,21.2],[81.5,21.2],[81.5,21.3],[81.6,21.3],[81.6,21.4],[81.6,21.5],[81.7,21.5],[81.7,21.6],[81.7,21.7],[81.7,21.8],[81.7,21.7],[81.8,21.8],[81.9,21.8],[82.0,21.8],[82.0,21.9],[82.1,21.9]]]}},{"type":"Feature","properties":{"NAME_1":"Chhattisgarh","NAME_2":"Raj Nandgaon","NAME_0":"India"},"geometry":{"type":"Polygon","coordinates":[[[80.9,21.8],[81.0,21.8],[81.0,21.7],[81.1,21.7],[81.2,21.7],[81.2,21.6],[81.1,21.6],[81.1,21.5],[81.2,21.5],[81.2,21.4],[81.2,21.3],[81.1,21.2],[81.2,21.2],[81.1,21.2],[81.2,21.2],[81.2,21.1],[81.1,21.1],[81.1,21.0],[81.0,21.0],[80.9,21.0],[81.0,21.0],[80.9,21.0],[80.9,20.9],[81.0,20.9],[81.0,21.0],[81.0,20.9],[80.9,20.8],[81.0,20.8],[80.9,20.8],[81.0,20.8],[80.9,20.8],[80.8,20.8],[80.8,20.7],[80.9,20.7],[80.8,20.7],[80.9,20.7],[80.9,20.6],[80.9,20.7],[80.9,20.6],[81.0,20.6],[81.0,20.5],[80.9,20.5],[81.0,20.5],[80.9,20.5],[80.9,20.4],[80.8,20.4],[80.8,20.3],[80.8,20.4],[80.8,20.3],[80.7,20.3],[80.7,20.2],[80.6,20.2],[80.6,20.1],[80.5,20.1],[80.4,20.1],[80.4,20.2],[80.4,20.3],[80.5,20.3],[80.6,20.3],[80.6,20.4],[80.6,20.5],[80.6,20.6],[80.5,20.6],[80.5,20.7],[80.6,20.7],[80.6,20.8],[80.5,20.8],[80.6,20.8],[80.6,20.9],[80.5,20.9],[80.4,20.9],[80.4,21.0],[80.4,21.1],[80.5,21.1],[80.5,21.2],[80.6,21.2],[80.6,21.3],[80.7,21.3],[80.7,21.4],[80.7,21.5],[80.7,21.6],[80.7,21.7],[80.7,21.8],[80.8,21.8],[80.8,21.7],[80.8,21.8],[80.9,21.8]]]}},{"type":"Feature","properties":{"NAME_1":"Chhattisgarh","NAME_2":"Surguja","NAME_0":"India"},"geometry":{"type":"Polygon","coordinates":[[[83.3,24.1],[83.4,24.1],[83.4,24.0],[83.5,24.0],[83.5,23.9],[83.6,23.9],[83.6,23.8],[83.7,23.8],[83.7,23.7],[83.8,23.7],[83.8,23.6],[83.7,23.6],[83.8,23.6],[83.9,23.6],[84.0,23.6],[84.0,23.5],[84.0,23.4],[84.1,23.3],[84.1,23.2],[84.0,23.2],[83.9,23.2],[83.9,23.1],[83.9,23.2],[83.8,23.2],[83.7,23.2],[83.6,23.2],[83.5,23.2],[83.6,23.1],[83.5,23.1],[83.5,23.0],[83.5,22.9],[83.6,22.9],[83.6,22.8],[83.7,22.8],[83.6,22.8],[83.6,22.7],[83.7,22.7],[83.7,22.6],[83.6,22.7],[83.5,22.7],[83.4,22.7],[83.4,22.6],[83.4,22.7],[83.3,22.7],[83.3,22.8],[83.2,22.8],[83.2,22.7],[83.1,22.7],[83.0,22.7],[83.0,22.6],[83.0,22.7],[82.9,22.7],[82.8,22.7],[82.8,22.8],[82.7,22.8],[82.6,22.8],[82.6,22.9],[82.6,23.0],[82.6,23.1],[82.6,23.2],[82.7,23.2],[82.7,23.3],[82.8,23.3],[82.7,23.3],[82.8,23.3],[82.7,23.3],[82.7,23.4],[82.6,23.4],[82.6,23.5],[82.6,23.6],[82.6,23.7],[82.5,23.7],[82.5,23.8],[82.6,23.8],[82.6,23.9],[82.7,23.9],[82.6,23.9],[82.7,23.9],[82.8,23.9],[82.8,24.0],[82.8,23.9],[82.9,23.9],[83.0,23.9],[83.1,23.9],[83.2,23.9],[83.2,24.0],[83.3,24.0],[83.3,24.1]]]}},{"type":"Feature","properties":{"NAME_1":"Dadra and Nagar Haveli","NAME_2":"Dadra and Nagar Haveli","NAME_0":"India"},"geometry":{"type":"Polygon","coordinates":[[[73.0,20.3],[73.1,20.3],[73.1,20.4],[73.1,20.3],[73.2,20.3],[73.1,20.3],[73.1,20.2],[73.2,20.2],[73.1,20.2],[73.2,20.2],[73.2,20.1],[73.1,20.1],[73.0,20.1],[73.0,20.2],[72.9,20.2],[72.9,20.3],[73.0,20.3]]]}},{"type":"Feature","properties":{"NAME_1":"Daman and Diu","NAME_2":"Daman","NAME_0":"India"},"geometry":{"type":"Polygon","coordinates":[[[72.8,20.4],[72.8,20.5],[72.9,20.5],[72.8,20.5],[72.8,20.4],[72.9,20.4],[72.8,20.4]]]}},{"type":"Feature","properties":{"NAME_1":"Daman and Diu","NAME_2":"Junagadh","NAME_0":"India"},"geometry":{"type":"MultiPolygon","coordinates":[[[[70.8,21.0],[70.9,21.0],[70.9,20.9],[70.8,20.9],[70.8,20.8],[70.9,20.8],[70.8,20.8],[70.9,20.8],[70.9,20.7],[70.8,20.7],[70.9,20.7],[70.8,20.7],[70.7,20.7],[70.7,20.8],[70.7,20.9],[70.7,21.0],[70.8,21.0]]]]}},{"type":"Feature","properties":{"NAME_1":"Delhi","NAME_2":"Delhi","NAME_0":"India"},"geometry":{"type":"Polygon","coordinates":[[[77.2,28.8],[77.3,28.8],[77.3,28.7],[77.3,28.6],[77.3,28.5],[77.2,28.5],[77.2,28.4],[77.1,28.4],[77.1,28.5],[77.0,28.5],[76.9,28.5],[76.8,28.6],[76.9,28.6],[76.9,28.7],[77.0,28.7],[76.9,28.7],[77.0,28.7],[76.9,28.7],[77.0,28.7],[76.9,28.8],[77.0,28.8],[77.0,28.9],[77.1,28.9],[77.1,28.8],[77.2,28.8],[77.2,28.9],[77.2,28.8]]]}},{"type":"Feature","properties":{"NAME_1":"Goa","NAME_2":"North Goa","NAME_0":"India"},"geometry":{"type":"Polygon","coordinates":[[[73.9,15.8],[73.9,15.7],[74.0,15.7],[74.0,15.6],[74.1,15.6],[74.1,15.7],[74.1,15.6],[74.2,15.6],[74.2,15.7],[74.2,15.6],[74.2,15.7],[74.3,15.7],[74.3,15.6],[74.3,15.5],[74.2,15.5],[74.2,15.4],[74.1,15.4],[74.1,15.3],[74.0,15.3],[74.0,15.4],[73.9,15.4],[73.9,15.5],[73.8,15.5],[73.8,15.4],[73.8,15.5],[73.8,15.4],[73.8,15.5],[73.8,15.6],[73.7,15.6],[73.8,15.6],[73.7,15.6],[73.7,15.7],[73.8,15.7],[73.8,15.8],[73.9,15.8]]]}},{"type":"Feature","properties":{"NAME_1":"Goa","NAME_2":"South Goa","NAME_0":"India"},"geometry":{"type":"MultiPolygon","coordinates":[[[[73.8,15.4],[73.8,15.3],[73.8,15.4],[73.8,15.3],[73.8,15.4],[73.8,15.3],[73.8,15.4],[73.8,15.3],[73.8,15.4]]],[[[73.9,15.4],[74.0,15.4],[74.0,15.3],[74.1,15.3],[74.1,15.4],[74.2,15.4],[74.2,15.5],[74.3,15.5],[74.3,15.4],[74.3,15.3],[74.3,15.2],[74.3,15.1],[74.3,15.0],[74.2,15.0],[74.2,14.9],[74.2,15.0],[74.2,14.9],[74.1,14.9],[74.0,14.9],[74.0,15.0],[74.1,15.0],[74.0,15.0],[74.1,15.0],[74.0,15.0],[74.0,15.1],[73.9,15.1],[73.9,15.2],[73.9,15.3],[73.9,15.4],[73.8,15.4],[73.9,15.4]]]]}},{"type":"Feature","properties":{"NAME_1":"Gujarat","NAME_2":"Ahmadabad","NAME_0":"India"},"geometry":{"type":"Polygon","coordinates":[[[72.0,23.5],[72.1,23.5],[72.1,23.4],[72.1,23.5],[72.1,23.4],[72.2,23.4],[72.3,23.4],[72.3,23.5],[72.3,23.4],[72.3,23.3],[72.2,23.3],[72.2,23.2],[72.2,23.1],[72.3,23.1],[72.3,23.0],[72.3,23.1],[72.4,23.1],[72.4,23.0],[72.5,23.0],[72.5,23.1],[72.5,23.2],[72.5,23.1],[72.5,23.2],[72.6,23.2],[72.5,23.1],[72.6,23.1],[72.7,23.1],[72.8,23.1],[72.8,23.0],[72.9,23.0],[72.8,23.0],[72.8,22.9],[72.7,22.9],[72.6,22.9],[72.6,22.8],[72.5,22.8],[72.5,22.7],[72.6,22.7],[72.5,22.7],[72.6,22.7],[72.5,22.6],[72.4,22.6],[72.4,22.5],[72.4,22.4],[72.4,22.5],[72.4,22.4],[72.4,22.3],[72.3,22.3],[72.4,22.3],[72.3,22.3],[72.3,22.2],[72.3,22.1],[72.2,22.1],[72.2,22.0],[72.2,22.1],[72.2,22.0],[72.2,22.1],[72.1,22.1],[72.2,22.1],[72.2,22.0],[72.1,22.1],[72.0,22.1],[71.9,22.1],[71.8,22.1],[71.9,22.1],[71.8,22.1],[71.7,22.2],[71.6,22.2],[71.7,22.2],[71.7,22.3],[71.6,22.3],[71.6,22.4],[71.7,22.4],[71.8,22.4],[71.9,22.4],[71.9,22.5],[72.0,22.5],[71.9,22.5],[72.0,22.5],[72.1,22.5],[72.1,22.4],[72.1,22.5],[72.2,22.5],[72.2,22.6],[72.1,22.6],[72.1,22.7],[72.0,22.7],[72.1,22.7],[72.1,22.8],[72.0,22.8],[72.1,22.8],[72.0,22.8],[72.0,22.9],[72.0,23.0],[72.0,23.1],[72.0,23.0],[72.0,23.1],[71.9,23.1],[71.9,23.2],[72.0,23.2],[72.0,23.3],[72.0,23.2],[71.9,23.3],[71.9,23.2],[71.9,23.3],[71.9,23.4],[72.0,23.4],[72.0,23.5]]]}},{"type":"Feature","properties":{"NAME_1":"Gujarat","NAME_2":"Amreli","NAME_0":"India"},"geometry":{"type":"MultiPolygon","coordinates":[[[[71.4,22.0],[71.4,21.9],[71.5,21.9],[71.4,21.9],[71.5,21.9],[71.5,21.8],[71.6,21.8],[71.6,21.7],[71.6,21.6],[71.6,21.5],[71.5,21.5],[71.5,21.4],[71.6,21.4],[71.6,21.3],[71.7,21.3],[71.7,21.4],[71.7,21.3],[71.6,21.3],[71.5,21.3],[71.5,21.2],[71.6,21.2],[71.6,21.1],[71.7,21.1],[71.7,21.0],[71.6,21.0],[71.6,20.9],[71.6,21.0],[71.6,20.9],[71.5,20.9],[71.5,21.0],[71.5,20.9],[71.4,20.9],[71.3,20.9],[71.3,20.8],[71.3,20.9],[71.3,20.8],[71.2,20.8],[71.2,20.9],[71.2,21.0],[71.2,20.9],[71.1,21.0],[71.2,21.0],[71.2,21.1],[71.1,21.1],[71.0,21.1],[71.0,21.2],[70.9,21.2],[70.8,21.2],[70.8,21.3],[70.9,21.3],[70.9,21.4],[71.0,21.4],[70.9,21.4],[70.9,21.5],[70.9,21.4],[70.9,21.5],[70.8,21.5],[70.9,21.5],[70.9,21.6],[70.8,21.6],[70.8,21.7],[70.9,21.7],[70.9,21.8],[70.9,21.7],[71.0,21.7],[71.1,21.7],[71.1,21.8],[71.1,21.9],[71.1,21.8],[71.1,21.9],[71.0,21.9],[71.1,21.9],[71.2,21.9],[71.2,22.0],[71.3,22.0],[71.4,22.0]]]]}},{"type":"Feature","properties":{"NAME_1":"Gujarat","NAME_2":"Anand","NAME_0":"India"},"geometry":{"type":"MultiPolygon","coordinates":[[[[73.1,22.7],[73.2,22.7],[73.2,22.6],[73.2,22.5],[73.1,22.5],[73.1,22.4],[73.1,22.3],[73.0,22.3],[73.0,22.2],[73.0,22.3],[72.9,22.3],[72.9,22.2],[72.9,22.3],[72.8,22.3],[72.8,22.2],[72.7,22.2],[72.7,22.3],[72.6,22.3],[72.6,22.2],[72.6,22.3],[72.5,22.3],[72.5,22.2],[72.5,22.3],[72.6,22.3],[72.5,22.3],[72.5,22.2],[72.5,22.3],[72.4,22.3],[72.4,22.4],[72.4,22.5],[72.4,22.4],[72.4,22.5],[72.4,22.6],[72.5,22.6],[72.6,22.6],[72.6,22.5],[72.7,22.5],[72.7,22.6],[72.8,22.6],[72.9,22.6],[73.0,22.6],[73.0,22.7],[73.1,22.7]]]]}},{"type":"Feature","properties":{"NAME_1":"Gujarat","NAME_2":"Banas Kantha","NAME_0":"India"},"geometry":{"type":"Polygon","coordinates":[[[72.1,24.6],[72.2,24.6],[72.3,24.6],[72.4,24.6],[72.3,24.6],[72.3,24.5],[72.3,24.6],[72.4,24.6],[72.4,24.5],[72.4,24.4],[72.5,24.4],[72.5,24.5],[72.5,24.4],[72.5,24.5],[72.6,24.5],[72.7,24.5],[72.7,24.4],[72.8,24.4],[72.9,24.4],[72.9,24.3],[73.0,24.3],[73.0,24.4],[73.0,24.3],[73.0,24.2],[73.0,24.1],[72.9,24.1],[72.9,24.0],[72.8,24.0],[72.8,24.1],[72.7,24.1],[72.6,24.1],[72.6,24.0],[72.7,24.0],[72.6,24.0],[72.6,23.9],[72.5,23.9],[72.5,24.0],[72.4,24.0],[72.3,24.0],[72.3,24.1],[72.2,24.1],[72.1,24.1],[72.2,24.1],[72.1,24.1],[72.1,24.0],[72.0,24.0],[72.0,24.1],[72.0,24.0],[72.1,24.0],[72.0,24.0],[71.9,24.0],[72.0,24.0],[71.9,24.0],[71.9,23.9],[72.0,23.9],[71.9,23.9],[71.9,23.8],[71.8,23.8],[71.8,23.9],[71.8,23.8],[71.7,23.9],[71.7,24.0],[71.6,24.0],[71.6,23.9],[71.6,24.0],[71.5,24.0],[71.5,23.9],[71.4,23.9],[71.4,24.0],[71.4,23.9],[71.4,24.0],[71.3,24.0],[71.3,24.1],[71.4,24.1],[71.3,24.1],[71.3,24.2],[71.3,24.1],[71.3,24.2],[71.4,24.2],[71.3,24.2],[71.3,24.3],[71.3,24.2],[71.3,24.3],[71.4,24.3],[71.4,24.4],[71.3,24.4],[71.4,24.4],[71.3,24.4],[71.3,24.5],[71.4,24.5],[71.3,24.5],[71.4,24.5],[71.3,24.5],[71.3,24.6],[71.4,24.7],[71.4,24.6],[71.4,24.7],[71.5,24.7],[71.6,24.7],[71.6,24.6],[71.7,24.6],[71.7,24.7],[71.8,24.7],[71.8,24.6],[71.9,24.6],[71.9,24.7],[71.9,24.6],[72.0,24.6],[72.0,24.7],[72.1,24.7],[72.1,24.6]]]}},{"type":"Feature","properties":{"NAME_1":"Gujarat","NAME_2":"Bharuch","NAME_0":"India"},"geometry":{"type":"MultiPolygon","coordinates":[[[[72.7,21.7],[72.8,21.7],[72.7,21.7],[72.7,21.6],[72.7,21.7]]],[[[72.8,22.2],[72.9,22.2],[72.9,22.1],[72.9,22.0],[73.0,22.0],[73.1,22.0],[73.1,21.9],[73.0,21.9],[73.1,21.9],[73.2,21.9],[73.2,21.8],[73.3,21.8],[73.3,21.9],[73.2,21.9],[73.3,21.9],[73.3,21.8],[73.4,21.8],[73.4,21.7],[73.5,21.7],[73.5,21.6],[73.4,21.5],[73.5,21.5],[73.4,21.5],[73.3,21.5],[73.2,21.5],[73.1,21.5],[73.1,21.6],[73.1,21.5],[73.0,21.5],[73.1,21.5],[73.0,21.5],[72.9,21.5],[72.9,21.4],[72.9,21.5],[72.9,21.4],[72.8,21.4],[72.8,21.5],[72.8,21.4],[72.8,21.5],[72.7,21.5],[72.7,21.4],[72.7,21.5],[72.7,21.4],[72.6,21.4],[72.7,21.4],[72.7,21.5],[72.7,21.6],[72.7,21.5],[72.6,21.5],[72.6,21.6],[72.7,21.6],[72.7,21.7],[72.7,21.6],[72.8,21.6],[72.8,21.7],[72.8,21.6],[72.8,21.7],[72.8,21.6],[72.8,21.7],[72.7,21.7],[72.6,21.7],[72.5,21.7],[72.5,21.8],[72.6,21.8],[72.5,21.8],[72.5,21.9],[72.5,22.0],[72.5,22.1],[72.5,22.2],[72.6,22.2],[72.7,22.2],[72.8,22.2]]]]}},{"type":"Feature","properties":{"NAME_1":"Gujarat","NAME_2":"Bhavnagar","NAME_0":"India"},"geometry":{"type":"MultiPolygon","coordinates":[[[[72.4,21.6],[72.3,21.6],[72.4,21.6],[72.3,21.6],[72.4,21.6]]],[[[72.4,22.3],[72.4,22.2],[72.4,22.3],[72.4,22.2],[72.4,22.1],[72.4,22.2],[72.3,22.2],[72.4,22.2],[72.4,22.1],[72.3,22.1],[72.4,22.1],[72.3,22.1],[72.3,22.2],[72.3,22.1],[72.3,22.0],[72.3,21.9],[72.3,22.0],[72.2,22.0],[72.2,22.1],[72.3,22.1],[72.2,22.1],[72.2,22.0],[72.2,22.1],[72.3,22.1],[72.3,22.2],[72.3,22.3],[72.4,22.3],[72.3,22.3],[72.4,22.3]]],[[[71.6,22.3],[71.7,22.3],[71.7,22.2],[71.6,22.2],[71.7,22.2],[71.8,22.1],[71.9,22.1],[71.8,22.1],[71.9,22.1],[72.0,22.1],[72.1,22.1],[72.2,22.0],[72.2,22.1],[72.1,22.1],[72.2,22.1],[72.2,22.0],[72.2,22.1],[72.2,22.0],[72.2,21.9],[72.2,22.0],[72.1,22.0],[72.2,22.0],[72.1,22.0],[72.2,22.0],[72.2,21.9],[72.3,21.9],[72.3,21.8],[72.3,21.7],[72.3,21.8],[72.2,21.8],[72.2,21.7],[72.3,21.7],[72.3,21.6],[72.3,21.5],[72.2,21.5],[72.2,21.4],[72.1,21.4],[72.1,21.3],[72.1,21.2],[72.1,21.3],[72.1,21.2],[72.0,21.2],[72.0,21.1],[72.0,21.2],[72.0,21.1],[71.9,21.1],[71.8,21.1],[71.8,21.0],[71.7,21.0],[71.7,21.1],[71.6,21.1],[71.6,21.2],[71.5,21.2],[71.5,21.3],[71.6,21.3],[71.7,21.3],[71.7,21.4],[71.7,21.3],[71.6,21.3],[71.6,21.4],[71.5,21.4],[71.5,21.5],[71.6,21.5],[71.6,21.6],[71.6,21.7],[71.6,21.8],[71.5,21.8],[71.5,21.9],[71.4,21.9],[71.5,21.9],[71.4,21.9],[71.4,22.0],[71.5,22.0],[71.5,22.1],[71.5,22.2],[71.4,22.2],[71.5,22.2],[71.5,22.3],[71.5,22.2],[71.4,22.3],[71.5,22.3],[71.6,22.3]]]]}},{"type":"Feature","properties":{"NAME_1":"Gujarat","NAME_2":"Dahod","NAME_0":"India"},"geometry":{"type":"Polygon","coordinates":[[[73.8,23.4],[73.9,23.4],[73.9,23.3],[73.9,23.4],[74.0,23.4],[74.0,23.3],[74.1,23.3],[74.1,23.2],[74.2,23.2],[74.3,23.2],[74.3,23.1],[74.3,23.0],[74.4,23.0],[74.3,23.0],[74.4,22.9],[74.5,22.9],[74.5,22.8],[74.4,22.8],[74.4,22.7],[74.4,22.6],[74.3,22.6],[74.2,22.6],[74.2,22.5],[74.1,22.5],[74.1,22.6],[74.0,22.6],[74.0,22.5],[73.9,22.5],[73.8,22.5],[73.8,22.6],[73.8,22.5],[73.7,22.5],[73.6,22.5],[73.7,22.5],[73.6,22.5],[73.6,22.6],[73.6,22.7],[73.7,22.7],[73.7,22.8],[73.8,22.8],[73.9,22.8],[73.8,22.8],[73.9,22.8],[73.9,22.9],[73.9,23.0],[73.9,23.1],[73.8,23.1],[73.7,23.1],[73.7,23.0],[73.6,23.0],[73.6,23.1],[73.7,23.1],[73.7,23.2],[73.8,23.2],[73.8,23.3],[73.7,23.3],[73.7,23.4],[73.8,23.4],[73.8,23.5],[73.8,23.4]]]}},{"type":"Feature","properties":{"NAME_1":"Gujarat","NAME_2":"Gandhinagar","NAME_0":"India"},"geometry":{"type":"Polygon","coordinates":[[[72.6,23.4],[72.7,23.4],[72.7,23.3],[72.8,23.3],[72.9,23.3],[72.9,23.2],[73.0,23.2],[73.0,23.3],[73.0,23.2],[73.0,23.1],[72.9,23.1],[72.9,23.0],[72.8,23.0],[72.8,23.1],[72.7,23.1],[72.6,23.1],[72.5,23.1],[72.6,23.2],[72.5,23.2],[72.5,23.1],[72.5,23.2],[72.5,23.1],[72.5,23.0],[72.4,23.0],[72.4,23.1],[72.3,23.1],[72.4,23.1],[72.4,23.2],[72.5,23.2],[72.4,23.2],[72.5,23.2],[72.5,23.3],[72.4,23.3],[72.5,23.3],[72.5,23.4],[72.6,23.4]]]}},{"type":"Feature","properties":{"NAME_1":"Gujarat","NAME_2":"Jamnagar","NAME_0":"India"},"geometry":{"type":"MultiPolygon","coordinates":[[[[69.6,22.5],[69.6,22.4],[69.7,22.4],[69.6,22.4],[69.6,22.5]]],[[[69.1,22.5],[69.2,22.5],[69.1,22.5],[69.1,22.4],[69.1,22.5]]],[[[70.0,22.6],[70.0,22.5],[69.9,22.5],[69.9,22.6],[70.0,22.6]]],[[[70.5,23.0],[70.6,23.0],[70.5,22.9],[70.5,23.0],[70.5,22.9],[70.6,22.9],[70.5,22.9],[70.6,22.9],[70.7,22.9],[70.7,22.8],[70.6,22.8],[70.6,22.7],[70.7,22.7],[70.6,22.7],[70.6,22.6],[70.6,22.5],[70.5,22.5],[70.6,22.5],[70.5,22.5],[70.5,22.4],[70.5,22.5],[70.5,22.4],[70.5,22.3],[70.5,22.2],[70.6,22.2],[70.6,22.1],[70.6,22.0],[70.5,22.0],[70.4,22.0],[70.3,22.0],[70.2,22.0],[70.2,21.9],[70.1,21.9],[70.1,21.8],[70.1,21.7],[70.0,21.7],[70.0,21.8],[69.9,21.8],[69.9,21.7],[69.8,21.7],[69.8,21.8],[69.7,21.8],[69.6,21.8],[69.6,21.9],[69.7,21.9],[69.7,22.0],[69.7,21.9],[69.6,21.9],[69.5,21.9],[69.5,21.8],[69.5,21.9],[69.4,21.9],[69.5,21.9],[69.4,21.9],[69.4,21.8],[69.3,21.8],[69.3,21.9],[69.2,21.9],[69.2,22.0],[69.1,22.0],[69.1,22.1],[69.0,22.1],[69.0,22.2],[69.0,22.3],[68.9,22.3],[69.0,22.3],[69.0,22.4],[69.0,22.5],[69.1,22.5],[69.1,22.4],[69.0,22.4],[69.1,22.4],[69.2,22.4],[69.2,22.3],[69.3,22.3],[69.2,22.3],[69.3,22.3],[69.4,22.3],[69.5,22.3],[69.5,22.4],[69.6,22.4],[69.5,22.4],[69.6,22.4],[69.6,22.3],[69.6,22.4],[69.6,22.3],[69.6,22.4],[69.6,22.3],[69.6,22.4],[69.6,22.3],[69.6,22.4],[69.7,22.4],[69.7,22.5],[69.7,22.4],[69.7,22.5],[69.7,22.4],[69.7,22.5],[69.7,22.4],[69.8,22.4],[69.8,22.5],[69.8,22.4],[69.8,22.5],[69.9,22.5],[69.9,22.4],[69.9,22.5],[70.0,22.5],[69.9,22.5],[70.0,22.5],[70.0,22.6],[70.0,22.5],[70.0,22.6],[70.1,22.6],[70.1,22.5],[70.1,22.6],[70.1,22.5],[70.1,22.6],[70.1,22.5],[70.1,22.6],[70.2,22.6],[70.2,22.7],[70.2,22.6],[70.2,22.7],[70.3,22.7],[70.2,22.7],[70.3,22.7],[70.2,22.7],[70.3,22.7],[70.3,22.8],[70.3,22.9],[70.4,22.9],[70.4,23.0],[70.5,23.0]]]]}},{"type":"Feature","properties":{"NAME_1":"Gujarat","NAME_2":"Junagadh","NAME_0":"India"},"geometry":{"type":"MultiPolygon","coordinates":[[[[70.9,20.8],[70.9,20.7],[70.8,20.7],[70.9,20.7],[70.9,20.8]]],[[[70.2,21.7],[70.2,21.6],[70.1,21.6],[70.2,21.6],[70.3,21.6],[70.3,21.5],[70.3,21.6],[70.4,21.6],[70.4,21.7],[70.5,21.7],[70.5,21.6],[70.5,21.7],[70.6,21.7],[70.6,21.6],[70.7,21.6],[70.8,21.6],[70.8,21.7],[70.8,21.6],[70.9,21.6],[70.9,21.5],[70.8,21.5],[70.9,21.5],[70.9,21.4],[70.9,21.5],[70.9,21.4],[71.0,21.4],[70.9,21.4],[70.9,21.3],[70.8,21.3],[70.8,21.2],[70.9,21.2],[71.0,21.2],[71.0,21.1],[71.1,21.1],[71.2,21.1],[71.2,21.0],[71.1,21.0],[71.2,20.9],[71.2,21.0],[71.2,20.9],[71.2,20.8],[71.3,20.8],[71.2,20.8],[71.1,20.8],[71.2,20.8],[71.1,20.8],[71.1,20.7],[71.0,20.7],[70.9,20.7],[70.9,20.8],[70.8,20.8],[70.9,20.8],[70.8,20.8],[70.8,20.9],[70.9,20.9],[70.9,21.0],[70.8,21.0],[70.7,21.0],[70.7,20.9],[70.7,20.8],[70.6,20.8],[70.5,20.8],[70.4,20.8],[70.4,20.9],[70.3,20.9],[70.4,20.9],[70.3,20.9],[70.3,21.0],[70.2,21.0],[70.2,21.1],[70.1,21.1],[70.1,21.2],[70.0,21.2],[70.0,21.3],[70.1,21.3],[70.0,21.3],[70.0,21.4],[70.1,21.4],[70.1,21.5],[70.0,21.5],[70.0,21.6],[70.1,21.6],[70.1,21.7],[70.2,21.7]]]]}},{"type":"Feature","properties":{"NAME_1":"Gujarat","NAME_2":"Kachchh","NAME_0":"India"},"geometry":{"type":"MultiPolygon","coordinates":[[[[70.5,23.1],[70.5,23.0],[70.4,23.0],[70.5,23.0],[70.5,23.1],[70.4,23.1],[70.5,23.1]]],[[[70.5,23.1],[70.5,23.0],[70.4,23.0],[70.5,23.0],[70.5,23.1]]],[[[68.6,23.3],[68.6,23.2],[68.6,23.3],[68.5,23.3],[68.6,23.3]]],[[[68.6,23.4],[68.6,23.3],[68.6,23.4],[68.6,23.3],[68.6,23.4]]],[[[68.5,23.4],[68.6,23.4],[68.5,23.4],[68.6,23.4],[68.5,23.4],[68.6,23.4],[68.5,23.4]]],[[[68.5,23.5],[68.5,23.4],[68.5,23.5],[68.5,23.4],[68.4,23.4],[68.4,23.5],[68.4,23.4],[68.4,23.5],[68.4,23.4],[68.4,23.5],[68.5,23.5],[68.4,23.5],[68.5,23.5]]],[[[68.3,23.6],[68.2,23.6],[68.3,23.6],[68.2,23.6],[68.3,23.6]]],[[[68.5,23.6],[68.5,23.5],[68.4,23.5],[68.4,23.6],[68.5,23.6]]],[[[68.4,23.8],[68.4,23.7],[68.4,23.6],[68.4,23.7],[68.4,23.6],[68.3,23.6],[68.4,23.6],[68.3,23.6],[68.2,23.6],[68.3,23.6],[68.2,23.6],[68.3,23.6],[68.3,23.7],[68.3,23.6],[68.3,23.7],[68.3,23.6],[68.2,23.6],[68.3,23.6],[68.3,23.7],[68.3,23.6],[68.3,23.7],[68.4,23.7],[68.3,23.7],[68.4,23.7],[68.3,23.7],[68.3,23.8],[68.4,23.8],[68.3,23.8],[68.4,23.8]]],[[[68.3,23.8],[68.3,23.7],[68.3,23.8],[68.3,23.7],[68.3,23.8]]],[[[68.5,23.8],[68.5,23.7],[68.5,23.8],[68.5,23.7],[68.4,23.7],[68.4,23.8],[68.5,23.8],[68.4,23.8],[68.5,23.8],[68.4,23.8],[68.5,23.8],[68.4,23.8],[68.5,23.8],[68.4,23.8],[68.5,23.8]]],[[[68.4,23.9],[68.4,23.8],[68.3,23.8],[68.4,23.8],[68.4,23.9]]],[[[68.2,23.9],[68.3,23.9],[68.2,23.9],[68.2,23.8],[68.2,23.9]]],[[[68.4,23.9],[68.5,23.9],[68.4,23.9],[68.5,23.9],[68.4,23.9],[68.5,23.9],[68.4,23.9],[68.5,23.9],[68.4,23.9],[68.5,23.9],[68.4,23.9],[68.4,23.8],[68.3,23.8],[68.4,23.8],[68.4,23.9]]],[[[68.5,24.0],[68.5,23.9],[68.4,23.9],[68.4,23.8],[68.4,23.9],[68.5,23.9],[68.4,23.9],[68.4,24.0],[68.5,24.0]]],[[[68.4,24.0],[68.4,23.9],[68.3,23.9],[68.3,23.8],[68.3,23.7],[68.2,23.7],[68.2,23.8],[68.2,23.9],[68.2,23.8],[68.3,23.8],[68.2,23.8],[68.2,23.9],[68.3,23.9],[68.3,24.0],[68.4,24.0]]],[[[71.3,24.5],[71.4,24.5],[71.3,24.5],[71.4,24.5],[71.3,24.5],[71.3,24.4],[71.4,24.4],[71.3,24.4],[71.4,24.4],[71.4,24.3],[71.3,24.3],[71.3,24.2],[71.3,24.3],[71.3,24.2],[71.4,24.2],[71.3,24.2],[71.3,24.1],[71.3,24.2],[71.3,24.1],[71.4,24.1],[71.3,24.1],[71.3,24.0],[71.3,23.9],[71.2,23.9],[71.1,23.9],[71.1,23.8],[71.1,23.7],[71.0,23.7],[71.0,23.6],[71.1,23.6],[71.2,23.6],[71.1,23.6],[71.1,23.7],[71.2,23.7],[71.3,23.7],[71.3,23.6],[71.4,23.7],[71.4,23.6],[71.5,23.6],[71.5,23.5],[71.6,23.5],[71.6,23.4],[71.6,23.3],[71.7,23.3],[71.6,23.3],[71.7,23.3],[71.6,23.3],[71.6,23.2],[71.7,23.2],[71.7,23.1],[71.7,23.2],[71.6,23.2],[71.6,23.1],[71.6,23.2],[71.5,23.2],[71.5,23.1],[71.4,23.1],[71.4,23.2],[71.3,23.2],[71.2,23.2],[71.2,23.1],[71.2,23.2],[71.1,23.2],[71.0,23.2],[71.0,23.1],[70.9,23.1],[71.0,23.1],[70.9,23.2],[70.9,23.1],[70.8,23.1],[70.8,23.2],[70.8,23.1],[70.9,23.1],[70.8,23.1],[70.8,23.2],[70.8,23.1],[70.8,23.2],[70.8,23.1],[70.7,23.1],[70.6,23.1],[70.6,23.0],[70.5,23.0],[70.4,23.0],[70.5,23.0],[70.5,23.1],[70.4,23.1],[70.4,23.0],[70.4,22.9],[70.3,22.9],[70.3,23.0],[70.3,22.9],[70.3,23.0],[70.2,23.0],[70.2,22.9],[70.1,22.9],[70.1,23.0],[70.2,23.0],[70.1,23.0],[70.1,22.9],[70.1,23.0],[70.1,22.9],[70.1,23.0],[70.1,22.9],[70.0,22.9],[69.9,22.9],[69.8,22.9],[69.8,22.8],[69.7,22.8],[69.7,22.7],[69.7,22.8],[69.6,22.8],[69.5,22.8],[69.4,22.8],[69.3,22.8],[69.2,22.8],[69.2,22.9],[69.1,22.9],[69.0,22.9],[69.0,23.0],[68.9,23.0],[68.8,23.0],[68.8,23.1],[68.7,23.1],[68.7,23.2],[68.6,23.2],[68.7,23.2],[68.7,23.1],[68.7,23.2],[68.6,23.2],[68.6,23.3],[68.7,23.3],[68.6,23.3],[68.7,23.3],[68.8,23.3],[68.7,23.3],[68.6,23.3],[68.6,23.4],[68.5,23.4],[68.6,23.4],[68.5,23.4],[68.5,23.5],[68.5,23.4],[68.5,23.5],[68.5,23.4],[68.5,23.5],[68.5,23.6],[68.5,23.5],[68.5,23.6],[68.5,23.7],[68.6,23.7],[68.6,23.8],[68.7,23.8],[68.7,23.9],[68.8,23.9],[68.7,23.9],[68.7,23.8],[68.6,23.8],[68.7,23.8],[68.6,23.8],[68.6,23.9],[68.6,23.8],[68.5,23.8],[68.6,23.8],[68.6,23.9],[68.7,23.9],[68.6,23.9],[68.5,23.9],[68.5,24.0],[68.7,24.0],[68.8,24.0],[68.8,24.1],[68.8,24.2],[68.8,24.3],[68.8,24.2],[68.9,24.2],[68.9,24.3],[69.0,24.3],[69.0,24.2],[69.1,24.3],[69.1,24.2],[69.2,24.2],[69.2,24.3],[69.3,24.3],[69.4,24.3],[69.5,24.3],[69.6,24.3],[69.7,24.2],[69.8,24.2],[69.9,24.2],[70.0,24.2],[70.1,24.2],[70.1,24.3],[70.2,24.3],[70.3,24.3],[70.4,24.4],[70.5,24.4],[70.6,24.4],[70.6,24.3],[70.6,24.2],[70.7,24.2],[70.8,24.2],[70.9,24.2],[70.9,24.3],[71.0,24.3],[71.0,24.4],[71.0,24.3],[71.1,24.4],[71.0,24.4],[71.0,24.5],[71.0,24.6],[71.1,24.6],[71.1,24.7],[71.2,24.6],[71.3,24.6],[71.3,24.5]]]]}},{"type":"Feature","properties":{"NAME_1":"Gujarat","NAME_2":"Kheda","NAME_0":"India"},"geometry":{"type":"Polygon","coordinates":[[[73.5,23.3],[73.6,23.3],[73.6,23.2],[73.5,23.2],[73.6,23.2],[73.5,23.2],[73.5,23.1],[73.5,23.2],[73.5,23.1],[73.4,23.1],[73.4,23.2],[73.4,23.1],[73.4,23.0],[73.5,23.0],[73.4,22.9],[73.4,22.8],[73.3,22.8],[73.3,22.7],[73.2,22.6],[73.2,22.7],[73.1,22.7],[73.0,22.7],[73.0,22.6],[72.9,22.6],[72.8,22.6],[72.7,22.6],[72.7,22.5],[72.6,22.5],[72.6,22.6],[72.5,22.6],[72.6,22.7],[72.5,22.7],[72.6,22.7],[72.5,22.7],[72.5,22.8],[72.6,22.8],[72.6,22.9],[72.7,22.9],[72.8,22.9],[72.8,23.0],[72.9,23.0],[72.8,23.0],[72.9,23.0],[72.9,23.1],[73.0,23.1],[73.0,23.2],[73.1,23.2],[73.2,23.2],[73.2,23.1],[73.3,23.1],[73.4,23.1],[73.4,23.2],[73.3,23.2],[73.4,23.2],[73.3,23.2],[73.4,23.2],[73.4,23.3],[73.5,23.3]]]}},{"type":"Feature","properties":{"NAME_1":"Gujarat","NAME_2":"Mahesana","NAME_0":"India"},"geometry":{"type":"Polygon","coordinates":[[[72.8,24.1],[72.8,24.0],[72.9,24.0],[72.8,24.0],[72.8,23.9],[72.8,23.8],[72.8,23.7],[72.8,23.6],[72.8,23.5],[72.8,23.4],[72.7,23.4],[72.6,23.4],[72.5,23.4],[72.5,23.3],[72.4,23.3],[72.5,23.3],[72.5,23.2],[72.4,23.2],[72.5,23.2],[72.4,23.2],[72.4,23.1],[72.3,23.1],[72.3,23.0],[72.3,23.1],[72.2,23.1],[72.2,23.2],[72.2,23.3],[72.3,23.3],[72.3,23.4],[72.3,23.5],[72.3,23.4],[72.2,23.4],[72.1,23.4],[72.1,23.5],[72.1,23.4],[72.1,23.5],[72.0,23.5],[72.0,23.6],[72.1,23.6],[72.1,23.7],[72.2,23.7],[72.2,23.6],[72.3,23.6],[72.3,23.7],[72.4,23.7],[72.4,23.8],[72.5,23.8],[72.5,23.9],[72.6,23.9],[72.6,24.0],[72.7,24.0],[72.6,24.0],[72.6,24.1],[72.7,24.1],[72.8,24.1]]]}},{"type":"Feature","properties":{"NAME_1":"Gujarat","NAME_2":"Narmada","NAME_0":"India"},"geometry":{"type":"Polygon","coordinates":[[[73.7,22.0],[73.8,22.0],[73.8,21.9],[73.8,22.0],[73.8,21.9],[73.9,21.9],[73.9,22.0],[73.9,21.9],[73.9,21.8],[73.8,21.8],[73.8,21.7],[73.9,21.7],[73.9,21.6],[73.8,21.6],[73.8,21.5],[73.9,21.5],[74.0,21.5],[73.9,21.5],[73.9,21.4],[73.9,21.5],[73.9,21.4],[73.8,21.4],[73.7,21.4],[73.7,21.5],[73.6,21.5],[73.5,21.5],[73.4,21.5],[73.5,21.6],[73.5,21.7],[73.4,21.7],[73.4,21.8],[73.3,21.8],[73.3,21.9],[73.4,21.9],[73.5,21.9],[73.5,22.0],[73.4,22.0],[73.5,22.0],[73.6,22.0],[73.6,21.9],[73.7,21.9],[73.7,22.0]]]}},{"type":"Feature","properties":{"NAME_1":"Gujarat","NAME_2":"Navsari","NAME_0":"India"},"geometry":{"type":"MultiPolygon","coordinates":[[[[73.0,21.1],[73.0,21.0],[73.1,21.0],[73.1,20.9],[73.2,20.9],[73.3,20.8],[73.3,20.9],[73.4,20.9],[73.4,20.8],[73.5,20.8],[73.5,20.7],[73.4,20.7],[73.5,20.7],[73.4,20.7],[73.4,20.6],[73.3,20.6],[73.2,20.6],[73.1,20.6],[73.1,20.7],[73.0,20.7],[73.1,20.7],[73.0,20.7],[72.9,20.7],[72.9,20.8],[72.8,20.8],[72.9,20.8],[72.8,20.8],[72.8,20.9],[72.8,21.0],[72.7,21.0],[72.7,21.1],[72.7,21.0],[72.8,21.0],[72.9,21.0],[72.9,21.1],[72.9,21.0],[72.9,21.1],[72.9,21.0],[72.9,21.1],[73.0,21.1]]]]}},{"type":"Feature","properties":{"NAME_1":"Gujarat","NAME_2":"Panch Mahals","NAME_0":"India"},"geometry":{"type":"Polygon","coordinates":[[[73.7,23.4],[73.7,23.3],[73.8,23.3],[73.8,23.2],[73.7,23.2],[73.7,23.1],[73.6,23.1],[73.6,23.0],[73.7,23.0],[73.7,23.1],[73.8,23.1],[73.9,23.1],[73.9,23.0],[73.9,22.9],[73.9,22.8],[73.8,22.8],[73.9,22.8],[73.8,22.8],[73.7,22.8],[73.7,22.7],[73.6,22.7],[73.6,22.6],[73.6,22.5],[73.7,22.5],[73.6,22.5],[73.7,22.5],[73.7,22.4],[73.8,22.4],[73.8,22.3],[73.7,22.3],[73.6,22.3],[73.7,22.3],[73.7,22.4],[73.6,22.4],[73.6,22.3],[73.5,22.3],[73.5,22.4],[73.4,22.4],[73.5,22.4],[73.4,22.4],[73.4,22.5],[73.4,22.6],[73.4,22.7],[73.4,22.8],[73.4,22.9],[73.5,23.0],[73.4,23.0],[73.4,23.1],[73.4,23.2],[73.4,23.1],[73.5,23.1],[73.5,23.2],[73.5,23.1],[73.5,23.2],[73.6,23.2],[73.5,23.2],[73.6,23.2],[73.6,23.3],[73.5,23.3],[73.6,23.3],[73.6,23.4],[73.6,23.5],[73.7,23.4],[73.7,23.5],[73.7,23.4]]]}},{"type":"Feature","properties":{"NAME_1":"Gujarat","NAME_2":"Patan","NAME_0":"India"},"geometry":{"type":"Polygon","coordinates":[[[72.2,24.1],[72.3,24.1],[72.3,24.0],[72.4,24.0],[72.5,24.0],[72.5,23.9],[72.5,23.8],[72.4,23.8],[72.4,23.7],[72.3,23.7],[72.3,23.6],[72.2,23.6],[72.2,23.7],[72.1,23.7],[72.1,23.6],[72.0,23.6],[72.0,23.5],[71.9,23.5],[71.9,23.4],[71.8,23.4],[71.8,23.5],[71.7,23.5],[71.6,23.5],[71.5,23.5],[71.5,23.6],[71.4,23.6],[71.4,23.7],[71.3,23.6],[71.3,23.7],[71.2,23.7],[71.1,23.7],[71.1,23.6],[71.2,23.6],[71.1,23.6],[71.0,23.6],[71.0,23.7],[71.1,23.7],[71.1,23.8],[71.1,23.9],[71.2,23.9],[71.3,23.9],[71.3,24.0],[71.4,24.0],[71.4,23.9],[71.4,24.0],[71.4,23.9],[71.5,23.9],[71.5,24.0],[71.6,24.0],[71.6,23.9],[71.6,24.0],[71.7,24.0],[71.7,23.9],[71.8,23.8],[71.8,23.9],[71.8,23.8],[71.9,23.8],[71.9,23.9],[72.0,23.9],[71.9,23.9],[71.9,24.0],[72.0,24.0],[71.9,24.0],[72.0,24.0],[72.1,24.0],[72.0,24.0],[72.0,24.1],[72.0,24.0],[72.1,24.0],[72.1,24.1],[72.2,24.1],[72.1,24.1],[72.2,24.1]]]}},{"type":"Feature","properties":{"NAME_1":"Gujarat","NAME_2":"Porbandar","NAME_0":"India"},"geometry":{"type":"MultiPolygon","coordinates":[[[[69.7,21.9],[69.6,21.9],[69.6,21.8],[69.7,21.8],[69.8,21.8],[69.8,21.7],[69.9,21.7],[69.9,21.8],[70.0,21.8],[70.0,21.7],[70.1,21.7],[70.2,21.7],[70.1,21.7],[70.1,21.6],[70.0,21.6],[70.0,21.5],[70.1,21.5],[70.1,21.4],[70.0,21.4],[70.0,21.3],[70.1,21.3],[70.0,21.3],[70.0,21.2],[70.0,21.3],[69.9,21.3],[69.9,21.4],[69.8,21.4],[69.8,21.5],[69.7,21.5],[69.7,21.6],[69.8,21.6],[69.7,21.6],[69.8,21.6],[69.7,21.6],[69.8,21.6],[69.7,21.6],[69.7,21.7],[69.7,21.6],[69.6,21.6],[69.7,21.6],[69.7,21.5],[69.7,21.6],[69.6,21.6],[69.6,21.7],[69.5,21.7],[69.5,21.8],[69.4,21.8],[69.4,21.9],[69.5,21.9],[69.4,21.9],[69.5,21.9],[69.5,21.8],[69.5,21.9],[69.6,21.9],[69.7,21.9],[69.7,22.0],[69.7,21.9]]]]}},{"type":"Feature","properties":{"NAME_1":"Gujarat","NAME_2":"Rajkot","NAME_0":"India"},"geometry":{"type":"Polygon","coordinates":[[[71.1,23.2],[71.1,23.1],[71.0,23.1],[71.0,23.0],[71.0,22.9],[71.0,22.8],[71.1,22.8],[71.1,22.7],[71.2,22.7],[71.1,22.6],[71.1,22.5],[71.2,22.5],[71.1,22.5],[71.1,22.4],[71.0,22.4],[71.1,22.4],[71.0,22.4],[71.0,22.3],[71.1,22.3],[71.1,22.2],[71.2,22.2],[71.1,22.1],[71.2,22.1],[71.2,22.2],[71.3,22.2],[71.2,22.2],[71.2,22.3],[71.3,22.3],[71.3,22.2],[71.3,22.3],[71.4,22.3],[71.4,22.2],[71.4,22.3],[71.5,22.2],[71.5,22.3],[71.5,22.2],[71.4,22.2],[71.5,22.2],[71.5,22.1],[71.5,22.0],[71.4,22.0],[71.3,22.0],[71.2,22.0],[71.2,21.9],[71.1,21.9],[71.0,21.9],[71.1,21.9],[71.1,21.8],[71.1,21.9],[71.1,21.8],[71.1,21.7],[71.0,21.7],[70.9,21.7],[70.9,21.8],[70.9,21.7],[70.8,21.7],[70.8,21.6],[70.7,21.6],[70.6,21.6],[70.6,21.7],[70.5,21.7],[70.5,21.6],[70.5,21.7],[70.4,21.7],[70.4,21.6],[70.3,21.6],[70.3,21.5],[70.3,21.6],[70.2,21.6],[70.1,21.6],[70.2,21.6],[70.2,21.7],[70.1,21.7],[70.1,21.8],[70.1,21.9],[70.2,21.9],[70.2,22.0],[70.3,22.0],[70.4,22.0],[70.5,22.0],[70.6,22.0],[70.6,22.1],[70.6,22.2],[70.5,22.2],[70.5,22.3],[70.5,22.4],[70.5,22.5],[70.5,22.4],[70.5,22.5],[70.6,22.5],[70.5,22.5],[70.6,22.5],[70.6,22.6],[70.6,22.7],[70.7,22.7],[70.6,22.7],[70.6,22.8],[70.7,22.8],[70.7,22.9],[70.6,22.9],[70.5,22.9],[70.6,22.9],[70.5,22.9],[70.5,23.0],[70.5,22.9],[70.6,23.0],[70.6,23.1],[70.7,23.1],[70.8,23.1],[70.8,23.2],[70.8,23.1],[70.8,23.2],[70.8,23.1],[70.9,23.1],[70.8,23.1],[70.8,23.2],[70.8,23.1],[70.9,23.1],[70.9,23.2],[71.0,23.1],[70.9,23.1],[71.0,23.1],[71.0,23.2],[71.1,23.2]]]}},{"type":"Feature","properties":{"NAME_1":"Gujarat","NAME_2":"Sabar Kantha","NAME_0":"India"},"geometry":{"type":"Polygon","coordinates":[[[73.1,24.5],[73.1,24.4],[73.2,24.4],[73.2,24.3],[73.1,24.3],[73.1,24.2],[73.1,24.1],[73.2,24.1],[73.2,24.0],[73.3,24.0],[73.3,24.1],[73.4,24.1],[73.4,24.0],[73.4,23.9],[73.4,23.8],[73.5,23.8],[73.5,23.7],[73.5,23.6],[73.6,23.6],[73.6,23.7],[73.6,23.6],[73.7,23.6],[73.6,23.6],[73.7,23.6],[73.6,23.6],[73.6,23.5],[73.7,23.5],[73.6,23.5],[73.6,23.4],[73.6,23.3],[73.5,23.3],[73.4,23.3],[73.4,23.2],[73.3,23.2],[73.4,23.2],[73.3,23.2],[73.4,23.2],[73.4,23.1],[73.3,23.1],[73.2,23.1],[73.2,23.2],[73.1,23.2],[73.0,23.2],[73.0,23.3],[73.0,23.2],[72.9,23.2],[72.9,23.3],[72.8,23.3],[72.7,23.3],[72.7,23.4],[72.8,23.4],[72.8,23.5],[72.8,23.6],[72.8,23.7],[72.8,23.8],[72.8,23.9],[72.8,24.0],[72.9,24.0],[72.9,24.1],[73.0,24.1],[73.0,24.2],[73.0,24.3],[73.0,24.4],[73.0,24.5],[73.1,24.5]]]}},{"type":"Feature","properties":{"NAME_1":"Gujarat","NAME_2":"Surat","NAME_0":"India"},"geometry":{"type":"MultiPolygon","coordinates":[[[[74.3,21.6],[74.3,21.5],[74.2,21.5],[74.1,21.5],[74.1,21.4],[74.1,21.5],[74.1,21.4],[74.0,21.4],[74.0,21.3],[73.9,21.3],[73.8,21.3],[73.8,21.2],[73.7,21.2],[73.7,21.1],[73.7,21.2],[73.7,21.1],[73.6,21.1],[73.6,21.2],[73.6,21.1],[73.7,21.1],[73.8,21.1],[73.7,21.1],[73.7,21.0],[73.8,21.0],[73.9,21.0],[73.9,20.9],[73.8,21.0],[73.8,20.9],[73.8,21.0],[73.7,21.0],[73.6,21.0],[73.5,21.0],[73.5,20.9],[73.5,20.8],[73.4,20.8],[73.4,20.9],[73.3,20.9],[73.3,20.8],[73.2,20.9],[73.1,20.9],[73.1,21.0],[73.0,21.0],[73.0,21.1],[72.9,21.1],[72.9,21.0],[72.9,21.1],[72.9,21.0],[72.9,21.1],[72.9,21.0],[72.8,21.0],[72.7,21.0],[72.7,21.1],[72.8,21.1],[72.7,21.1],[72.7,21.2],[72.7,21.1],[72.6,21.1],[72.6,21.2],[72.7,21.2],[72.6,21.2],[72.6,21.3],[72.6,21.4],[72.7,21.4],[72.7,21.5],[72.8,21.5],[72.8,21.4],[72.8,21.5],[72.8,21.4],[72.9,21.4],[72.9,21.5],[72.9,21.4],[72.9,21.5],[73.0,21.5],[73.1,21.5],[73.0,21.5],[73.1,21.5],[73.1,21.6],[73.1,21.5],[73.2,21.5],[73.3,21.5],[73.4,21.5],[73.5,21.5],[73.6,21.5],[73.7,21.5],[73.7,21.4],[73.8,21.4],[73.9,21.4],[73.9,21.5],[73.9,21.4],[73.9,21.5],[74.0,21.5],[74.0,21.6],[74.0,21.5],[74.1,21.6],[74.2,21.6],[74.2,21.5],[74.2,21.6],[74.2,21.5],[74.3,21.5],[74.3,21.6]]]]}},{"type":"Feature","properties":{"NAME_1":"Gujarat","NAME_2":"Surendranagar","NAME_0":"India"},"geometry":{"type":"Polygon","coordinates":[[[72.0,23.5],[72.0,23.4],[71.9,23.4],[71.9,23.3],[71.9,23.2],[71.9,23.3],[72.0,23.2],[72.0,23.3],[72.0,23.2],[71.9,23.2],[71.9,23.1],[72.0,23.1],[72.0,23.0],[72.0,23.1],[72.0,23.0],[72.0,22.9],[72.0,22.8],[72.1,22.8],[72.0,22.8],[72.1,22.8],[72.1,22.7],[72.0,22.7],[72.1,22.7],[72.1,22.6],[72.2,22.6],[72.2,22.5],[72.1,22.5],[72.1,22.4],[72.1,22.5],[72.0,22.5],[71.9,22.5],[72.0,22.5],[71.9,22.5],[71.9,22.4],[71.8,22.4],[71.7,22.4],[71.6,22.4],[71.6,22.3],[71.5,22.3],[71.4,22.3],[71.4,22.2],[71.4,22.3],[71.3,22.3],[71.3,22.2],[71.3,22.3],[71.2,22.3],[71.2,22.2],[71.3,22.2],[71.2,22.2],[71.2,22.1],[71.1,22.1],[71.2,22.2],[71.1,22.2],[71.1,22.3],[71.0,22.3],[71.0,22.4],[71.1,22.4],[71.0,22.4],[71.1,22.4],[71.1,22.5],[71.2,22.5],[71.1,22.5],[71.1,22.6],[71.2,22.7],[71.1,22.7],[71.1,22.8],[71.0,22.8],[71.0,22.9],[71.0,23.0],[71.0,23.1],[71.1,23.1],[71.1,23.2],[71.2,23.2],[71.2,23.1],[71.2,23.2],[71.3,23.2],[71.4,23.2],[71.4,23.1],[71.5,23.1],[71.5,23.2],[71.6,23.2],[71.6,23.1],[71.6,23.2],[71.7,23.2],[71.7,23.1],[71.7,23.2],[71.6,23.2],[71.6,23.3],[71.7,23.3],[71.6,23.3],[71.7,23.3],[71.6,23.3],[71.6,23.4],[71.6,23.5],[71.5,23.5],[71.6,23.5],[71.7,23.5],[71.8,23.5],[71.8,23.4],[71.9,23.4],[71.9,23.5],[72.0,23.5]]]}},{"type":"Feature","properties":{"NAME_1":"Gujarat","NAME_2":"The Dangs","NAME_0":"India"},"geometry":{"type":"Polygon","coordinates":[[[73.9,20.9],[73.9,20.8],[73.9,20.7],[73.8,20.7],[73.8,20.6],[73.7,20.6],[73.6,20.6],[73.6,20.7],[73.6,20.6],[73.6,20.7],[73.5,20.7],[73.5,20.8],[73.5,20.9],[73.5,21.0],[73.6,21.0],[73.7,21.0],[73.8,21.0],[73.8,20.9],[73.8,21.0],[73.9,20.9]]]}},{"type":"Feature","properties":{"NAME_1":"Gujarat","NAME_2":"Vadodara","NAME_0":"India"},"geometry":{"type":"Polygon","coordinates":[[[73.4,22.8],[73.4,22.7],[73.4,22.6],[73.4,22.5],[73.4,22.4],[73.5,22.4],[73.4,22.4],[73.5,22.4],[73.5,22.3],[73.6,22.3],[73.6,22.4],[73.7,22.4],[73.7,22.3],[73.6,22.3],[73.7,22.3],[73.8,22.3],[73.8,22.4],[73.7,22.4],[73.7,22.5],[73.8,22.5],[73.8,22.6],[73.8,22.5],[73.9,22.5],[74.0,22.5],[74.0,22.6],[74.1,22.6],[74.1,22.5],[74.0,22.5],[74.1,22.5],[74.1,22.4],[74.1,22.5],[74.2,22.5],[74.2,22.4],[74.2,22.5],[74.2,22.4],[74.3,22.4],[74.2,22.4],[74.2,22.3],[74.2,22.4],[74.2,22.3],[74.1,22.3],[74.1,22.4],[74.1,22.3],[74.1,22.2],[74.1,22.1],[74.2,22.1],[74.1,22.1],[74.1,22.0],[74.2,22.0],[74.1,22.0],[74.1,21.9],[74.0,21.9],[73.9,21.9],[73.9,22.0],[73.9,21.9],[73.8,21.9],[73.8,22.0],[73.8,21.9],[73.8,22.0],[73.7,22.0],[73.7,21.9],[73.6,21.9],[73.6,22.0],[73.5,22.0],[73.4,22.0],[73.5,22.0],[73.5,21.9],[73.4,21.9],[73.3,21.9],[73.2,21.9],[73.3,21.9],[73.3,21.8],[73.2,21.8],[73.2,21.9],[73.1,21.9],[73.0,21.9],[73.1,21.9],[73.1,22.0],[73.0,22.0],[72.9,22.0],[72.9,22.1],[72.9,22.2],[72.9,22.3],[73.0,22.3],[73.0,22.2],[73.0,22.3],[73.1,22.3],[73.1,22.4],[73.1,22.5],[73.2,22.5],[73.2,22.6],[73.3,22.7],[73.3,22.8],[73.4,22.8]]]}},{"type":"Feature","properties":{"NAME_1":"Gujarat","NAME_2":"Valsad","NAME_0":"India"},"geometry":{"type":"Polygon","coordinates":[[[72.9,20.7],[73.0,20.7],[73.1,20.7],[73.0,20.7],[73.1,20.7],[73.1,20.6],[73.2,20.6],[73.3,20.6],[73.4,20.6],[73.5,20.6],[73.5,20.5],[73.4,20.5],[73.4,20.4],[73.4,20.3],[73.4,20.2],[73.3,20.2],[73.3,20.1],[73.2,20.1],[73.2,20.2],[73.1,20.2],[73.2,20.2],[73.1,20.2],[73.1,20.3],[73.2,20.3],[73.1,20.3],[73.1,20.4],[73.1,20.3],[73.0,20.3],[72.9,20.3],[72.9,20.2],[73.0,20.2],[72.9,20.2],[72.8,20.2],[72.8,20.1],[72.8,20.2],[72.8,20.1],[72.7,20.1],[72.7,20.2],[72.7,20.3],[72.8,20.3],[72.8,20.4],[72.9,20.4],[72.8,20.4],[72.8,20.5],[72.9,20.5],[72.9,20.6],[72.9,20.7]]]}},{"type":"Feature","properties":{"NAME_1":"Haryana","NAME_2":"Ambala","NAME_0":"India"},"geometry":{"type":"Polygon","coordinates":[[[77.1,30.6],[77.1,30.5],[77.2,30.5],[77.3,30.5],[77.3,30.4],[77.2,30.4],[77.2,30.3],[77.1,30.3],[77.1,30.2],[77.2,30.2],[77.1,30.2],[77.1,30.1],[77.0,30.1],[77.0,30.2],[76.9,30.2],[76.8,30.3],[76.8,30.2],[76.7,30.2],[76.6,30.2],[76.6,30.3],[76.5,30.2],[76.5,30.3],[76.6,30.3],[76.7,30.3],[76.7,30.4],[76.8,30.4],[76.9,30.4],[76.9,30.5],[77.0,30.5],[77.0,30.6],[77.1,30.6]]]}},{"type":"Feature","properties":{"NAME_1":"Haryana","NAME_2":"Bhiwani","NAME_0":"India"},"geometry":{"type":"Polygon","coordinates":[[[76.0,29.1],[76.0,29.0],[76.1,29.0],[76.1,29.1],[76.1,29.0],[76.1,29.1],[76.2,29.1],[76.2,29.0],[76.2,28.9],[76.3,28.9],[76.3,28.8],[76.4,28.8],[76.4,28.7],[76.4,28.6],[76.5,28.6],[76.4,28.6],[76.3,28.6],[76.3,28.5],[76.3,28.4],[76.2,28.4],[76.2,28.5],[76.2,28.4],[76.2,28.5],[76.1,28.5],[76.1,28.4],[76.0,28.4],[75.9,28.4],[75.8,28.4],[75.8,28.5],[75.7,28.5],[75.6,28.5],[75.6,28.6],[75.5,28.6],[75.5,28.7],[75.5,28.8],[75.5,28.9],[75.5,29.0],[75.6,29.0],[75.6,28.9],[75.7,28.9],[75.8,28.9],[75.8,29.0],[75.9,29.0],[76.0,29.0],[76.0,29.1]]]}},{"type":"Feature","properties":{"NAME_1":"Haryana","NAME_2":"Faridabad","NAME_0":"India"},"geometry":{"type":"Polygon","coordinates":[[[77.4,28.5],[77.4,28.4],[77.5,28.4],[77.5,28.3],[77.5,28.2],[77.5,28.1],[77.5,28.0],[77.5,27.9],[77.4,27.9],[77.3,27.9],[77.2,27.9],[77.1,28.0],[77.1,28.1],[77.1,28.2],[77.2,28.2],[77.2,28.3],[77.1,28.3],[77.1,28.4],[77.2,28.4],[77.2,28.5],[77.3,28.5],[77.4,28.5]]]}},{"type":"Feature","properties":{"NAME_1":"Haryana","NAME_2":"Fatehabad","NAME_0":"India"},"geometry":{"type":"Polygon","coordinates":[[[75.8,29.8],[75.9,29.8],[75.9,29.7],[75.9,29.8],[75.9,29.7],[75.9,29.6],[76.0,29.6],[75.9,29.6],[75.9,29.5],[75.9,29.6],[75.8,29.6],[75.8,29.5],[75.7,29.5],[75.7,29.4],[75.6,29.4],[75.6,29.3],[75.6,29.4],[75.5,29.4],[75.4,29.4],[75.4,29.3],[75.3,29.3],[75.2,29.3],[75.3,29.3],[75.3,29.4],[75.2,29.4],[75.3,29.4],[75.3,29.5],[75.3,29.6],[75.3,29.7],[75.4,29.7],[75.3,29.7],[75.4,29.7],[75.4,29.8],[75.5,29.8],[75.6,29.8],[75.6,29.7],[75.6,29.8],[75.7,29.8],[75.8,29.8]]]}},{"type":"Feature","properties":{"NAME_1":"Haryana","NAME_2":"Gurgaon","NAME_0":"India"},"geometry":{"type":"Polygon","coordinates":[[[77.0,28.5],[77.1,28.5],[77.1,28.4],[77.2,28.4],[77.1,28.4],[77.1,28.3],[77.2,28.3],[77.2,28.2],[77.1,28.2],[77.1,28.1],[77.1,28.0],[77.2,27.9],[77.3,27.9],[77.3,27.8],[77.2,27.8],[77.1,27.8],[77.2,27.8],[77.1,27.8],[77.0,27.8],[77.1,27.8],[77.1,27.7],[77.0,27.7],[76.9,27.7],[76.9,27.8],[76.9,27.9],[76.9,28.0],[76.9,28.1],[77.0,28.1],[76.9,28.1],[76.9,28.2],[76.8,28.2],[76.8,28.3],[76.8,28.2],[76.7,28.3],[76.6,28.3],[76.7,28.3],[76.7,28.4],[76.6,28.4],[76.7,28.4],[76.7,28.5],[76.8,28.5],[76.9,28.5],[77.0,28.5]]]}},{"type":"Feature","properties":{"NAME_1":"Haryana","NAME_2":"Hisar","NAME_0":"India"},"geometry":{"type":"Polygon","coordinates":[[[75.9,29.6],[76.0,29.6],[75.9,29.5],[76.0,29.5],[76.0,29.4],[76.1,29.4],[76.2,29.4],[76.2,29.3],[76.2,29.2],[76.3,29.2],[76.3,29.1],[76.2,29.1],[76.2,29.0],[76.2,29.1],[76.1,29.1],[76.1,29.0],[76.1,29.1],[76.1,29.0],[76.0,29.0],[76.0,29.1],[76.0,29.0],[75.9,29.0],[75.8,29.0],[75.8,28.9],[75.7,28.9],[75.6,28.9],[75.6,29.0],[75.5,29.0],[75.4,29.0],[75.4,29.1],[75.4,29.2],[75.4,29.3],[75.4,29.2],[75.3,29.2],[75.3,29.3],[75.4,29.3],[75.4,29.4],[75.5,29.4],[75.6,29.4],[75.6,29.3],[75.6,29.4],[75.7,29.4],[75.7,29.5],[75.8,29.5],[75.8,29.6],[75.9,29.6],[75.9,29.5],[75.9,29.6]]]}},{"type":"Feature","properties":{"NAME_1":"Haryana","NAME_2":"Jhajjar","NAME_0":"India"},"geometry":{"type":"Polygon","coordinates":[[[76.9,28.8],[77.0,28.7],[76.9,28.7],[77.0,28.7],[76.9,28.7],[77.0,28.7],[76.9,28.7],[76.9,28.6],[76.8,28.6],[76.9,28.5],[76.8,28.5],[76.7,28.5],[76.7,28.4],[76.6,28.4],[76.5,28.4],[76.4,28.4],[76.4,28.3],[76.4,28.4],[76.3,28.4],[76.3,28.5],[76.3,28.6],[76.4,28.6],[76.5,28.6],[76.4,28.6],[76.4,28.7],[76.5,28.7],[76.5,28.8],[76.5,28.7],[76.6,28.7],[76.6,28.8],[76.7,28.8],[76.8,28.8],[76.8,28.7],[76.8,28.8],[76.9,28.8],[76.9,28.9],[76.9,28.8]]]}},{"type":"Feature","properties":{"NAME_1":"Haryana","NAME_2":"Jind","NAME_0":"India"},"geometry":{"type":"Polygon","coordinates":[[[76.2,29.8],[76.2,29.7],[76.2,29.6],[76.3,29.6],[76.3,29.5],[76.3,29.6],[76.4,29.6],[76.4,29.5],[76.5,29.5],[76.6,29.5],[76.7,29.5],[76.7,29.4],[76.6,29.4],[76.6,29.3],[76.7,29.3],[76.6,29.3],[76.5,29.3],[76.6,29.2],[76.5,29.2],[76.5,29.3],[76.5,29.2],[76.5,29.1],[76.4,29.1],[76.3,29.1],[76.3,29.2],[76.2,29.2],[76.2,29.3],[76.2,29.4],[76.1,29.4],[76.0,29.4],[76.0,29.5],[75.9,29.5],[76.0,29.6],[75.9,29.6],[76.0,29.6],[75.9,29.6],[75.9,29.7],[76.0,29.7],[76.0,29.8],[76.0,29.7],[76.1,29.8],[76.2,29.8]]]}},{"type":"Feature","properties":{"NAME_1":"Haryana","NAME_2":"Kaithal","NAME_0":"India"},"geometry":{"type":"Polygon","coordinates":[[[76.4,30.1],[76.5,30.1],[76.4,30.1],[76.4,30.0],[76.5,30.0],[76.4,30.0],[76.5,30.0],[76.5,29.9],[76.6,29.9],[76.6,30.0],[76.7,30.0],[76.7,29.9],[76.7,30.0],[76.7,29.9],[76.7,29.8],[76.7,29.7],[76.6,29.7],[76.6,29.6],[76.5,29.6],[76.5,29.5],[76.4,29.5],[76.4,29.6],[76.3,29.6],[76.3,29.5],[76.3,29.6],[76.2,29.6],[76.2,29.7],[76.2,29.8],[76.2,29.9],[76.2,30.0],[76.2,30.1],[76.3,30.1],[76.2,30.1],[76.2,30.2],[76.2,30.1],[76.3,30.1],[76.3,30.2],[76.4,30.1],[76.4,30.2],[76.4,30.1]]]}},{"type":"Feature","properties":{"NAME_1":"Haryana","NAME_2":"Karnal","NAME_0":"India"},"geometry":{"type":"Polygon","coordinates":[[[77.1,30.0],[77.2,30.0],[77.2,29.9],[77.2,29.8],[77.1,29.8],[77.1,29.7],[77.1,29.6],[77.1,29.5],[77.1,29.4],[77.0,29.5],[76.9,29.5],[76.8,29.5],[76.7,29.5],[76.6,29.5],[76.5,29.5],[76.5,29.6],[76.6,29.6],[76.6,29.7],[76.7,29.7],[76.7,29.8],[76.7,29.9],[76.8,29.9],[76.9,29.9],[77.0,29.9],[77.0,30.0],[77.0,29.9],[77.0,30.0],[77.0,29.9],[77.1,30.0]]]}},{"type":"Feature","properties":{"NAME_1":"Haryana","NAME_2":"Kurukshetra","NAME_0":"India"},"geometry":{"type":"Polygon","coordinates":[[[76.9,30.2],[77.0,30.2],[77.0,30.1],[77.1,30.1],[77.1,30.2],[77.1,30.1],[77.2,30.1],[77.2,30.0],[77.3,30.1],[77.3,30.0],[77.2,30.0],[77.2,29.9],[77.2,30.0],[77.1,30.0],[77.0,29.9],[77.0,30.0],[77.0,29.9],[77.0,30.0],[77.0,29.9],[76.9,29.9],[76.8,29.9],[76.7,29.9],[76.7,30.0],[76.7,29.9],[76.7,30.0],[76.6,30.0],[76.6,29.9],[76.5,29.9],[76.5,30.0],[76.4,30.0],[76.5,30.0],[76.4,30.0],[76.4,30.1],[76.5,30.1],[76.6,30.1],[76.6,30.2],[76.7,30.2],[76.8,30.2],[76.8,30.3],[76.9,30.2]]]}},{"type":"Feature","properties":{"NAME_1":"Haryana","NAME_2":"Mahendragarh","NAME_0":"India"},"geometry":{"type":"Polygon","coordinates":[[[76.2,28.4],[76.3,28.4],[76.4,28.4],[76.4,28.3],[76.3,28.3],[76.3,28.2],[76.3,28.1],[76.4,28.1],[76.3,28.1],[76.4,28.1],[76.3,28.0],[76.3,28.1],[76.2,28.1],[76.2,28.0],[76.2,27.9],[76.2,27.8],[76.1,27.8],[76.1,27.9],[76.0,27.8],[76.0,27.9],[75.9,27.9],[75.9,28.0],[75.9,27.9],[76.0,27.9],[76.0,28.0],[76.0,28.1],[75.9,28.1],[76.0,28.1],[76.0,28.2],[76.1,28.2],[76.1,28.1],[76.1,28.2],[76.0,28.2],[76.1,28.2],[76.0,28.2],[76.0,28.3],[75.9,28.3],[75.9,28.4],[76.0,28.4],[76.1,28.4],[76.1,28.5],[76.2,28.5],[76.2,28.4],[76.2,28.5],[76.2,28.4]]]}},{"type":"Feature","properties":{"NAME_1":"Haryana","NAME_2":"Panchkula","NAME_0":"India"},"geometry":{"type":"Polygon","coordinates":[[[76.8,30.9],[76.9,30.9],[76.9,30.8],[77.0,30.8],[77.0,30.7],[77.0,30.8],[77.0,30.7],[77.1,30.7],[77.2,30.7],[77.2,30.6],[77.1,30.6],[77.0,30.6],[77.0,30.5],[76.9,30.5],[76.9,30.6],[76.9,30.7],[76.8,30.7],[76.8,30.8],[76.8,30.9]]]}},{"type":"Feature","properties":{"NAME_1":"Haryana","NAME_2":"Panipat","NAME_0":"India"},"geometry":{"type":"Polygon","coordinates":[[[76.8,29.5],[76.9,29.5],[77.0,29.5],[77.1,29.4],[77.1,29.5],[77.1,29.4],[77.1,29.3],[77.2,29.3],[77.1,29.3],[77.1,29.2],[77.0,29.2],[76.9,29.2],[76.8,29.2],[76.8,29.3],[76.7,29.3],[76.6,29.3],[76.6,29.4],[76.7,29.4],[76.7,29.5],[76.8,29.5]]]}},{"type":"Feature","properties":{"NAME_1":"Haryana","NAME_2":"Rewari","NAME_0":"India"},"geometry":{"type":"Polygon","coordinates":[[[76.7,28.4],[76.7,28.3],[76.6,28.3],[76.7,28.3],[76.8,28.2],[76.8,28.3],[76.8,28.2],[76.9,28.2],[76.8,28.2],[76.8,28.1],[76.7,28.1],[76.6,28.1],[76.7,28.1],[76.7,28.0],[76.6,28.0],[76.5,28.0],[76.5,28.1],[76.4,28.1],[76.5,28.1],[76.5,28.2],[76.4,28.2],[76.4,28.1],[76.4,28.2],[76.3,28.2],[76.3,28.3],[76.4,28.3],[76.4,28.4],[76.4,28.3],[76.4,28.4],[76.5,28.4],[76.6,28.4],[76.7,28.4]]]}},{"type":"Feature","properties":{"NAME_1":"Haryana","NAME_2":"Rohtak","NAME_0":"India"},"geometry":{"type":"Polygon","coordinates":[[[76.5,29.1],[76.6,29.1],[76.6,29.0],[76.7,29.0],[76.8,29.0],[76.8,28.9],[76.9,28.9],[76.9,28.8],[76.8,28.8],[76.8,28.7],[76.8,28.8],[76.7,28.8],[76.6,28.8],[76.6,28.7],[76.5,28.7],[76.5,28.8],[76.5,28.7],[76.4,28.7],[76.4,28.8],[76.3,28.8],[76.3,28.9],[76.2,28.9],[76.2,29.0],[76.2,29.1],[76.3,29.1],[76.4,29.1],[76.5,29.1]]]}},{"type":"Feature","properties":{"NAME_1":"Haryana","NAME_2":"Sirsa","NAME_0":"India"},"geometry":{"type":"Polygon","coordinates":[[[74.8,30.0],[74.9,30.0],[74.9,29.9],[75.0,29.9],[75.1,29.9],[75.1,29.8],[75.2,29.8],[75.1,29.8],[75.2,29.8],[75.2,29.7],[75.2,29.6],[75.2,29.5],[75.2,29.6],[75.3,29.6],[75.3,29.5],[75.3,29.4],[75.2,29.4],[75.3,29.4],[75.3,29.3],[75.2,29.3],[75.2,29.2],[75.2,29.3],[75.1,29.2],[75.1,29.3],[75.0,29.3],[74.9,29.3],[75.0,29.3],[74.9,29.3],[74.9,29.4],[74.8,29.4],[74.7,29.4],[74.6,29.4],[74.6,29.3],[74.6,29.4],[74.5,29.4],[74.5,29.5],[74.6,29.5],[74.6,29.6],[74.6,29.7],[74.6,29.8],[74.5,29.8],[74.5,29.7],[74.5,29.8],[74.5,29.9],[74.6,29.9],[74.5,29.9],[74.5,30.0],[74.5,29.9],[74.6,29.9],[74.7,29.9],[74.7,30.0],[74.8,30.0]]]}},{"type":"Feature","properties":{"NAME_1":"Haryana","NAME_2":"Sonepat","NAME_0":"India"},"geometry":{"type":"Polygon","coordinates":[[[76.7,29.3],[76.8,29.3],[76.8,29.2],[76.9,29.2],[77.0,29.2],[77.1,29.2],[77.1,29.1],[77.2,29.1],[77.2,29.0],[77.2,28.9],[77.2,28.8],[77.1,28.8],[77.1,28.9],[77.0,28.9],[77.0,28.8],[76.9,28.8],[76.9,28.9],[76.8,28.9],[76.8,29.0],[76.7,29.0],[76.6,29.0],[76.6,29.1],[76.5,29.1],[76.5,29.2],[76.5,29.3],[76.5,29.2],[76.6,29.2],[76.5,29.3],[76.6,29.3],[76.7,29.3]]]}},{"type":"Feature","properties":{"NAME_1":"Haryana","NAME_2":"Yamuna Nagar","NAME_0":"India"},"geometry":{"type":"Polygon","coordinates":[[[77.4,30.4],[77.4,30.5],[77.5,30.5],[77.5,30.4],[77.4,30.4],[77.5,30.4],[77.6,30.4],[77.6,30.3],[77.5,30.3],[77.5,30.2],[77.4,30.2],[77.4,30.1],[77.3,30.1],[77.3,30.0],[77.3,30.1],[77.2,30.0],[77.2,30.1],[77.1,30.1],[77.1,30.2],[77.2,30.2],[77.1,30.2],[77.1,30.3],[77.2,30.3],[77.2,30.4],[77.3,30.4],[77.3,30.5],[77.4,30.4]]]}},{"type":"Feature","properties":{"NAME_1":"Himachal Pradesh","NAME_2":"Bilaspur","NAME_0":"India"},"geometry":{"type":"Polygon","coordinates":[[[76.7,31.6],[76.7,31.5],[76.8,31.5],[76.8,31.4],[76.9,31.4],[76.9,31.3],[76.9,31.2],[76.8,31.2],[76.7,31.2],[76.6,31.2],[76.6,31.3],[76.5,31.3],[76.4,31.3],[76.4,31.4],[76.5,31.4],[76.5,31.5],[76.4,31.5],[76.5,31.5],[76.5,31.4],[76.6,31.4],[76.6,31.5],[76.6,31.6],[76.7,31.6]]]}},{"type":"Feature","properties":{"NAME_1":"Himachal Pradesh","NAME_2":"Chamba","NAME_0":"India"},"geometry":{"type":"Polygon","coordinates":[[[76.6,33.2],[76.7,33.2],[76.7,33.1],[76.7,33.0],[76.8,33.0],[76.8,32.9],[76.7,32.9],[76.7,32.8],[76.6,32.8],[76.6,32.9],[76.6,32.8],[76.5,32.8],[76.4,32.8],[76.4,32.9],[76.4,32.8],[76.4,32.7],[76.5,32.7],[76.6,32.7],[76.6,32.6],[76.7,32.6],[76.7,32.5],[76.7,32.6],[76.8,32.5],[76.8,32.6],[76.8,32.5],[76.9,32.5],[76.8,32.5],[76.8,32.4],[76.7,32.4],[76.7,32.3],[76.8,32.3],[76.8,32.2],[76.7,32.2],[76.6,32.2],[76.5,32.2],[76.5,32.3],[76.5,32.2],[76.4,32.3],[76.3,32.3],[76.3,32.4],[76.2,32.4],[76.2,32.3],[76.1,32.3],[76.2,32.3],[76.2,32.2],[76.1,32.2],[76.1,32.3],[76.0,32.3],[76.0,32.4],[75.9,32.4],[75.9,32.5],[75.9,32.6],[75.9,32.7],[75.9,32.8],[75.8,32.8],[75.8,32.9],[75.9,32.9],[76.0,32.9],[76.1,32.9],[76.1,33.0],[76.2,33.0],[76.3,33.1],[76.4,33.2],[76.5,33.2],[76.6,33.2]]]}},{"type":"Feature","properties":{"NAME_1":"Himachal Pradesh","NAME_2":"Hamirpur","NAME_0":"India"},"geometry":{"type":"Polygon","coordinates":[[[76.6,31.8],[76.6,31.7],[76.7,31.7],[76.7,31.6],[76.6,31.6],[76.6,31.5],[76.6,31.4],[76.5,31.4],[76.5,31.5],[76.4,31.5],[76.4,31.6],[76.3,31.7],[76.3,31.8],[76.4,31.8],[76.5,31.8],[76.5,31.9],[76.6,31.9],[76.6,31.8]]]}},{"type":"Feature","properties":{"NAME_1":"Himachal Pradesh","NAME_2":"Kangra","NAME_0":"India"},"geometry":{"type":"Polygon","coordinates":[[[76.9,32.4],[77.0,32.4],[77.1,32.4],[77.0,32.4],[77.0,32.3],[77.0,32.2],[77.0,32.1],[76.9,32.1],[76.8,32.1],[76.8,32.0],[76.8,32.1],[76.7,32.1],[76.7,32.0],[76.7,32.1],[76.7,32.0],[76.6,32.0],[76.7,32.0],[76.7,31.9],[76.6,31.9],[76.5,31.9],[76.5,31.8],[76.4,31.8],[76.3,31.8],[76.3,31.7],[76.2,31.7],[76.2,31.8],[76.1,31.8],[76.0,31.9],[75.9,31.9],[75.9,32.0],[75.8,32.0],[75.7,32.0],[75.7,32.1],[75.6,32.1],[75.7,32.1],[75.7,32.2],[75.6,32.2],[75.7,32.3],[75.8,32.3],[75.8,32.4],[75.9,32.4],[76.0,32.4],[76.0,32.3],[76.1,32.3],[76.1,32.2],[76.2,32.2],[76.2,32.3],[76.1,32.3],[76.2,32.3],[76.2,32.4],[76.3,32.4],[76.3,32.3],[76.4,32.3],[76.5,32.2],[76.5,32.3],[76.5,32.2],[76.6,32.2],[76.7,32.2],[76.8,32.2],[76.8,32.3],[76.7,32.3],[76.7,32.4],[76.8,32.4],[76.8,32.5],[76.9,32.5],[76.9,32.4]]]}},{"type":"Feature","properties":{"NAME_1":"Himachal Pradesh","NAME_2":"Kinnaur","NAME_0":"India"},"geometry":{"type":"Polygon","coordinates":[[[78.7,32.1],[78.7,32.0],[78.8,32.0],[78.8,31.9],[78.7,31.9],[78.7,31.8],[78.7,31.7],[78.8,31.7],[78.8,31.6],[78.8,31.5],[78.7,31.5],[78.8,31.5],[78.8,31.4],[78.8,31.3],[78.9,31.3],[78.9,31.2],[79.0,31.2],[79.0,31.1],[78.9,31.1],[78.8,31.1],[78.8,31.2],[78.7,31.2],[78.6,31.2],[78.5,31.2],[78.4,31.2],[78.4,31.3],[78.4,31.2],[78.4,31.3],[78.3,31.3],[78.2,31.3],[78.1,31.3],[78.1,31.4],[78.2,31.4],[78.1,31.4],[78.0,31.4],[77.9,31.4],[77.9,31.5],[77.8,31.5],[77.8,31.6],[77.8,31.7],[77.7,31.7],[77.7,31.8],[77.8,31.8],[77.9,31.8],[78.0,31.8],[78.1,31.8],[78.1,31.9],[78.2,31.9],[78.3,31.9],[78.3,32.0],[78.4,32.0],[78.4,31.9],[78.4,32.0],[78.4,32.1],[78.5,32.1],[78.5,32.0],[78.5,32.1],[78.6,32.1],[78.7,32.1]]]}},{"type":"Feature","properties":{"NAME_1":"Himachal Pradesh","NAME_2":"Kullu","NAME_0":"India"},"geometry":{"type":"Polygon","coordinates":[[[77.2,32.4],[77.3,32.4],[77.3,32.3],[77.3,32.2],[77.4,32.2],[77.5,32.2],[77.6,32.2],[77.6,32.1],[77.7,32.1],[77.7,32.0],[77.8,32.0],[77.8,31.9],[77.9,31.9],[77.8,31.9],[77.8,31.8],[77.9,31.8],[77.8,31.8],[77.7,31.8],[77.7,31.7],[77.6,31.7],[77.6,31.6],[77.7,31.6],[77.7,31.5],[77.6,31.5],[77.6,31.4],[77.5,31.4],[77.4,31.4],[77.4,31.3],[77.4,31.4],[77.3,31.4],[77.3,31.5],[77.3,31.6],[77.3,31.7],[77.2,31.7],[77.2,31.8],[77.1,31.8],[77.0,31.8],[77.0,31.9],[77.0,32.0],[76.9,32.0],[76.9,32.1],[77.0,32.1],[77.0,32.2],[77.0,32.3],[77.0,32.4],[77.1,32.4],[77.2,32.4]]]}},{"type":"Feature","properties":{"NAME_1":"Himachal Pradesh","NAME_2":"Lahul and Spiti","NAME_0":"India"},"geometry":{"type":"Polygon","coordinates":[[[76.8,33.2],[76.8,33.1],[76.9,33.1],[76.9,33.0],[77.0,33.0],[77.1,33.0],[77.1,32.9],[77.2,32.9],[77.1,32.9],[77.2,32.9],[77.3,32.9],[77.3,32.8],[77.4,32.8],[77.4,32.9],[77.5,32.9],[77.6,32.9],[77.6,33.0],[77.7,33.0],[77.7,32.9],[77.8,32.9],[77.8,32.8],[77.9,32.8],[77.9,32.7],[77.9,32.6],[78.0,32.6],[78.1,32.6],[78.1,32.7],[78.1,32.6],[78.1,32.7],[78.2,32.7],[78.3,32.7],[78.3,32.8],[78.4,32.8],[78.4,32.7],[78.4,32.6],[78.3,32.6],[78.3,32.5],[78.4,32.5],[78.5,32.5],[78.5,32.4],[78.5,32.3],[78.4,32.3],[78.4,32.2],[78.5,32.2],[78.5,32.3],[78.5,32.2],[78.6,32.2],[78.6,32.1],[78.7,32.1],[78.6,32.1],[78.5,32.1],[78.5,32.0],[78.5,32.1],[78.4,32.1],[78.4,32.0],[78.4,31.9],[78.4,32.0],[78.3,32.0],[78.3,31.9],[78.2,31.9],[78.1,31.9],[78.1,31.8],[78.0,31.8],[77.9,31.8],[77.8,31.8],[77.8,31.9],[77.9,31.9],[77.8,31.9],[77.8,32.0],[77.7,32.0],[77.7,32.1],[77.6,32.1],[77.6,32.2],[77.5,32.2],[77.4,32.2],[77.3,32.2],[77.3,32.3],[77.3,32.4],[77.2,32.4],[77.1,32.4],[77.0,32.4],[76.9,32.4],[76.9,32.5],[76.8,32.5],[76.9,32.5],[76.8,32.5],[76.8,32.6],[76.8,32.5],[76.7,32.6],[76.7,32.5],[76.7,32.6],[76.6,32.6],[76.6,32.7],[76.5,32.7],[76.4,32.7],[76.4,32.8],[76.4,32.9],[76.4,32.8],[76.5,32.8],[76.6,32.8],[76.6,32.9],[76.6,32.8],[76.7,32.8],[76.7,32.9],[76.8,32.9],[76.8,33.0],[76.7,33.0],[76.7,33.1],[76.7,33.2],[76.8,33.2],[76.8,33.3],[76.8,33.2]]]}},{"type":"Feature","properties":{"NAME_1":"Himachal Pradesh","NAME_2":"Mandi","NAME_0":"India"},"geometry":{"type":"Polygon","coordinates":[[[76.8,32.1],[76.8,32.0],[76.8,32.1],[76.9,32.1],[76.9,32.0],[77.0,32.0],[77.0,31.9],[77.0,31.8],[77.1,31.8],[77.2,31.8],[77.2,31.7],[77.3,31.7],[77.3,31.6],[77.3,31.5],[77.3,31.4],[77.4,31.4],[77.3,31.4],[77.3,31.3],[77.2,31.3],[77.2,31.2],[77.2,31.3],[77.2,31.2],[77.1,31.2],[77.1,31.3],[77.1,31.2],[77.1,31.3],[77.1,31.2],[77.1,31.3],[77.0,31.3],[76.9,31.3],[76.9,31.4],[76.8,31.4],[76.8,31.5],[76.7,31.5],[76.7,31.6],[76.7,31.7],[76.6,31.7],[76.6,31.8],[76.6,31.9],[76.7,31.9],[76.7,32.0],[76.6,32.0],[76.7,32.0],[76.7,32.1],[76.7,32.0],[76.7,32.1],[76.8,32.1]]]}},{"type":"Feature","properties":{"NAME_1":"Himachal Pradesh","NAME_2":"Shimla","NAME_0":"India"},"geometry":{"type":"Polygon","coordinates":[[[77.8,31.7],[77.8,31.6],[77.8,31.5],[77.9,31.5],[77.9,31.4],[78.0,31.4],[78.1,31.4],[78.2,31.4],[78.1,31.4],[78.1,31.3],[78.2,31.3],[78.3,31.3],[78.2,31.3],[78.2,31.2],[78.1,31.2],[78.0,31.2],[77.9,31.2],[77.9,31.1],[77.8,31.1],[77.8,31.0],[77.7,31.0],[77.7,30.9],[77.8,30.9],[77.7,30.9],[77.7,30.8],[77.6,30.8],[77.5,30.8],[77.5,30.9],[77.4,30.9],[77.4,31.0],[77.3,31.0],[77.3,30.9],[77.2,30.9],[77.2,31.0],[77.1,31.0],[77.1,31.1],[77.0,31.1],[77.0,31.2],[77.0,31.3],[77.1,31.3],[77.1,31.2],[77.1,31.3],[77.1,31.2],[77.1,31.3],[77.1,31.2],[77.2,31.2],[77.2,31.3],[77.2,31.2],[77.2,31.3],[77.3,31.3],[77.3,31.4],[77.4,31.4],[77.4,31.3],[77.4,31.4],[77.5,31.4],[77.6,31.4],[77.6,31.5],[77.7,31.5],[77.7,31.6],[77.6,31.6],[77.6,31.7],[77.7,31.7],[77.8,31.7]]]}},{"type":"Feature","properties":{"NAME_1":"Himachal Pradesh","NAME_2":"Sirmaur","NAME_0":"India"},"geometry":{"type":"Polygon","coordinates":[[[77.4,30.9],[77.5,30.9],[77.5,30.8],[77.6,30.8],[77.7,30.8],[77.7,30.7],[77.8,30.7],[77.8,30.6],[77.7,30.6],[77.8,30.6],[77.8,30.5],[77.7,30.5],[77.7,30.4],[77.6,30.5],[77.6,30.4],[77.5,30.4],[77.4,30.4],[77.5,30.4],[77.5,30.5],[77.4,30.5],[77.4,30.4],[77.3,30.5],[77.2,30.5],[77.1,30.5],[77.1,30.6],[77.2,30.6],[77.2,30.7],[77.1,30.7],[77.0,30.7],[77.0,30.8],[77.0,30.7],[77.0,30.8],[77.1,30.8],[77.1,30.9],[77.2,30.8],[77.2,30.9],[77.3,30.9],[77.3,31.0],[77.4,31.0],[77.4,30.9]]]}},{"type":"Feature","properties":{"NAME_1":"Himachal Pradesh","NAME_2":"Solan","NAME_0":"India"},"geometry":{"type":"Polygon","coordinates":[[[76.9,31.4],[76.9,31.3],[77.0,31.3],[77.0,31.2],[77.0,31.1],[77.1,31.1],[77.1,31.0],[77.2,31.0],[77.2,30.9],[77.2,30.8],[77.1,30.9],[77.1,30.8],[77.0,30.8],[76.9,30.8],[76.9,30.9],[76.8,30.9],[76.7,30.9],[76.7,31.0],[76.6,31.0],[76.6,31.1],[76.6,31.2],[76.7,31.2],[76.8,31.2],[76.9,31.2],[76.9,31.3],[76.9,31.4]]]}},{"type":"Feature","properties":{"NAME_1":"Himachal Pradesh","NAME_2":"Una","NAME_0":"India"},"geometry":{"type":"Polygon","coordinates":[[[76.0,31.9],[76.1,31.8],[76.2,31.8],[76.2,31.7],[76.3,31.7],[76.4,31.6],[76.4,31.5],[76.5,31.5],[76.5,31.4],[76.4,31.4],[76.3,31.4],[76.3,31.3],[76.3,31.4],[76.3,31.3],[76.2,31.3],[76.1,31.3],[76.1,31.4],[76.2,31.4],[76.1,31.4],[76.1,31.5],[76.1,31.6],[76.0,31.6],[76.0,31.7],[76.0,31.8],[75.9,31.8],[76.0,31.8],[75.9,31.8],[75.9,31.9],[76.0,31.9]]]}},{"type":"Feature","properties":{"NAME_1":"Jammu and Kashmir","NAME_2":"Anantnag (Kashmir South)","NAME_0":"India"},"geometry":{"type":"Polygon","coordinates":[[[75.7,34.2],[75.7,34.1],[75.6,34.0],[75.5,34.0],[75.5,33.9],[75.6,33.9],[75.6,33.8],[75.6,33.7],[75.6,33.6],[75.7,33.6],[75.6,33.6],[75.6,33.5],[75.6,33.4],[75.5,33.4],[75.4,33.4],[75.4,33.5],[75.3,33.5],[75.3,33.6],[75.2,33.6],[75.2,33.5],[75.3,33.5],[75.2,33.5],[75.1,33.5],[75.0,33.5],[74.9,33.5],[74.8,33.5],[74.7,33.5],[74.7,33.6],[74.7,33.7],[74.8,33.7],[74.8,33.6],[74.9,33.6],[74.9,33.7],[75.0,33.7],[75.1,33.7],[75.1,33.8],[75.2,33.8],[75.2,33.9],[75.2,34.0],[75.3,34.1],[75.3,34.2],[75.4,34.3],[75.5,34.4],[75.5,34.3],[75.6,34.3],[75.6,34.2],[75.7,34.2]]]}},{"type":"Feature","properties":{"NAME_1":"Jammu and Kashmir","NAME_2":"Bagdam","NAME_0":"India"},"geometry":{"type":"Polygon","coordinates":[[[75.0,34.0],[75.0,33.9],[75.0,33.8],[74.9,33.8],[74.8,33.8],[74.8,33.7],[74.7,33.7],[74.7,33.8],[74.6,33.8],[74.6,33.9],[74.6,34.0],[74.5,34.0],[74.6,34.0],[74.6,34.1],[74.7,34.1],[74.8,34.1],[74.9,34.1],[74.9,34.2],[74.9,34.1],[75.0,34.1],[75.0,34.0]]]}},{"type":"Feature","properties":{"NAME_1":"Jammu and Kashmir","NAME_2":"Baramula (Kashmir North)","NAME_0":"India"},"geometry":{"type":"Polygon","coordinates":[[[74.6,34.7],[74.7,34.7],[74.8,34.7],[74.9,34.7],[75.0,34.7],[75.0,34.6],[75.1,34.6],[75.1,34.7],[75.2,34.7],[75.2,34.6],[75.3,34.6],[75.4,34.6],[75.4,34.5],[75.5,34.5],[75.4,34.5],[75.5,34.4],[75.4,34.4],[75.3,34.4],[75.2,34.4],[75.1,34.5],[75.0,34.4],[74.9,34.3],[74.8,34.4],[74.8,34.3],[74.8,34.2],[74.9,34.2],[74.9,34.1],[74.8,34.1],[74.7,34.1],[74.6,34.1],[74.6,34.0],[74.5,34.0],[74.4,34.0],[74.3,34.0],[74.2,34.0],[74.2,34.1],[74.1,34.1],[74.0,34.1],[73.9,34.1],[73.9,34.2],[74.0,34.2],[74.0,34.3],[73.9,34.3],[74.0,34.4],[74.0,34.3],[74.1,34.3],[74.2,34.3],[74.3,34.3],[74.4,34.3],[74.4,34.4],[74.5,34.4],[74.5,34.5],[74.5,34.6],[74.6,34.6],[74.6,34.7]]]}},{"type":"Feature","properties":{"NAME_1":"Jammu and Kashmir","NAME_2":"Doda","NAME_0":"India"},"geometry":{"type":"Polygon","coordinates":[[[75.7,34.2],[75.8,34.2],[75.8,34.1],[75.9,34.1],[75.9,34.0],[76.0,34.0],[76.1,34.0],[76.2,33.9],[76.2,33.8],[76.3,33.8],[76.3,33.7],[76.3,33.6],[76.4,33.6],[76.5,33.5],[76.6,33.5],[76.6,33.4],[76.7,33.4],[76.7,33.3],[76.8,33.3],[76.8,33.2],[76.8,33.3],[76.8,33.2],[76.7,33.2],[76.6,33.2],[76.5,33.2],[76.4,33.2],[76.3,33.1],[76.2,33.0],[76.1,33.0],[76.1,32.9],[76.0,32.9],[75.9,32.9],[75.8,32.9],[75.7,32.9],[75.6,32.9],[75.6,33.0],[75.5,33.0],[75.5,33.1],[75.4,33.1],[75.3,33.1],[75.2,33.1],[75.2,33.2],[75.3,33.2],[75.3,33.3],[75.2,33.3],[75.2,33.4],[75.2,33.5],[75.3,33.5],[75.2,33.5],[75.2,33.6],[75.3,33.6],[75.3,33.5],[75.4,33.5],[75.4,33.4],[75.5,33.4],[75.6,33.4],[75.6,33.5],[75.6,33.6],[75.7,33.6],[75.6,33.6],[75.6,33.7],[75.6,33.8],[75.6,33.9],[75.5,33.9],[75.5,34.0],[75.6,34.0],[75.7,34.1],[75.7,34.2]]]}},{"type":"Feature","properties":{"NAME_1":"Jammu and Kashmir","NAME_2":"Jammu","NAME_0":"India"},"geometry":{"type":"Polygon","coordinates":[[[74.7,33.0],[74.8,33.0],[74.9,33.0],[74.9,33.1],[75.0,33.0],[75.0,32.9],[75.1,32.9],[75.2,32.9],[75.2,32.8],[75.3,32.8],[75.2,32.7],[75.3,32.7],[75.3,32.6],[75.4,32.6],[75.3,32.5],[75.3,32.6],[75.3,32.5],[75.2,32.5],[75.2,32.4],[75.1,32.4],[75.1,32.5],[75.0,32.5],[75.0,32.4],[75.0,32.5],[74.9,32.5],[74.8,32.5],[74.7,32.5],[74.7,32.6],[74.6,32.6],[74.7,32.6],[74.7,32.7],[74.7,32.8],[74.6,32.8],[74.5,32.7],[74.5,32.8],[74.4,32.8],[74.4,32.9],[74.3,32.9],[74.3,33.0],[74.4,32.9],[74.4,33.0],[74.5,33.0],[74.6,33.0],[74.7,33.0]]]}},{"type":"Feature","properties":{"NAME_1":"Jammu and Kashmir","NAME_2":"Kargil","NAME_0":"India"},"geometry":{"type":"Polygon","coordinates":[[[75.5,34.5],[75.6,34.5],[75.7,34.5],[75.8,34.5],[75.8,34.6],[75.9,34.6],[76.0,34.6],[76.0,34.7],[76.1,34.7],[76.1,34.6],[76.2,34.6],[76.2,34.7],[76.3,34.7],[76.3,34.6],[76.4,34.5],[76.4,34.4],[76.4,34.3],[76.4,34.2],[76.5,34.2],[76.6,34.2],[76.7,34.2],[76.7,34.1],[76.8,34.1],[76.8,34.0],[76.9,33.9],[77.0,33.9],[77.1,33.8],[77.3,33.8],[77.4,33.7],[77.5,33.6],[77.6,33.5],[77.5,33.4],[77.4,33.4],[77.4,33.3],[77.4,33.2],[77.4,33.1],[77.5,33.0],[77.5,32.9],[77.4,32.9],[77.4,32.8],[77.3,32.8],[77.3,32.9],[77.2,32.9],[77.1,32.9],[77.2,32.9],[77.1,32.9],[77.1,33.0],[77.0,33.0],[76.9,33.0],[76.9,33.1],[76.8,33.1],[76.8,33.2],[76.8,33.3],[76.7,33.3],[76.7,33.4],[76.6,33.4],[76.6,33.5],[76.5,33.5],[76.4,33.6],[76.3,33.6],[76.3,33.7],[76.3,33.8],[76.2,33.8],[76.2,33.9],[76.1,34.0],[76.0,34.0],[75.9,34.0],[75.9,34.1],[75.8,34.1],[75.8,34.2],[75.7,34.2],[75.6,34.2],[75.6,34.3],[75.5,34.3],[75.5,34.4],[75.4,34.5],[75.5,34.5]]]}},{"type":"Feature","properties":{"NAME_1":"Jammu and Kashmir","NAME_2":"Kathua","NAME_0":"India"},"geometry":{"type":"Polygon","coordinates":[[[75.9,32.6],[75.8,32.5],[75.7,32.5],[75.7,32.4],[75.6,32.4],[75.5,32.4],[75.5,32.3],[75.4,32.3],[75.3,32.3],[75.3,32.4],[75.2,32.4],[75.2,32.5],[75.3,32.5],[75.3,32.6],[75.3,32.5],[75.4,32.6],[75.5,32.6],[75.5,32.7],[75.6,32.7],[75.6,32.8],[75.7,32.8],[75.8,32.8],[75.8,32.9],[75.8,32.8],[75.9,32.8],[75.9,32.7],[75.9,32.6]]]}},{"type":"Feature","properties":{"NAME_1":"Jammu and Kashmir","NAME_2":"Kupwara (Muzaffarabad)","NAME_0":"India"},"geometry":{"type":"Polygon","coordinates":[[[73.8,34.4],[73.9,34.5],[73.9,34.6],[73.9,34.7],[74.0,34.7],[74.1,34.7],[74.2,34.7],[74.2,34.8],[74.3,34.8],[74.4,34.8],[74.5,34.8],[74.6,34.8],[74.6,34.7],[74.6,34.6],[74.5,34.6],[74.5,34.5],[74.5,34.4],[74.4,34.4],[74.4,34.3],[74.3,34.3],[74.2,34.3],[74.1,34.3],[74.0,34.3],[74.0,34.4],[73.9,34.3],[73.9,34.4],[73.8,34.3],[73.8,34.4],[73.8,34.3],[73.8,34.4]]]}},{"type":"Feature","properties":{"NAME_1":"Jammu and Kashmir","NAME_2":"Ladakh (Leh)","NAME_0":"India"},"geometry":{"type":"Polygon","coordinates":[[[78.0,35.3],[78.0,35.2],[78.1,35.2],[78.1,35.1],[78.1,35.0],[78.2,34.9],[78.2,34.8],[78.2,34.7],[78.3,34.7],[78.4,34.7],[78.4,34.6],[78.5,34.6],[78.6,34.6],[78.6,34.5],[78.7,34.5],[78.8,34.5],[78.8,34.4],[78.9,34.4],[79.0,34.3],[79.0,34.2],[78.9,34.2],[78.8,34.1],[78.7,34.1],[78.7,34.0],[78.8,34.0],[78.7,34.0],[78.7,33.9],[78.7,33.8],[78.8,33.8],[78.8,33.7],[78.7,33.7],[78.7,33.6],[78.8,33.6],[78.8,33.5],[78.9,33.4],[79.0,33.4],[79.0,33.3],[79.1,33.3],[79.1,33.2],[79.2,33.2],[79.3,33.2],[79.4,33.2],[79.4,33.1],[79.4,33.0],[79.4,32.9],[79.5,32.9],[79.5,32.8],[79.5,32.7],[79.6,32.7],[79.6,32.6],[79.5,32.6],[79.4,32.6],[79.4,32.5],[79.3,32.5],[79.2,32.5],[79.1,32.5],[79.1,32.4],[79.0,32.4],[79.0,32.3],[78.9,32.4],[78.8,32.4],[78.8,32.5],[78.8,32.6],[78.8,32.7],[78.7,32.7],[78.7,32.6],[78.6,32.6],[78.5,32.6],[78.4,32.6],[78.4,32.5],[78.3,32.5],[78.3,32.6],[78.4,32.6],[78.4,32.7],[78.4,32.8],[78.3,32.8],[78.3,32.7],[78.2,32.7],[78.1,32.7],[78.1,32.6],[78.1,32.7],[78.1,32.6],[78.0,32.6],[77.9,32.6],[77.9,32.7],[77.9,32.8],[77.8,32.8],[77.8,32.9],[77.7,32.9],[77.7,33.0],[77.6,33.0],[77.6,32.9],[77.5,32.9],[77.5,33.0],[77.4,33.1],[77.4,33.2],[77.4,33.3],[77.4,33.4],[77.5,33.4],[77.6,33.5],[77.5,33.6],[77.4,33.7],[77.3,33.8],[77.1,33.8],[77.0,33.9],[76.9,33.9],[76.8,34.0],[76.8,34.1],[76.7,34.1],[76.7,34.2],[76.6,34.2],[76.5,34.2],[76.4,34.2],[76.4,34.3],[76.4,34.4],[76.4,34.5],[76.3,34.6],[76.3,34.7],[76.4,34.7],[76.4,34.8],[76.5,34.8],[76.6,34.8],[76.7,34.8],[76.7,34.9],[76.8,34.9],[76.8,35.0],[76.9,35.0],[77.0,34.9],[77.0,35.0],[77.1,35.0],[77.2,35.1],[77.3,35.1],[77.4,35.2],[77.5,35.3],[77.6,35.3],[77.7,35.4],[77.8,35.5],[77.9,35.5],[77.9,35.4],[77.9,35.5],[78.0,35.5],[78.1,35.5],[78.1,35.4],[78.0,35.4],[78.0,35.3]]]}},{"type":"Feature","properties":{"NAME_1":"Jammu and Kashmir","NAME_2":"Pulwama","NAME_0":"India"},"geometry":{"type":"Polygon","coordinates":[[[75.2,34.0],[75.2,33.9],[75.2,33.8],[75.1,33.8],[75.1,33.7],[75.0,33.7],[74.9,33.7],[74.9,33.6],[74.8,33.6],[74.8,33.7],[74.7,33.7],[74.8,33.7],[74.8,33.8],[74.9,33.8],[75.0,33.8],[75.0,33.9],[75.0,34.0],[75.1,34.1],[75.1,34.0],[75.2,34.0]]]}},{"type":"Feature","properties":{"NAME_1":"Jammu and Kashmir","NAME_2":"Punch","NAME_0":"India"},"geometry":{"type":"Polygon","coordinates":[[[73.9,34.0],[73.9,34.1],[74.0,34.1],[74.1,34.1],[74.2,34.1],[74.2,34.0],[74.3,34.0],[74.4,34.0],[74.5,34.0],[74.6,34.0],[74.6,33.9],[74.6,33.8],[74.7,33.8],[74.7,33.7],[74.7,33.6],[74.7,33.5],[74.6,33.5],[74.6,33.6],[74.5,33.6],[74.4,33.6],[74.4,33.5],[74.4,33.4],[74.3,33.4],[74.3,33.5],[74.2,33.5],[74.1,33.5],[74.1,33.6],[74.0,33.6],[74.0,33.7],[74.0,33.8],[74.1,33.8],[74.2,33.8],[74.2,33.9],[74.3,33.9],[74.3,34.0],[74.2,34.0],[74.1,34.0],[74.1,34.1],[74.1,34.0],[74.0,34.0],[73.9,34.0]]]}},{"type":"Feature","properties":{"NAME_1":"Jammu and Kashmir","NAME_2":"Rajauri","NAME_0":"India"},"geometry":{"type":"Polygon","coordinates":[[[74.8,33.5],[74.8,33.4],[74.8,33.3],[74.8,33.2],[74.7,33.2],[74.7,33.1],[74.7,33.0],[74.6,33.0],[74.5,33.0],[74.4,33.0],[74.4,32.9],[74.3,33.0],[74.4,33.0],[74.3,33.0],[74.2,33.0],[74.2,33.1],[74.1,33.1],[74.1,33.2],[74.0,33.2],[74.0,33.3],[74.1,33.3],[74.2,33.3],[74.2,33.4],[74.2,33.5],[74.3,33.5],[74.3,33.4],[74.4,33.4],[74.4,33.5],[74.4,33.6],[74.5,33.6],[74.6,33.6],[74.6,33.5],[74.7,33.5],[74.8,33.5]]]}},{"type":"Feature","properties":{"NAME_1":"Jammu and Kashmir","NAME_2":"Srinagar","NAME_0":"India"},"geometry":{"type":"Polygon","coordinates":[[[75.5,34.4],[75.4,34.3],[75.3,34.2],[75.3,34.1],[75.2,34.0],[75.1,34.0],[75.1,34.1],[75.0,34.0],[75.0,34.1],[74.9,34.1],[74.9,34.2],[74.8,34.2],[74.8,34.3],[74.8,34.4],[74.9,34.3],[75.0,34.4],[75.1,34.5],[75.2,34.4],[75.3,34.4],[75.4,34.4],[75.5,34.4]]]}},{"type":"Feature","properties":{"NAME_1":"Jammu and Kashmir","NAME_2":"Udhampur","NAME_0":"India"},"geometry":{"type":"Polygon","coordinates":[[[74.9,33.5],[75.0,33.5],[75.1,33.5],[75.2,33.5],[75.2,33.4],[75.2,33.3],[75.3,33.3],[75.3,33.2],[75.2,33.2],[75.2,33.1],[75.3,33.1],[75.4,33.1],[75.5,33.1],[75.5,33.0],[75.6,33.0],[75.6,32.9],[75.7,32.9],[75.8,32.9],[75.8,32.8],[75.7,32.8],[75.6,32.8],[75.6,32.7],[75.5,32.7],[75.5,32.6],[75.4,32.6],[75.3,32.6],[75.3,32.7],[75.2,32.7],[75.3,32.8],[75.2,32.8],[75.2,32.9],[75.1,32.9],[75.0,32.9],[75.0,33.0],[74.9,33.1],[74.9,33.0],[74.8,33.0],[74.7,33.0],[74.7,33.1],[74.7,33.2],[74.8,33.2],[74.8,33.3],[74.8,33.4],[74.8,33.5],[74.9,33.5]]]}},{"type":"Feature","properties":{"NAME_1":"Jharkhand","NAME_2":"Bokaro","NAME_0":"India"},"geometry":{"type":"Polygon","coordinates":[[[85.7,24.0],[85.7,23.9],[85.8,23.9],[85.8,23.8],[85.9,23.8],[85.9,23.9],[85.9,24.0],[85.9,23.9],[86.0,23.9],[86.1,23.9],[86.1,23.8],[86.2,23.8],[86.2,23.7],[86.3,23.7],[86.4,23.7],[86.4,23.6],[86.5,23.6],[86.4,23.6],[86.4,23.5],[86.3,23.5],[86.4,23.5],[86.3,23.5],[86.3,23.4],[86.3,23.5],[86.3,23.4],[86.2,23.4],[86.3,23.4],[86.2,23.4],[86.2,23.5],[86.1,23.5],[86.2,23.5],[86.1,23.5],[86.2,23.5],[86.2,23.6],[86.1,23.6],[86.0,23.6],[86.0,23.5],[86.1,23.5],[86.0,23.5],[85.9,23.5],[85.8,23.5],[85.8,23.6],[85.8,23.7],[85.7,23.7],[85.7,23.6],[85.6,23.6],[85.6,23.7],[85.6,23.8],[85.6,23.9],[85.7,23.9],[85.6,23.9],[85.7,23.9],[85.7,24.0]]]}},{"type":"Feature","properties":{"NAME_1":"Jharkhand","NAME_2":"Chatra","NAME_0":"India"},"geometry":{"type":"Polygon","coordinates":[[[85.1,24.4],[85.1,24.3],[85.1,24.4],[85.2,24.4],[85.2,24.3],[85.2,24.4],[85.2,24.3],[85.3,24.3],[85.3,24.2],[85.2,24.2],[85.1,24.2],[85.2,24.1],[85.2,24.0],[85.2,23.9],[85.2,24.0],[85.1,24.0],[85.0,24.0],[85.0,23.9],[85.0,23.8],[85.1,23.8],[85.0,23.8],[85.0,23.7],[85.1,23.7],[85.0,23.7],[84.9,23.7],[84.9,23.8],[84.9,23.9],[84.9,24.0],[84.8,24.0],[84.7,24.0],[84.6,24.0],[84.5,24.0],[84.6,24.0],[84.5,24.0],[84.6,24.1],[84.5,24.1],[84.6,24.1],[84.5,24.2],[84.4,24.2],[84.4,24.3],[84.5,24.3],[84.5,24.4],[84.6,24.4],[84.7,24.4],[84.7,24.5],[84.8,24.5],[84.9,24.5],[84.9,24.4],[85.0,24.4],[85.1,24.4]]]}},{"type":"Feature","properties":{"NAME_1":"Jharkhand","NAME_2":"Deoghar","NAME_0":"India"},"geometry":{"type":"Polygon","coordinates":[[[86.6,24.6],[86.7,24.6],[86.8,24.6],[86.9,24.6],[86.9,24.5],[86.9,24.4],[87.0,24.4],[87.0,24.3],[87.1,24.3],[87.1,24.2],[87.0,24.2],[86.9,24.2],[86.9,24.1],[87.0,24.1],[87.0,24.0],[86.9,24.0],[86.9,24.1],[86.8,24.1],[86.7,24.1],[86.7,24.2],[86.7,24.1],[86.6,24.1],[86.5,24.2],[86.5,24.1],[86.5,24.2],[86.5,24.1],[86.5,24.2],[86.5,24.3],[86.5,24.4],[86.5,24.5],[86.6,24.5],[86.6,24.6]]]}},{"type":"Feature","properties":{"NAME_1":"Jharkhand","NAME_2":"Dhanbad","NAME_0":"India"},"geometry":{"type":"Polygon","coordinates":[[[86.4,24.1],[86.4,24.0],[86.5,24.0],[86.6,24.0],[86.6,23.9],[86.7,23.9],[86.8,23.9],[86.8,23.8],[86.8,23.7],[86.7,23.7],[86.6,23.7],[86.6,23.6],[86.5,23.6],[86.4,23.6],[86.4,23.7],[86.3,23.7],[86.2,23.7],[86.2,23.8],[86.1,23.8],[86.1,23.9],[86.2,23.9],[86.3,23.9],[86.3,24.0],[86.3,24.1],[86.4,24.0],[86.4,24.1]]]}},{"type":"Feature","properties":{"NAME_1":"Jharkhand","NAME_2":"Dumka","NAME_0":"India"},"geometry":{"type":"Polygon","coordinates":[[[87.0,24.6],[87.1,24.6],[87.2,24.6],[87.3,24.6],[87.3,24.5],[87.4,24.5],[87.5,24.5],[87.6,24.5],[87.6,24.4],[87.6,24.3],[87.6,24.2],[87.7,24.2],[87.7,24.1],[87.7,24.2],[87.6,24.2],[87.6,24.1],[87.5,24.1],[87.5,24.0],[87.4,24.0],[87.5,24.0],[87.4,24.0],[87.3,24.0],[87.2,24.0],[87.1,24.0],[87.1,24.1],[87.0,24.1],[86.9,24.1],[86.9,24.2],[87.0,24.2],[87.1,24.2],[87.1,24.3],[87.0,24.3],[87.0,24.4],[86.9,24.4],[86.9,24.5],[86.9,24.6],[87.0,24.6],[87.1,24.6],[87.0,24.6]]]}},{"type":"Feature","properties":{"NAME_1":"Jharkhand","NAME_2":"Garhwa","NAME_0":"India"},"geometry":{"type":"Polygon","coordinates":[[[83.9,24.5],[83.8,24.5],[83.8,24.4],[83.9,24.4],[83.8,24.4],[83.8,24.3],[83.9,24.2],[84.0,24.2],[84.0,24.1],[83.9,24.1],[83.9,24.0],[83.8,24.0],[83.9,24.0],[83.9,23.9],[84.0,23.9],[84.0,23.8],[84.0,23.7],[84.1,23.7],[84.0,23.7],[84.0,23.6],[83.9,23.6],[83.8,23.6],[83.7,23.6],[83.8,23.6],[83.8,23.7],[83.7,23.7],[83.7,23.8],[83.6,23.8],[83.6,23.9],[83.5,23.9],[83.5,24.0],[83.4,24.0],[83.4,24.1],[83.3,24.1],[83.4,24.1],[83.4,24.2],[83.4,24.3],[83.4,24.4],[83.5,24.4],[83.4,24.4],[83.4,24.5],[83.5,24.5],[83.6,24.5],[83.7,24.5],[83.8,24.5],[83.9,24.5]]]}},{"type":"Feature","properties":{"NAME_1":"Jharkhand","NAME_2":"Giridih","NAME_0":"India"},"geometry":{"type":"Polygon","coordinates":[[[86.1,24.8],[86.0,24.8],[86.0,24.7],[86.1,24.7],[86.1,24.8],[86.1,24.7],[86.1,24.6],[86.2,24.6],[86.3,24.6],[86.3,24.5],[86.3,24.4],[86.4,24.4],[86.5,24.4],[86.5,24.3],[86.5,24.2],[86.5,24.1],[86.5,24.2],[86.5,24.1],[86.5,24.2],[86.6,24.1],[86.5,24.1],[86.5,24.0],[86.4,24.0],[86.4,24.1],[86.4,24.0],[86.3,24.1],[86.3,24.0],[86.3,23.9],[86.2,23.9],[86.1,23.9],[86.0,23.9],[85.9,23.9],[85.9,24.0],[85.9,24.1],[85.8,24.1],[85.7,24.1],[85.7,24.2],[85.8,24.2],[85.9,24.2],[85.8,24.2],[85.8,24.3],[85.9,24.3],[85.8,24.3],[85.8,24.4],[85.8,24.5],[85.9,24.5],[85.8,24.5],[85.8,24.6],[85.8,24.7],[85.9,24.7],[85.9,24.8],[85.9,24.7],[86.0,24.7],[86.0,24.8],[86.1,24.8]]]}},{"type":"Feature","properties":{"NAME_1":"Jharkhand","NAME_2":"Godda","NAME_0":"India"},"geometry":{"type":"Polygon","coordinates":[[[87.5,25.2],[87.5,25.1],[87.5,25.0],[87.5,24.9],[87.4,24.9],[87.5,24.9],[87.5,24.8],[87.4,24.8],[87.4,24.7],[87.5,24.7],[87.5,24.6],[87.4,24.6],[87.5,24.6],[87.4,24.6],[87.4,24.5],[87.3,24.5],[87.3,24.6],[87.2,24.6],[87.1,24.6],[87.0,24.6],[87.1,24.6],[87.1,24.7],[87.1,24.8],[87.1,24.9],[87.2,24.9],[87.1,24.9],[87.2,24.9],[87.1,24.9],[87.2,24.9],[87.1,24.9],[87.2,25.0],[87.1,25.0],[87.2,25.0],[87.2,25.1],[87.3,25.1],[87.3,25.2],[87.4,25.2],[87.5,25.2]]]}},{"type":"Feature","properties":{"NAME_1":"Jharkhand","NAME_2":"Gumla","NAME_0":"India"},"geometry":{"type":"Polygon","coordinates":[[[84.4,23.6],[84.5,23.6],[84.5,23.5],[84.4,23.5],[84.4,23.4],[84.5,23.4],[84.5,23.3],[84.6,23.3],[84.7,23.3],[84.8,23.3],[84.9,23.3],[84.9,23.2],[84.9,23.1],[84.9,23.0],[85.0,23.0],[85.0,22.9],[85.0,22.8],[84.9,22.8],[84.9,22.7],[84.9,22.8],[84.8,22.8],[84.8,22.7],[84.9,22.7],[84.8,22.7],[84.8,22.8],[84.7,22.8],[84.7,22.7],[84.6,22.7],[84.5,22.8],[84.5,22.7],[84.5,22.8],[84.6,22.8],[84.5,22.8],[84.4,22.8],[84.3,22.8],[84.3,22.7],[84.3,22.8],[84.3,22.9],[84.4,22.9],[84.4,23.0],[84.3,23.0],[84.2,23.0],[84.1,23.0],[84.1,23.1],[84.0,23.1],[84.0,23.2],[84.1,23.2],[84.1,23.3],[84.2,23.3],[84.2,23.4],[84.3,23.4],[84.2,23.4],[84.2,23.5],[84.3,23.5],[84.3,23.6],[84.4,23.6]]]}},{"type":"Feature","properties":{"NAME_1":"Jharkhand","NAME_2":"Hazaribag","NAME_0":"India"},"geometry":{"type":"Polygon","coordinates":[[[85.4,24.5],[85.5,24.5],[85.5,24.4],[85.5,24.3],[85.5,24.4],[85.6,24.3],[85.6,24.4],[85.6,24.3],[85.7,24.3],[85.8,24.3],[85.9,24.3],[85.8,24.3],[85.8,24.2],[85.9,24.2],[85.8,24.2],[85.7,24.2],[85.7,24.1],[85.8,24.1],[85.9,24.1],[85.9,24.0],[85.9,23.9],[85.9,24.0],[85.9,23.9],[85.9,23.8],[85.8,23.8],[85.8,23.9],[85.7,23.9],[85.7,24.0],[85.7,23.9],[85.6,23.9],[85.7,23.9],[85.6,23.9],[85.6,23.8],[85.6,23.7],[85.6,23.6],[85.7,23.6],[85.7,23.7],[85.8,23.7],[85.8,23.6],[85.8,23.5],[85.9,23.5],[85.9,23.4],[85.8,23.4],[85.8,23.5],[85.8,23.4],[85.8,23.5],[85.7,23.5],[85.7,23.4],[85.7,23.5],[85.7,23.4],[85.7,23.5],[85.6,23.5],[85.5,23.5],[85.5,23.6],[85.5,23.5],[85.5,23.6],[85.4,23.5],[85.4,23.6],[85.4,23.5],[85.4,23.6],[85.3,23.6],[85.2,23.6],[85.2,23.7],[85.1,23.7],[85.0,23.7],[85.1,23.7],[85.0,23.7],[85.0,23.8],[85.1,23.8],[85.0,23.8],[85.0,23.9],[85.0,24.0],[85.1,24.0],[85.2,24.0],[85.2,23.9],[85.2,24.0],[85.2,24.1],[85.1,24.2],[85.2,24.2],[85.3,24.2],[85.3,24.3],[85.2,24.3],[85.2,24.4],[85.2,24.3],[85.2,24.4],[85.1,24.4],[85.1,24.3],[85.1,24.4],[85.2,24.4],[85.2,24.5],[85.1,24.5],[85.2,24.5],[85.3,24.5],[85.4,24.5]]]}},{"type":"Feature","properties":{"NAME_1":"Jharkhand","NAME_2":"Jamtara","NAME_0":"India"},"geometry":{"type":"Polygon","coordinates":[[[87.0,24.1],[87.1,24.1],[87.1,24.0],[87.2,24.0],[87.3,24.0],[87.3,23.9],[87.2,23.9],[87.3,23.8],[87.2,23.8],[87.2,23.9],[87.2,23.8],[87.2,23.9],[87.1,23.9],[87.1,23.8],[87.2,23.8],[87.1,23.8],[87.0,23.8],[87.0,23.9],[87.0,23.8],[86.9,23.8],[86.9,23.9],[86.9,23.8],[86.8,23.8],[86.8,23.9],[86.7,23.9],[86.6,23.9],[86.6,24.0],[86.5,24.0],[86.5,24.1],[86.6,24.1],[86.7,24.1],[86.7,24.2],[86.7,24.1],[86.8,24.1],[86.9,24.1],[86.9,24.0],[87.0,24.0],[87.0,24.1]]]}},{"type":"Feature","properties":{"NAME_1":"Jharkhand","NAME_2":"Koderma","NAME_0":"India"},"geometry":{"type":"Polygon","coordinates":[[[85.9,24.8],[85.9,24.7],[85.8,24.7],[85.8,24.6],[85.8,24.5],[85.9,24.5],[85.8,24.5],[85.8,24.4],[85.8,24.3],[85.9,24.3],[85.8,24.3],[85.7,24.3],[85.6,24.3],[85.6,24.4],[85.6,24.3],[85.5,24.4],[85.5,24.3],[85.5,24.4],[85.5,24.5],[85.4,24.5],[85.5,24.5],[85.5,24.6],[85.5,24.5],[85.5,24.6],[85.5,24.5],[85.5,24.6],[85.6,24.6],[85.7,24.6],[85.7,24.7],[85.6,24.7],[85.7,24.7],[85.7,24.8],[85.8,24.8],[85.9,24.8]]]}},{"type":"Feature","properties":{"NAME_1":"Jharkhand","NAME_2":"Latehar","NAME_0":"India"},"geometry":{"type":"Polygon","coordinates":[[[84.6,24.0],[84.7,24.0],[84.8,24.0],[84.9,24.0],[84.9,23.9],[84.9,23.8],[84.9,23.7],[85.0,23.7],[84.9,23.7],[84.9,23.6],[84.9,23.5],[84.9,23.6],[84.9,23.5],[84.9,23.6],[84.9,23.5],[84.8,23.5],[84.8,23.6],[84.8,23.5],[84.8,23.6],[84.7,23.6],[84.6,23.7],[84.6,23.6],[84.5,23.6],[84.5,23.7],[84.5,23.6],[84.4,23.6],[84.3,23.6],[84.3,23.5],[84.2,23.5],[84.2,23.4],[84.3,23.4],[84.2,23.4],[84.2,23.3],[84.1,23.3],[84.0,23.4],[84.0,23.5],[84.0,23.6],[84.0,23.7],[84.1,23.7],[84.0,23.7],[84.0,23.8],[84.1,23.8],[84.1,23.9],[84.2,23.9],[84.3,23.9],[84.3,24.0],[84.3,23.9],[84.4,23.9],[84.4,24.0],[84.5,24.0],[84.5,23.9],[84.6,23.9],[84.6,24.0]]]}},{"type":"Feature","properties":{"NAME_1":"Jharkhand","NAME_2":"Lohardaga","NAME_0":"India"},"geometry":{"type":"Polygon","coordinates":[[[84.4,23.6],[84.5,23.6],[84.5,23.7],[84.5,23.6],[84.6,23.6],[84.6,23.7],[84.7,23.6],[84.8,23.6],[84.8,23.5],[84.8,23.6],[84.8,23.5],[84.9,23.5],[84.9,23.6],[84.9,23.5],[84.9,23.4],[84.9,23.3],[84.8,23.3],[84.7,23.3],[84.6,23.3],[84.5,23.3],[84.5,23.4],[84.4,23.4],[84.4,23.5],[84.5,23.5],[84.5,23.6],[84.4,23.6]]]}},{"type":"Feature","properties":{"NAME_1":"Jharkhand","NAME_2":"Pakur","NAME_0":"India"},"geometry":{"type":"Polygon","coordinates":[[[87.8,24.7],[87.9,24.7],[87.9,24.6],[87.8,24.6],[87.8,24.5],[87.8,24.4],[87.8,24.3],[87.7,24.3],[87.7,24.2],[87.6,24.2],[87.6,24.3],[87.6,24.4],[87.6,24.5],[87.5,24.5],[87.4,24.5],[87.4,24.6],[87.5,24.6],[87.4,24.6],[87.5,24.6],[87.5,24.7],[87.4,24.7],[87.4,24.8],[87.5,24.8],[87.6,24.8],[87.7,24.8],[87.7,24.7],[87.7,24.8],[87.8,24.7],[87.8,24.8],[87.8,24.7]]]}},{"type":"Feature","properties":{"NAME_1":"Jharkhand","NAME_2":"Palamu","NAME_0":"India"},"geometry":{"type":"Polygon","coordinates":[[[83.9,24.5],[83.9,24.6],[84.0,24.6],[84.1,24.6],[84.1,24.5],[84.2,24.5],[84.2,24.6],[84.2,24.5],[84.2,24.6],[84.2,24.5],[84.3,24.5],[84.3,24.6],[84.3,24.5],[84.3,24.4],[84.4,24.4],[84.4,24.3],[84.5,24.3],[84.4,24.3],[84.4,24.2],[84.5,24.2],[84.6,24.1],[84.5,24.1],[84.6,24.1],[84.5,24.0],[84.6,24.0],[84.5,24.0],[84.6,24.0],[84.6,23.9],[84.5,23.9],[84.5,24.0],[84.4,24.0],[84.4,23.9],[84.3,23.9],[84.3,24.0],[84.3,23.9],[84.2,23.9],[84.1,23.9],[84.1,23.8],[84.0,23.8],[84.0,23.7],[84.0,23.8],[84.0,23.9],[83.9,23.9],[83.9,24.0],[83.8,24.0],[83.9,24.0],[83.9,24.1],[84.0,24.1],[84.0,24.2],[83.9,24.2],[83.8,24.3],[83.8,24.4],[83.9,24.4],[83.8,24.4],[83.8,24.5],[83.9,24.5]]]}},{"type":"Feature","properties":{"NAME_1":"Jharkhand","NAME_2":"Pashchim Singhbhum","NAME_0":"India"},"geometry":{"type":"Polygon","coordinates":[[[85.3,22.9],[85.4,22.9],[85.4,22.8],[85.5,22.8],[85.6,22.8],[85.7,22.8],[85.7,22.7],[85.8,22.7],[85.9,22.7],[85.9,22.6],[85.9,22.5],[86.0,22.5],[86.0,22.4],[86.0,22.3],[86.0,22.2],[86.0,22.1],[86.0,22.0],[85.9,22.0],[85.8,22.0],[85.8,22.1],[85.7,22.1],[85.7,22.0],[85.7,22.1],[85.6,22.1],[85.5,22.1],[85.4,22.1],[85.4,22.2],[85.4,22.1],[85.3,22.1],[85.3,22.0],[85.2,22.0],[85.2,22.1],[85.2,22.0],[85.2,22.1],[85.1,22.1],[85.0,22.1],[85.0,22.2],[85.1,22.2],[85.1,22.3],[85.1,22.4],[85.1,22.5],[85.1,22.6],[85.1,22.7],[85.1,22.8],[85.2,22.8],[85.3,22.8],[85.3,22.9]]]}},{"type":"Feature","properties":{"NAME_1":"Jharkhand","NAME_2":"Purba Singhbhum","NAME_0":"India"},"geometry":{"type":"Polygon","coordinates":[[[86.6,22.7],[86.6,22.6],[86.7,22.6],[86.6,22.6],[86.7,22.6],[86.8,22.6],[86.8,22.5],[86.7,22.5],[86.8,22.5],[86.8,22.4],[86.8,22.3],[86.9,22.3],[86.8,22.3],[86.8,22.2],[86.8,22.3],[86.8,22.2],[86.8,22.3],[86.8,22.2],[86.7,22.2],[86.6,22.2],[86.6,22.3],[86.5,22.3],[86.4,22.3],[86.4,22.4],[86.3,22.4],[86.2,22.4],[86.2,22.5],[86.2,22.4],[86.2,22.5],[86.1,22.5],[86.1,22.6],[86.2,22.6],[86.2,22.7],[86.2,22.8],[86.1,22.8],[86.2,22.8],[86.2,22.9],[86.2,23.0],[86.3,23.0],[86.4,23.0],[86.5,23.0],[86.5,22.9],[86.4,22.9],[86.5,22.9],[86.4,22.9],[86.4,22.8],[86.5,22.8],[86.5,22.7],[86.6,22.7]]]}},{"type":"Feature","properties":{"NAME_1":"Jharkhand","NAME_2":"Ranchi","NAME_0":"India"},"geometry":{"type":"Polygon","coordinates":[[[85.0,23.7],[85.1,23.7],[85.2,23.7],[85.2,23.6],[85.3,23.6],[85.4,23.6],[85.4,23.5],[85.4,23.6],[85.4,23.5],[85.5,23.6],[85.5,23.5],[85.5,23.6],[85.5,23.5],[85.6,23.5],[85.7,23.5],[85.7,23.4],[85.7,23.5],[85.7,23.4],[85.7,23.5],[85.8,23.5],[85.8,23.4],[85.8,23.5],[85.8,23.4],[85.9,23.4],[85.9,23.3],[85.8,23.3],[85.8,23.2],[85.9,23.2],[85.9,23.1],[85.8,23.1],[85.8,23.0],[85.8,22.9],[85.9,22.9],[85.8,22.9],[85.7,22.9],[85.6,22.9],[85.5,22.9],[85.5,22.8],[85.4,22.8],[85.4,22.9],[85.3,22.9],[85.3,22.8],[85.2,22.8],[85.1,22.8],[85.1,22.7],[85.1,22.6],[85.0,22.6],[85.1,22.6],[85.0,22.6],[85.1,22.6],[85.1,22.7],[85.0,22.7],[85.1,22.7],[85.0,22.7],[85.0,22.8],[85.0,22.9],[85.0,23.0],[84.9,23.0],[84.9,23.1],[84.9,23.2],[84.9,23.3],[84.9,23.4],[84.9,23.5],[84.9,23.6],[84.9,23.5],[84.9,23.6],[84.9,23.5],[84.9,23.6],[84.9,23.7],[85.0,23.7]]]}},{"type":"Feature","properties":{"NAME_1":"Jharkhand","NAME_2":"Sahibganj","NAME_0":"India"},"geometry":{"type":"Polygon","coordinates":[[[87.8,25.2],[87.8,25.1],[87.9,25.0],[87.9,24.9],[88.0,24.9],[87.9,24.9],[87.9,24.8],[87.8,24.8],[87.8,24.7],[87.8,24.8],[87.8,24.7],[87.7,24.8],[87.7,24.7],[87.7,24.8],[87.6,24.8],[87.5,24.8],[87.5,24.9],[87.4,24.9],[87.5,24.9],[87.5,25.0],[87.5,25.1],[87.5,25.2],[87.5,25.3],[87.6,25.3],[87.7,25.3],[87.8,25.2]]]}},{"type":"Feature","properties":{"NAME_1":"Jharkhand","NAME_2":"Saraikela Kharsawan","NAME_0":"India"},"geometry":{"type":"Polygon","coordinates":[[[86.2,23.0],[86.2,22.9],[86.2,22.8],[86.1,22.8],[86.2,22.8],[86.2,22.7],[86.2,22.6],[86.1,22.6],[86.1,22.5],[86.1,22.6],[86.0,22.6],[86.0,22.5],[85.9,22.5],[85.9,22.6],[85.9,22.7],[85.8,22.7],[85.7,22.7],[85.7,22.8],[85.6,22.8],[85.5,22.8],[85.5,22.9],[85.6,22.9],[85.7,22.9],[85.8,22.9],[85.9,22.9],[85.8,22.9],[85.8,23.0],[85.8,23.1],[85.9,23.1],[85.9,23.2],[85.9,23.1],[86.0,23.1],[86.1,23.1],[86.2,23.0]]]}},{"type":"Feature","properties":{"NAME_1":"Jharkhand","NAME_2":"Simdega","NAME_0":"India"},"geometry":{"type":"Polygon","coordinates":[[[85.0,22.8],[85.0,22.7],[85.1,22.7],[85.0,22.7],[85.1,22.7],[85.1,22.6],[85.0,22.6],[85.1,22.6],[85.0,22.6],[85.1,22.6],[85.1,22.5],[85.0,22.5],[85.0,22.4],[85.0,22.5],[84.9,22.5],[84.9,22.4],[84.8,22.4],[84.7,22.4],[84.6,22.4],[84.5,22.4],[84.4,22.4],[84.4,22.3],[84.4,22.4],[84.4,22.3],[84.3,22.3],[84.3,22.4],[84.2,22.4],[84.1,22.4],[84.1,22.5],[84.0,22.5],[84.0,22.6],[84.1,22.6],[84.2,22.6],[84.2,22.7],[84.3,22.8],[84.3,22.7],[84.3,22.8],[84.4,22.8],[84.5,22.8],[84.6,22.8],[84.5,22.8],[84.5,22.7],[84.5,22.8],[84.6,22.7],[84.7,22.7],[84.7,22.8],[84.8,22.8],[84.8,22.7],[84.9,22.7],[84.8,22.7],[84.8,22.8],[84.9,22.8],[84.9,22.7],[84.9,22.8],[85.0,22.8]]]}},{"type":"Feature","properties":{"NAME_1":"Karnataka","NAME_2":"Bagalkot","NAME_0":"India"},"geometry":{"type":"Polygon","coordinates":[[[75.4,16.8],[75.5,16.8],[75.5,16.7],[75.4,16.7],[75.5,16.7],[75.5,16.6],[75.5,16.5],[75.4,16.4],[75.5,16.4],[75.5,16.5],[75.6,16.5],[75.6,16.4],[75.7,16.4],[75.8,16.4],[75.8,16.3],[75.9,16.3],[76.0,16.3],[76.1,16.3],[76.1,16.2],[76.2,16.2],[76.2,16.1],[76.3,16.1],[76.3,16.0],[76.3,15.9],[76.2,15.9],[76.1,15.9],[76.1,16.0],[76.0,16.0],[76.0,15.9],[75.9,15.9],[75.8,15.9],[75.9,15.9],[75.8,15.9],[75.8,15.8],[75.7,15.8],[75.6,15.8],[75.5,15.8],[75.5,15.9],[75.4,15.9],[75.4,16.0],[75.4,16.1],[75.3,16.1],[75.3,16.2],[75.2,16.2],[75.2,16.3],[75.1,16.3],[75.0,16.3],[75.0,16.4],[75.1,16.4],[75.0,16.4],[75.0,16.5],[75.1,16.5],[75.1,16.6],[75.1,16.5],[75.2,16.5],[75.2,16.6],[75.3,16.6],[75.3,16.7],[75.4,16.7],[75.4,16.8]]]}},{"type":"Feature","properties":{"NAME_1":"Karnataka","NAME_2":"Bangalore Rural","NAME_0":"India"},"geometry":{"type":"Polygon","coordinates":[[[77.4,13.5],[77.5,13.5],[77.5,13.4],[77.6,13.4],[77.7,13.4],[77.6,13.4],[77.7,13.4],[77.6,13.4],[77.7,13.3],[77.7,13.4],[77.7,13.3],[77.7,13.4],[77.7,13.3],[77.7,13.4],[77.8,13.4],[77.8,13.3],[77.8,13.2],[77.9,13.2],[78.0,13.2],[77.9,13.2],[78.0,13.2],[77.9,13.2],[77.9,13.1],[77.9,13.0],[77.9,12.9],[77.8,12.9],[77.9,12.9],[77.8,12.9],[77.9,12.9],[77.8,12.9],[77.8,13.0],[77.8,13.1],[77.7,13.1],[77.7,13.2],[77.6,13.2],[77.5,13.2],[77.6,13.2],[77.5,13.2],[77.4,13.2],[77.4,13.1],[77.4,13.0],[77.3,13.0],[77.3,12.9],[77.4,12.9],[77.4,12.8],[77.4,12.9],[77.4,12.8],[77.5,12.8],[77.5,12.7],[77.5,12.8],[77.6,12.8],[77.5,12.8],[77.6,12.8],[77.6,12.7],[77.5,12.7],[77.6,12.7],[77.6,12.6],[77.6,12.5],[77.6,12.4],[77.6,12.3],[77.5,12.3],[77.5,12.2],[77.4,12.2],[77.4,12.3],[77.3,12.3],[77.3,12.4],[77.3,12.5],[77.2,12.5],[77.1,12.5],[77.1,12.6],[77.1,12.7],[77.1,12.8],[77.1,12.9],[77.2,12.9],[77.1,13.0],[77.1,13.1],[77.1,13.2],[77.2,13.2],[77.2,13.3],[77.3,13.3],[77.3,13.4],[77.4,13.4],[77.3,13.4],[77.3,13.5],[77.4,13.5]]]}},{"type":"Feature","properties":{"NAME_1":"Karnataka","NAME_2":"Bangalore Urban","NAME_0":"India"},"geometry":{"type":"Polygon","coordinates":[[[77.6,13.2],[77.7,13.2],[77.7,13.1],[77.8,13.1],[77.8,13.0],[77.8,12.9],[77.8,12.8],[77.8,12.7],[77.7,12.7],[77.7,12.6],[77.7,12.7],[77.6,12.7],[77.6,12.6],[77.6,12.7],[77.5,12.7],[77.6,12.7],[77.6,12.8],[77.5,12.8],[77.6,12.8],[77.5,12.8],[77.5,12.7],[77.5,12.8],[77.4,12.8],[77.4,12.9],[77.4,12.8],[77.4,12.9],[77.3,12.9],[77.3,13.0],[77.4,13.0],[77.4,13.1],[77.4,13.2],[77.5,13.2],[77.6,13.2],[77.5,13.2],[77.6,13.2]]]}},{"type":"Feature","properties":{"NAME_1":"Karnataka","NAME_2":"Belgaum","NAME_0":"India"},"geometry":{"type":"Polygon","coordinates":[[[75.3,17.0],[75.3,16.9],[75.4,16.9],[75.4,16.8],[75.4,16.7],[75.3,16.7],[75.3,16.6],[75.2,16.6],[75.2,16.5],[75.1,16.5],[75.1,16.6],[75.1,16.5],[75.0,16.5],[75.0,16.4],[75.1,16.4],[75.0,16.4],[75.0,16.3],[75.1,16.3],[75.2,16.3],[75.2,16.2],[75.3,16.2],[75.3,16.1],[75.4,16.1],[75.4,16.0],[75.4,15.9],[75.5,15.9],[75.5,15.8],[75.4,15.8],[75.3,15.8],[75.3,15.7],[75.3,15.6],[75.2,15.7],[75.2,15.6],[75.2,15.7],[75.1,15.7],[75.1,15.6],[75.1,15.7],[75.0,15.7],[75.0,15.6],[74.9,15.6],[74.8,15.6],[74.8,15.5],[74.7,15.5],[74.7,15.4],[74.6,15.4],[74.5,15.4],[74.4,15.4],[74.4,15.5],[74.3,15.5],[74.3,15.6],[74.3,15.7],[74.2,15.7],[74.2,15.6],[74.2,15.7],[74.2,15.6],[74.1,15.6],[74.1,15.7],[74.2,15.7],[74.2,15.8],[74.2,15.7],[74.3,15.7],[74.3,15.8],[74.3,15.7],[74.3,15.8],[74.4,15.8],[74.3,15.8],[74.3,15.9],[74.4,15.9],[74.4,15.8],[74.4,15.9],[74.4,16.0],[74.5,16.0],[74.4,16.0],[74.5,16.0],[74.5,16.1],[74.4,16.1],[74.4,16.0],[74.4,16.1],[74.5,16.1],[74.5,16.2],[74.4,16.2],[74.4,16.3],[74.3,16.3],[74.3,16.4],[74.4,16.4],[74.3,16.4],[74.3,16.5],[74.3,16.6],[74.3,16.5],[74.4,16.6],[74.4,16.5],[74.4,16.6],[74.5,16.6],[74.5,16.7],[74.5,16.6],[74.6,16.6],[74.5,16.6],[74.6,16.6],[74.5,16.6],[74.6,16.6],[74.7,16.6],[74.7,16.7],[74.8,16.7],[74.8,16.8],[74.9,16.8],[74.9,16.9],[75.0,16.9],[74.9,16.9],[75.0,16.9],[75.1,16.9],[75.2,16.9],[75.2,16.8],[75.2,16.9],[75.3,16.9],[75.3,17.0]]]}},{"type":"Feature","properties":{"NAME_1":"Karnataka","NAME_2":"Bellary","NAME_0":"India"},"geometry":{"type":"Polygon","coordinates":[[[77.0,15.8],[77.1,15.8],[77.0,15.8],[77.1,15.8],[77.0,15.8],[77.0,15.7],[77.1,15.7],[77.1,15.6],[77.1,15.7],[77.1,15.6],[77.0,15.6],[77.0,15.5],[77.0,15.4],[77.1,15.3],[77.2,15.3],[77.1,15.3],[77.1,15.2],[77.2,15.2],[77.2,15.1],[77.1,15.2],[77.1,15.1],[77.2,15.1],[77.1,15.1],[77.1,15.0],[77.0,15.0],[76.9,15.0],[76.9,15.1],[76.8,15.1],[76.8,15.0],[76.7,15.0],[76.7,14.9],[76.7,14.8],[76.6,14.8],[76.6,14.7],[76.6,14.6],[76.5,14.6],[76.4,14.6],[76.4,14.7],[76.3,14.7],[76.2,14.7],[76.2,14.6],[76.2,14.7],[76.2,14.8],[76.1,14.8],[76.2,14.8],[76.2,14.9],[76.1,14.9],[76.0,14.9],[75.9,14.9],[75.8,14.9],[75.8,14.8],[75.8,14.7],[75.7,14.7],[75.7,14.8],[75.7,14.9],[75.7,14.8],[75.7,14.9],[75.8,15.0],[75.9,15.0],[75.9,15.1],[76.0,15.1],[76.1,15.1],[76.1,15.2],[76.2,15.2],[76.3,15.2],[76.3,15.3],[76.4,15.3],[76.5,15.3],[76.5,15.4],[76.6,15.4],[76.7,15.4],[76.7,15.5],[76.8,15.5],[76.8,15.6],[76.9,15.6],[76.9,15.7],[76.9,15.8],[77.0,15.8]]]}},{"type":"Feature","properties":{"NAME_1":"Karnataka","NAME_2":"Bidar","NAME_0":"India"},"geometry":{"type":"Polygon","coordinates":[[[77.3,18.4],[77.4,18.4],[77.4,18.3],[77.5,18.3],[77.6,18.3],[77.6,18.2],[77.6,18.1],[77.5,18.1],[77.5,18.0],[77.6,18.0],[77.7,18.0],[77.6,18.0],[77.6,17.9],[77.6,18.0],[77.6,17.9],[77.6,17.8],[77.5,17.8],[77.6,17.8],[77.6,17.7],[77.5,17.7],[77.4,17.7],[77.4,17.6],[77.5,17.6],[77.4,17.6],[77.3,17.6],[77.2,17.6],[77.1,17.6],[77.1,17.7],[77.0,17.7],[77.0,17.6],[76.9,17.6],[76.8,17.6],[76.8,17.7],[76.7,17.7],[76.7,17.6],[76.7,17.7],[76.7,17.8],[76.8,17.8],[76.8,17.9],[76.8,17.8],[76.8,17.9],[76.7,17.9],[76.8,17.9],[76.9,17.9],[76.9,18.0],[77.0,18.0],[76.9,18.0],[77.0,18.1],[76.9,18.1],[77.0,18.1],[76.9,18.1],[76.9,18.2],[77.0,18.2],[77.1,18.2],[77.1,18.1],[77.1,18.2],[77.2,18.2],[77.1,18.2],[77.2,18.2],[77.2,18.3],[77.2,18.4],[77.3,18.4],[77.3,18.5],[77.3,18.4]]]}},{"type":"Feature","properties":{"NAME_1":"Karnataka","NAME_2":"Bijapur","NAME_0":"India"},"geometry":{"type":"Polygon","coordinates":[[[75.7,17.4],[75.8,17.4],[75.9,17.4],[75.9,17.3],[76.0,17.3],[76.0,17.4],[76.0,17.3],[76.1,17.4],[76.1,17.3],[76.1,17.2],[76.2,17.2],[76.2,17.1],[76.3,17.1],[76.3,17.2],[76.4,17.2],[76.4,17.1],[76.4,17.0],[76.4,16.9],[76.5,16.9],[76.4,16.9],[76.5,16.9],[76.5,16.8],[76.4,16.8],[76.4,16.9],[76.4,16.8],[76.4,16.7],[76.5,16.7],[76.4,16.7],[76.4,16.6],[76.4,16.5],[76.4,16.4],[76.3,16.4],[76.3,16.3],[76.3,16.2],[76.4,16.2],[76.3,16.2],[76.3,16.1],[76.3,16.2],[76.2,16.2],[76.1,16.2],[76.1,16.3],[76.0,16.3],[75.9,16.3],[75.8,16.3],[75.8,16.4],[75.7,16.4],[75.6,16.4],[75.6,16.5],[75.5,16.5],[75.5,16.4],[75.4,16.4],[75.5,16.5],[75.5,16.6],[75.5,16.7],[75.4,16.7],[75.5,16.7],[75.5,16.8],[75.4,16.8],[75.4,16.9],[75.3,16.9],[75.3,17.0],[75.4,17.0],[75.5,17.0],[75.5,16.9],[75.5,17.0],[75.6,17.0],[75.7,17.0],[75.6,17.0],[75.7,17.1],[75.6,17.1],[75.6,17.2],[75.7,17.2],[75.7,17.3],[75.6,17.3],[75.6,17.4],[75.6,17.5],[75.7,17.5],[75.7,17.4]]]}},{"type":"Feature","properties":{"NAME_1":"Karnataka","NAME_2":"Chamrajnagar","NAME_0":"India"},"geometry":{"type":"Polygon","coordinates":[[[77.3,12.3],[77.4,12.3],[77.4,12.2],[77.5,12.2],[77.6,12.2],[77.7,12.2],[77.7,12.1],[77.8,12.1],[77.7,12.1],[77.7,12.0],[77.7,11.9],[77.6,11.9],[77.5,11.9],[77.5,11.8],[77.4,11.8],[77.3,11.8],[77.2,11.8],[77.1,11.8],[77.1,11.7],[77.1,11.8],[77.0,11.8],[76.9,11.8],[76.9,11.7],[76.8,11.7],[76.8,11.6],[76.9,11.6],[76.8,11.6],[76.7,11.6],[76.6,11.6],[76.5,11.6],[76.5,11.7],[76.4,11.7],[76.4,11.8],[76.5,11.8],[76.5,11.9],[76.5,11.8],[76.5,11.9],[76.6,11.9],[76.6,12.0],[76.7,12.0],[76.8,12.0],[76.9,12.0],[76.9,12.1],[76.9,12.0],[76.9,12.1],[76.8,12.1],[76.9,12.1],[76.8,12.1],[76.8,12.2],[76.9,12.2],[76.9,12.1],[77.0,12.1],[77.0,12.2],[77.0,12.1],[77.0,12.2],[77.1,12.2],[77.2,12.2],[77.2,12.3],[77.3,12.3]]]}},{"type":"Feature","properties":{"NAME_1":"Karnataka","NAME_2":"Chikmagalur","NAME_0":"India"},"geometry":{"type":"Polygon","coordinates":[[[76.1,13.9],[76.1,13.8],[76.1,13.7],[76.2,13.7],[76.3,13.7],[76.3,13.6],[76.4,13.6],[76.4,13.5],[76.3,13.5],[76.2,13.5],[76.2,13.4],[76.2,13.5],[76.1,13.4],[76.0,13.4],[76.0,13.3],[76.0,13.2],[76.0,13.3],[75.9,13.3],[75.9,13.2],[75.9,13.3],[75.9,13.2],[75.9,13.3],[75.8,13.2],[75.8,13.3],[75.8,13.2],[75.7,13.2],[75.7,13.1],[75.8,13.1],[75.7,13.1],[75.7,13.0],[75.6,13.0],[75.6,12.9],[75.5,12.9],[75.5,13.0],[75.5,13.1],[75.4,13.1],[75.4,13.2],[75.3,13.2],[75.3,13.1],[75.2,13.1],[75.2,13.2],[75.2,13.3],[75.1,13.3],[75.1,13.4],[75.2,13.4],[75.2,13.5],[75.1,13.5],[75.2,13.5],[75.2,13.6],[75.3,13.6],[75.4,13.6],[75.4,13.7],[75.5,13.7],[75.5,13.8],[75.5,13.7],[75.6,13.7],[75.6,13.8],[75.6,13.7],[75.7,13.7],[75.7,13.8],[75.7,13.7],[75.7,13.8],[75.8,13.8],[75.9,13.8],[76.0,13.8],[76.0,13.9],[76.0,13.8],[76.0,13.9],[76.1,13.9]]]}},{"type":"Feature","properties":{"NAME_1":"Karnataka","NAME_2":"Chitradurga","NAME_0":"India"},"geometry":{"type":"Polygon","coordinates":[[[76.7,15.0],[76.8,15.0],[76.9,15.0],[76.9,14.9],[76.8,14.9],[76.9,14.9],[76.8,14.8],[76.8,14.7],[76.8,14.6],[76.8,14.5],[76.9,14.5],[77.0,14.5],[77.0,14.4],[76.9,14.4],[76.9,14.3],[77.0,14.3],[76.9,14.3],[76.9,14.2],[77.0,14.2],[76.9,14.2],[76.9,14.1],[76.9,14.0],[76.8,14.0],[76.8,13.9],[76.7,13.9],[76.8,13.8],[76.7,13.8],[76.7,13.7],[76.6,13.7],[76.5,13.7],[76.5,13.6],[76.4,13.6],[76.3,13.6],[76.3,13.7],[76.2,13.7],[76.1,13.7],[76.1,13.8],[76.1,13.9],[76.0,13.9],[76.1,13.9],[76.1,14.0],[76.0,14.0],[76.1,14.1],[76.0,14.1],[76.1,14.2],[76.1,14.3],[76.2,14.3],[76.2,14.4],[76.1,14.4],[76.2,14.4],[76.1,14.4],[76.2,14.4],[76.2,14.5],[76.2,14.4],[76.3,14.4],[76.4,14.4],[76.5,14.4],[76.5,14.5],[76.5,14.6],[76.6,14.6],[76.6,14.7],[76.6,14.8],[76.7,14.8],[76.7,14.9],[76.7,15.0]]]}},{"type":"Feature","properties":{"NAME_1":"Karnataka","NAME_2":"Dakshin Kannad","NAME_0":"India"},"geometry":{"type":"Polygon","coordinates":[[[75.4,13.2],[75.4,13.1],[75.5,13.1],[75.5,13.0],[75.5,12.9],[75.6,12.9],[75.6,12.8],[75.6,12.7],[75.7,12.7],[75.6,12.7],[75.7,12.7],[75.6,12.7],[75.6,12.6],[75.7,12.6],[75.7,12.5],[75.6,12.5],[75.5,12.5],[75.4,12.5],[75.3,12.5],[75.3,12.6],[75.2,12.6],[75.1,12.6],[75.2,12.6],[75.2,12.7],[75.1,12.7],[75.0,12.7],[75.1,12.7],[75.0,12.7],[75.0,12.8],[74.9,12.8],[74.9,12.7],[74.9,12.8],[74.8,12.8],[74.8,12.9],[74.8,13.0],[74.8,13.1],[74.9,13.1],[74.9,13.0],[75.0,13.0],[75.1,13.0],[75.1,13.1],[75.2,13.1],[75.2,13.2],[75.2,13.1],[75.3,13.1],[75.3,13.2],[75.4,13.2]]]}},{"type":"Feature","properties":{"NAME_1":"Karnataka","NAME_2":"Davanagere","NAME_0":"India"},"geometry":{"type":"Polygon","coordinates":[[[76.1,14.9],[76.2,14.9],[76.2,14.8],[76.1,14.8],[76.2,14.8],[76.2,14.7],[76.2,14.6],[76.2,14.7],[76.3,14.7],[76.4,14.7],[76.4,14.6],[76.5,14.6],[76.5,14.5],[76.5,14.4],[76.4,14.4],[76.3,14.4],[76.2,14.4],[76.2,14.5],[76.2,14.4],[76.1,14.4],[76.2,14.4],[76.1,14.4],[76.2,14.4],[76.2,14.3],[76.1,14.3],[76.1,14.2],[76.0,14.1],[76.1,14.1],[76.0,14.0],[76.1,14.0],[76.1,13.9],[76.0,13.9],[76.0,13.8],[76.0,13.9],[76.0,13.8],[75.9,13.8],[75.8,13.8],[75.7,13.8],[75.7,13.7],[75.7,13.8],[75.7,13.7],[75.6,13.7],[75.6,13.8],[75.6,13.9],[75.7,13.9],[75.7,14.0],[75.7,14.1],[75.6,14.1],[75.5,14.1],[75.4,14.1],[75.4,14.2],[75.5,14.2],[75.5,14.3],[75.6,14.3],[75.6,14.4],[75.6,14.5],[75.7,14.5],[75.7,14.4],[75.7,14.5],[75.8,14.5],[75.8,14.6],[75.8,14.7],[75.7,14.7],[75.8,14.7],[75.8,14.8],[75.8,14.9],[75.9,14.9],[76.0,14.9],[76.1,14.9]]]}},{"type":"Feature","properties":{"NAME_1":"Karnataka","NAME_2":"Dharwad","NAME_0":"India"},"geometry":{"type":"Polygon","coordinates":[[[75.5,15.7],[75.5,15.6],[75.6,15.6],[75.5,15.6],[75.5,15.5],[75.5,15.4],[75.4,15.4],[75.5,15.4],[75.5,15.3],[75.4,15.3],[75.4,15.2],[75.5,15.2],[75.4,15.2],[75.4,15.1],[75.4,15.0],[75.4,15.1],[75.3,15.1],[75.4,15.1],[75.3,15.1],[75.3,15.2],[75.3,15.1],[75.2,15.1],[75.1,15.1],[75.2,15.1],[75.2,15.2],[75.1,15.2],[75.1,15.1],[75.0,15.1],[74.9,15.1],[74.9,15.0],[74.9,15.1],[74.8,15.1],[74.8,15.2],[74.9,15.2],[74.9,15.3],[74.8,15.3],[74.8,15.4],[74.7,15.4],[74.7,15.5],[74.8,15.5],[74.8,15.6],[74.9,15.6],[75.0,15.6],[75.0,15.7],[75.1,15.7],[75.1,15.6],[75.1,15.7],[75.2,15.7],[75.2,15.6],[75.2,15.7],[75.3,15.6],[75.3,15.7],[75.3,15.6],[75.4,15.6],[75.4,15.7],[75.5,15.7]]]}},{"type":"Feature","properties":{"NAME_1":"Karnataka","NAME_2":"Gadag","NAME_0":"India"},"geometry":{"type":"Polygon","coordinates":[[[75.5,15.9],[75.5,15.8],[75.6,15.8],[75.7,15.8],[75.8,15.8],[75.9,15.8],[76.0,15.8],[76.0,15.7],[75.9,15.7],[75.9,15.6],[75.9,15.5],[75.8,15.5],[75.8,15.4],[75.9,15.4],[75.9,15.3],[75.9,15.2],[75.9,15.1],[75.9,15.0],[75.8,15.0],[75.7,14.9],[75.7,15.0],[75.6,15.0],[75.5,15.0],[75.5,15.1],[75.4,15.1],[75.4,15.2],[75.5,15.2],[75.4,15.2],[75.4,15.3],[75.5,15.3],[75.5,15.4],[75.4,15.4],[75.5,15.4],[75.5,15.5],[75.5,15.6],[75.6,15.6],[75.5,15.6],[75.5,15.7],[75.4,15.7],[75.4,15.6],[75.3,15.6],[75.3,15.7],[75.3,15.8],[75.4,15.8],[75.5,15.8],[75.5,15.9]]]}},{"type":"Feature","properties":{"NAME_1":"Karnataka","NAME_2":"Gulbarga","NAME_0":"India"},"geometry":{"type":"Polygon","coordinates":[[[76.7,17.7],[76.7,17.6],[76.7,17.7],[76.8,17.7],[76.8,17.6],[76.9,17.6],[77.0,17.6],[77.0,17.7],[77.1,17.7],[77.1,17.6],[77.2,17.6],[77.3,17.6],[77.4,17.6],[77.5,17.6],[77.5,17.5],[77.5,17.6],[77.5,17.5],[77.6,17.6],[77.6,17.5],[77.7,17.5],[77.6,17.5],[77.7,17.5],[77.6,17.5],[77.6,17.4],[77.6,17.5],[77.6,17.4],[77.5,17.4],[77.4,17.4],[77.5,17.3],[77.4,17.3],[77.5,17.3],[77.4,17.3],[77.4,17.2],[77.4,17.1],[77.5,17.1],[77.5,17.0],[77.5,16.9],[77.5,16.8],[77.4,16.8],[77.4,16.7],[77.5,16.7],[77.4,16.7],[77.4,16.6],[77.5,16.6],[77.4,16.6],[77.4,16.5],[77.3,16.5],[77.2,16.5],[77.3,16.5],[77.3,16.4],[77.2,16.4],[77.2,16.5],[77.1,16.5],[77.0,16.5],[77.0,16.6],[77.0,16.5],[76.9,16.5],[76.9,16.4],[76.8,16.4],[76.7,16.4],[76.6,16.4],[76.6,16.3],[76.5,16.3],[76.4,16.3],[76.4,16.2],[76.3,16.2],[76.4,16.2],[76.3,16.2],[76.3,16.3],[76.3,16.4],[76.4,16.4],[76.4,16.5],[76.4,16.6],[76.4,16.7],[76.5,16.7],[76.4,16.7],[76.4,16.8],[76.4,16.9],[76.4,16.8],[76.5,16.8],[76.5,16.9],[76.4,16.9],[76.5,16.9],[76.4,16.9],[76.4,17.0],[76.4,17.1],[76.4,17.2],[76.3,17.2],[76.3,17.1],[76.2,17.1],[76.2,17.2],[76.1,17.2],[76.1,17.3],[76.1,17.4],[76.1,17.3],[76.2,17.3],[76.2,17.4],[76.3,17.4],[76.2,17.4],[76.3,17.4],[76.3,17.3],[76.4,17.3],[76.4,17.4],[76.3,17.4],[76.3,17.5],[76.4,17.5],[76.3,17.5],[76.4,17.5],[76.3,17.5],[76.3,17.6],[76.4,17.6],[76.5,17.7],[76.5,17.8],[76.6,17.8],[76.6,17.7],[76.6,17.8],[76.6,17.7],[76.7,17.7]]]}},{"type":"Feature","properties":{"NAME_1":"Karnataka","NAME_2":"Hassan","NAME_0":"India"},"geometry":{"type":"Polygon","coordinates":[[[76.4,13.5],[76.4,13.4],[76.3,13.4],[76.3,13.3],[76.4,13.3],[76.4,13.2],[76.5,13.1],[76.6,13.1],[76.6,13.0],[76.6,12.9],[76.6,12.8],[76.5,12.8],[76.4,12.8],[76.4,12.9],[76.4,12.8],[76.3,12.8],[76.4,12.7],[76.3,12.7],[76.4,12.7],[76.3,12.7],[76.3,12.6],[76.2,12.6],[76.1,12.6],[76.2,12.6],[76.1,12.5],[76.0,12.5],[76.0,12.6],[75.9,12.6],[75.9,12.7],[76.0,12.7],[75.9,12.7],[75.9,12.8],[76.0,12.8],[75.9,12.8],[75.9,12.7],[75.8,12.7],[75.9,12.7],[75.8,12.7],[75.9,12.7],[75.8,12.7],[75.7,12.7],[75.6,12.7],[75.7,12.7],[75.6,12.7],[75.6,12.8],[75.6,12.9],[75.6,13.0],[75.7,13.0],[75.7,13.1],[75.8,13.1],[75.7,13.1],[75.7,13.2],[75.8,13.2],[75.8,13.3],[75.8,13.2],[75.9,13.3],[75.9,13.2],[75.9,13.3],[75.9,13.2],[75.9,13.3],[76.0,13.3],[76.0,13.2],[76.0,13.3],[76.0,13.4],[76.1,13.4],[76.2,13.5],[76.2,13.4],[76.2,13.5],[76.3,13.5],[76.4,13.5]]]}},{"type":"Feature","properties":{"NAME_1":"Karnataka","NAME_2":"Haveri","NAME_0":"India"},"geometry":{"type":"Polygon","coordinates":[[[75.4,15.1],[75.3,15.1],[75.4,15.1],[75.4,15.0],[75.4,15.1],[75.5,15.1],[75.5,15.0],[75.6,15.0],[75.7,15.0],[75.7,14.9],[75.7,14.8],[75.7,14.9],[75.7,14.8],[75.7,14.7],[75.8,14.7],[75.7,14.7],[75.8,14.7],[75.8,14.6],[75.8,14.5],[75.7,14.5],[75.7,14.4],[75.7,14.5],[75.6,14.5],[75.6,14.4],[75.6,14.3],[75.5,14.3],[75.4,14.3],[75.4,14.4],[75.3,14.4],[75.4,14.4],[75.3,14.4],[75.3,14.5],[75.3,14.6],[75.2,14.6],[75.1,14.6],[75.1,14.7],[75.1,14.6],[75.0,14.6],[75.0,14.7],[75.1,14.7],[75.0,14.8],[75.1,14.8],[75.1,14.9],[75.1,15.0],[75.1,15.1],[75.1,15.2],[75.2,15.2],[75.2,15.1],[75.1,15.1],[75.2,15.1],[75.3,15.1],[75.3,15.2],[75.3,15.1],[75.4,15.1]]]}},{"type":"Feature","properties":{"NAME_1":"Karnataka","NAME_2":"Kodagu","NAME_0":"India"},"geometry":{"type":"Polygon","coordinates":[[[75.9,12.8],[76.0,12.8],[75.9,12.8],[75.9,12.7],[76.0,12.7],[75.9,12.7],[75.9,12.6],[76.0,12.6],[76.0,12.5],[76.0,12.6],[76.0,12.5],[76.0,12.4],[75.9,12.4],[76.0,12.3],[76.0,12.2],[76.1,12.2],[76.1,12.1],[76.2,12.1],[76.2,12.0],[76.1,12.0],[76.0,11.9],[75.9,11.9],[75.9,12.0],[75.8,12.0],[75.8,12.1],[75.7,12.1],[75.6,12.1],[75.6,12.2],[75.5,12.2],[75.5,12.3],[75.4,12.3],[75.4,12.4],[75.4,12.5],[75.4,12.4],[75.4,12.5],[75.5,12.5],[75.6,12.5],[75.7,12.5],[75.7,12.6],[75.6,12.6],[75.6,12.7],[75.7,12.7],[75.8,12.7],[75.9,12.7],[75.8,12.7],[75.9,12.7],[75.8,12.7],[75.9,12.7],[75.9,12.8]]]}},{"type":"Feature","properties":{"NAME_1":"Karnataka","NAME_2":"Kolar","NAME_0":"India"},"geometry":{"type":"Polygon","coordinates":[[[78.0,13.9],[77.9,13.9],[77.9,13.8],[78.0,13.8],[78.0,13.9],[78.1,13.9],[78.1,13.8],[78.1,13.7],[78.1,13.6],[78.2,13.6],[78.3,13.6],[78.4,13.6],[78.4,13.5],[78.4,13.4],[78.4,13.3],[78.5,13.3],[78.6,13.3],[78.6,13.2],[78.5,13.2],[78.6,13.2],[78.5,13.2],[78.5,13.1],[78.5,13.0],[78.4,13.0],[78.5,13.0],[78.4,13.0],[78.4,12.9],[78.5,12.9],[78.4,12.9],[78.3,12.9],[78.3,12.8],[78.3,12.9],[78.3,12.8],[78.2,12.8],[78.2,12.9],[78.2,12.8],[78.1,12.8],[78.0,12.8],[77.9,12.8],[77.9,12.9],[77.8,12.9],[77.9,12.9],[77.8,12.9],[77.9,12.9],[77.9,13.0],[77.9,13.1],[77.9,13.2],[78.0,13.2],[77.9,13.2],[78.0,13.2],[77.9,13.2],[77.8,13.2],[77.8,13.3],[77.8,13.4],[77.7,13.4],[77.7,13.3],[77.7,13.4],[77.7,13.3],[77.7,13.4],[77.7,13.3],[77.6,13.4],[77.7,13.4],[77.6,13.4],[77.7,13.4],[77.6,13.4],[77.5,13.4],[77.5,13.5],[77.4,13.5],[77.4,13.6],[77.4,13.7],[77.5,13.7],[77.6,13.7],[77.6,13.8],[77.7,13.8],[77.7,13.7],[77.7,13.8],[77.8,13.8],[77.8,13.9],[77.9,13.9],[78.0,13.9],[78.0,14.0],[78.0,13.9]]]}},{"type":"Feature","properties":{"NAME_1":"Karnataka","NAME_2":"Koppal","NAME_0":"India"},"geometry":{"type":"Polygon","coordinates":[[[76.1,16.0],[76.1,15.9],[76.2,15.9],[76.3,15.9],[76.4,15.9],[76.4,15.8],[76.5,15.8],[76.4,15.8],[76.4,15.7],[76.5,15.7],[76.6,15.7],[76.7,15.7],[76.7,15.6],[76.8,15.6],[76.8,15.5],[76.7,15.5],[76.7,15.4],[76.6,15.4],[76.5,15.4],[76.5,15.3],[76.4,15.3],[76.3,15.3],[76.3,15.2],[76.2,15.2],[76.1,15.2],[76.1,15.1],[76.0,15.1],[75.9,15.1],[75.9,15.2],[75.9,15.3],[75.9,15.4],[75.8,15.4],[75.8,15.5],[75.9,15.5],[75.9,15.6],[75.9,15.7],[76.0,15.7],[76.0,15.8],[75.9,15.8],[75.8,15.8],[75.8,15.9],[75.9,15.9],[75.8,15.9],[75.9,15.9],[76.0,15.9],[76.0,16.0],[76.1,16.0]]]}},{"type":"Feature","properties":{"NAME_1":"Karnataka","NAME_2":"Mandya","NAME_0":"India"},"geometry":{"type":"Polygon","coordinates":[[[76.7,13.0],[76.8,13.0],[76.8,12.9],[76.9,12.9],[76.9,12.8],[77.0,12.8],[77.0,12.7],[77.1,12.7],[77.1,12.6],[77.1,12.5],[77.2,12.5],[77.3,12.5],[77.3,12.4],[77.3,12.3],[77.2,12.3],[77.2,12.2],[77.1,12.2],[77.0,12.2],[77.0,12.3],[76.9,12.3],[76.9,12.4],[76.8,12.4],[76.8,12.3],[76.7,12.3],[76.7,12.4],[76.6,12.4],[76.6,12.3],[76.6,12.4],[76.5,12.4],[76.5,12.5],[76.4,12.5],[76.4,12.6],[76.3,12.6],[76.3,12.7],[76.4,12.7],[76.3,12.7],[76.4,12.7],[76.3,12.8],[76.4,12.8],[76.4,12.9],[76.4,12.8],[76.5,12.8],[76.6,12.8],[76.6,12.9],[76.6,13.0],[76.7,13.0]]]}},{"type":"Feature","properties":{"NAME_1":"Karnataka","NAME_2":"Mysore","NAME_0":"India"},"geometry":{"type":"Polygon","coordinates":[[[76.4,12.6],[76.4,12.5],[76.5,12.5],[76.5,12.4],[76.6,12.4],[76.6,12.3],[76.6,12.4],[76.7,12.4],[76.7,12.3],[76.8,12.3],[76.8,12.4],[76.9,12.4],[76.9,12.3],[77.0,12.3],[77.0,12.2],[77.1,12.2],[77.0,12.2],[77.0,12.1],[77.0,12.2],[77.0,12.1],[76.9,12.1],[76.9,12.2],[76.8,12.2],[76.8,12.1],[76.9,12.1],[76.8,12.1],[76.9,12.1],[76.9,12.0],[76.9,12.1],[76.9,12.0],[76.8,12.0],[76.7,12.0],[76.6,12.0],[76.6,11.9],[76.5,11.9],[76.5,11.8],[76.5,11.9],[76.5,11.8],[76.4,11.8],[76.4,11.7],[76.3,11.7],[76.3,11.8],[76.2,11.8],[76.2,11.9],[76.1,11.9],[76.1,11.8],[76.1,11.9],[76.1,12.0],[76.2,12.0],[76.2,12.1],[76.1,12.1],[76.1,12.2],[76.0,12.2],[76.0,12.3],[75.9,12.4],[76.0,12.4],[76.0,12.5],[76.0,12.6],[76.0,12.5],[76.0,12.6],[76.0,12.5],[76.1,12.5],[76.2,12.6],[76.1,12.6],[76.2,12.6],[76.3,12.6],[76.4,12.6]]]}},{"type":"Feature","properties":{"NAME_1":"Karnataka","NAME_2":"Raichur","NAME_0":"India"},"geometry":{"type":"Polygon","coordinates":[[[77.0,16.5],[77.1,16.5],[77.2,16.5],[77.2,16.4],[77.3,16.4],[77.4,16.4],[77.5,16.4],[77.5,16.3],[77.6,16.3],[77.5,16.3],[77.5,16.2],[77.5,16.1],[77.5,16.0],[77.5,15.9],[77.4,15.9],[77.3,15.9],[77.3,16.0],[77.3,15.9],[77.3,16.0],[77.2,16.0],[77.2,15.9],[77.2,16.0],[77.2,15.9],[77.1,15.9],[77.0,15.9],[77.0,15.8],[76.9,15.8],[76.9,15.7],[76.9,15.6],[76.8,15.6],[76.8,15.5],[76.8,15.6],[76.7,15.6],[76.7,15.7],[76.6,15.7],[76.5,15.7],[76.4,15.7],[76.4,15.8],[76.5,15.8],[76.4,15.8],[76.4,15.9],[76.3,15.9],[76.3,16.0],[76.3,16.1],[76.2,16.1],[76.2,16.2],[76.3,16.2],[76.3,16.1],[76.3,16.2],[76.4,16.2],[76.4,16.3],[76.5,16.3],[76.6,16.3],[76.6,16.4],[76.7,16.4],[76.8,16.4],[76.9,16.4],[76.9,16.5],[77.0,16.5],[77.0,16.6],[77.0,16.5]]]}},{"type":"Feature","properties":{"NAME_1":"Karnataka","NAME_2":"Shimoga","NAME_0":"India"},"geometry":{"type":"Polygon","coordinates":[[[75.1,14.6],[75.2,14.6],[75.3,14.6],[75.3,14.5],[75.3,14.4],[75.4,14.4],[75.3,14.4],[75.4,14.4],[75.4,14.3],[75.5,14.3],[75.5,14.2],[75.4,14.2],[75.4,14.1],[75.5,14.1],[75.6,14.1],[75.7,14.1],[75.7,14.0],[75.7,13.9],[75.6,13.9],[75.6,13.8],[75.6,13.7],[75.5,13.7],[75.5,13.8],[75.5,13.7],[75.4,13.7],[75.4,13.6],[75.3,13.6],[75.2,13.6],[75.2,13.5],[75.1,13.5],[75.0,13.6],[75.1,13.6],[75.0,13.6],[75.0,13.7],[75.0,13.8],[74.9,13.8],[74.9,13.9],[74.8,13.9],[74.7,13.9],[74.7,14.0],[74.7,14.1],[74.6,14.1],[74.7,14.1],[74.6,14.1],[74.6,14.2],[74.7,14.2],[74.7,14.1],[74.8,14.1],[74.8,14.2],[74.7,14.2],[74.7,14.3],[74.8,14.2],[74.9,14.2],[74.9,14.3],[75.0,14.3],[74.9,14.4],[75.0,14.4],[74.9,14.4],[74.9,14.5],[75.0,14.5],[75.0,14.6],[75.0,14.5],[75.1,14.5],[75.0,14.5],[75.0,14.6],[75.1,14.6],[75.1,14.7],[75.1,14.6]]]}},{"type":"Feature","properties":{"NAME_1":"Karnataka","NAME_2":"Tumkur","NAME_0":"India"},"geometry":{"type":"MultiPolygon","coordinates":[[[[77.0,14.1],[76.9,14.0],[77.0,14.0],[77.0,13.9],[77.0,13.8],[77.0,13.7],[77.0,13.8],[77.1,13.7],[77.1,13.8],[77.2,13.8],[77.1,13.8],[77.1,13.9],[77.2,13.9],[77.3,13.9],[77.3,13.8],[77.3,13.9],[77.3,13.8],[77.4,13.8],[77.5,13.8],[77.5,13.7],[77.4,13.7],[77.4,13.6],[77.4,13.5],[77.3,13.5],[77.3,13.4],[77.4,13.4],[77.3,13.4],[77.3,13.3],[77.2,13.3],[77.2,13.2],[77.1,13.2],[77.1,13.1],[77.1,13.0],[77.2,12.9],[77.1,12.9],[77.1,12.8],[77.1,12.7],[77.0,12.7],[77.0,12.8],[76.9,12.8],[76.9,12.9],[76.8,12.9],[76.8,13.0],[76.7,13.0],[76.6,13.0],[76.6,13.1],[76.5,13.1],[76.4,13.2],[76.4,13.3],[76.3,13.3],[76.3,13.4],[76.4,13.4],[76.4,13.5],[76.4,13.6],[76.3,13.6],[76.4,13.6],[76.5,13.6],[76.5,13.7],[76.6,13.7],[76.7,13.7],[76.7,13.8],[76.8,13.8],[76.7,13.9],[76.8,13.9],[76.8,14.0],[76.9,14.0],[76.9,14.1],[77.0,14.1]]],[[[77.2,14.3],[77.3,14.3],[77.4,14.3],[77.4,14.2],[77.4,14.3],[77.5,14.3],[77.5,14.2],[77.4,14.2],[77.4,14.1],[77.3,14.1],[77.4,14.1],[77.3,14.1],[77.3,14.0],[77.4,14.0],[77.4,13.9],[77.3,13.9],[77.4,13.9],[77.3,14.0],[77.4,14.0],[77.3,14.0],[77.2,14.0],[77.1,14.0],[77.0,14.1],[77.0,14.2],[77.1,14.2],[77.1,14.3],[77.2,14.3]]]]}},{"type":"Feature","properties":{"NAME_1":"Karnataka","NAME_2":"Udupi","NAME_0":"India"},"geometry":{"type":"MultiPolygon","coordinates":[[[[74.7,13.9],[74.8,13.9],[74.9,13.9],[74.9,13.8],[75.0,13.8],[75.0,13.7],[75.0,13.6],[75.1,13.6],[75.0,13.6],[75.1,13.5],[75.2,13.5],[75.2,13.4],[75.1,13.4],[75.1,13.3],[75.2,13.3],[75.2,13.2],[75.2,13.1],[75.1,13.1],[75.1,13.0],[75.0,13.0],[74.9,13.0],[74.9,13.1],[74.8,13.1],[74.8,13.2],[74.7,13.2],[74.7,13.3],[74.7,13.4],[74.7,13.5],[74.7,13.6],[74.7,13.7],[74.6,13.7],[74.6,13.8],[74.6,13.9],[74.6,13.8],[74.6,13.9],[74.7,13.9],[74.7,14.0],[74.7,13.9]]]]}},{"type":"Feature","properties":{"NAME_1":"Karnataka","NAME_2":"Uttar Kannand","NAME_0":"India"},"geometry":{"type":"MultiPolygon","coordinates":[[[[74.3,15.5],[74.4,15.5],[74.4,15.4],[74.5,15.4],[74.6,15.4],[74.7,15.4],[74.8,15.4],[74.8,15.3],[74.9,15.3],[74.9,15.2],[74.8,15.2],[74.8,15.1],[74.9,15.1],[74.9,15.0],[74.9,15.1],[75.0,15.1],[75.1,15.1],[75.1,15.0],[75.1,14.9],[75.1,14.8],[75.0,14.8],[75.1,14.7],[75.0,14.7],[75.0,14.6],[75.1,14.6],[75.0,14.6],[75.0,14.5],[75.1,14.5],[75.0,14.5],[75.0,14.6],[75.0,14.5],[74.9,14.5],[74.9,14.4],[75.0,14.4],[74.9,14.4],[75.0,14.3],[74.9,14.3],[74.9,14.2],[74.8,14.2],[74.7,14.3],[74.7,14.2],[74.8,14.2],[74.8,14.1],[74.7,14.1],[74.7,14.2],[74.6,14.2],[74.6,14.1],[74.7,14.1],[74.6,14.1],[74.7,14.1],[74.7,14.0],[74.7,13.9],[74.6,13.9],[74.6,14.0],[74.6,13.9],[74.5,13.9],[74.5,14.0],[74.5,14.1],[74.5,14.2],[74.4,14.2],[74.4,14.3],[74.4,14.4],[74.4,14.5],[74.4,14.6],[74.4,14.5],[74.4,14.6],[74.4,14.5],[74.3,14.5],[74.3,14.6],[74.3,14.5],[74.4,14.5],[74.3,14.5],[74.3,14.6],[74.3,14.7],[74.2,14.7],[74.2,14.8],[74.2,14.7],[74.2,14.8],[74.1,14.8],[74.1,14.9],[74.1,14.8],[74.1,14.9],[74.2,14.9],[74.2,15.0],[74.2,14.9],[74.2,15.0],[74.3,15.0],[74.3,15.1],[74.3,15.2],[74.3,15.3],[74.3,15.4],[74.3,15.5]]]]}},{"type":"Feature","properties":{"NAME_1":"Kerala","NAME_2":"Alappuzha","NAME_0":"India"},"geometry":{"type":"MultiPolygon","coordinates":[[[[76.4,9.6],[76.4,9.5],[76.5,9.5],[76.4,9.5],[76.4,9.6]]],[[[76.3,9.9],[76.4,9.9],[76.3,9.9],[76.4,9.9],[76.4,9.8],[76.3,9.8],[76.4,9.8],[76.4,9.9],[76.3,9.9]]],[[[76.3,9.9],[76.3,9.8],[76.3,9.7],[76.3,9.8],[76.3,9.9],[76.3,9.8],[76.4,9.8],[76.4,9.7],[76.4,9.6],[76.4,9.5],[76.5,9.5],[76.5,9.4],[76.5,9.3],[76.6,9.3],[76.7,9.3],[76.6,9.3],[76.6,9.2],[76.7,9.2],[76.7,9.1],[76.6,9.1],[76.5,9.1],[76.5,9.2],[76.5,9.1],[76.5,9.2],[76.4,9.2],[76.5,9.2],[76.5,9.1],[76.5,9.2],[76.4,9.2],[76.4,9.3],[76.4,9.4],[76.3,9.4],[76.3,9.5],[76.3,9.6],[76.3,9.7],[76.3,9.8],[76.3,9.9],[76.3,9.8],[76.3,9.9]]]]}},{"type":"Feature","properties":{"NAME_1":"Kerala","NAME_2":"Ernakulam","NAME_0":"India"},"geometry":{"type":"MultiPolygon","coordinates":[[[[76.2,10.0],[76.3,10.0],[76.3,9.9],[76.3,9.8],[76.3,9.9],[76.2,9.9],[76.2,10.0]]],[[[76.6,10.3],[76.7,10.3],[76.7,10.2],[76.6,10.2],[76.6,10.1],[76.7,10.1],[76.8,10.1],[76.8,10.0],[76.7,10.0],[76.7,9.9],[76.6,9.9],[76.6,9.8],[76.6,9.9],[76.6,9.8],[76.5,9.8],[76.4,9.8],[76.4,9.9],[76.3,9.9],[76.3,10.0],[76.2,10.0],[76.3,10.0],[76.3,10.1],[76.2,10.1],[76.3,10.1],[76.3,10.0],[76.3,10.1],[76.2,10.1],[76.2,10.0],[76.2,10.1],[76.2,10.2],[76.2,10.1],[76.2,10.2],[76.2,10.1],[76.2,10.2],[76.3,10.2],[76.4,10.2],[76.4,10.3],[76.5,10.3],[76.6,10.3]]]]}},{"type":"Feature","properties":{"NAME_1":"Kerala","NAME_2":"Idukki","NAME_0":"India"},"geometry":{"type":"Polygon","coordinates":[[[77.2,10.3],[77.3,10.3],[77.2,10.3],[77.2,10.2],[77.3,10.2],[77.3,10.1],[77.2,10.1],[77.2,10.0],[77.3,10.0],[77.2,10.0],[77.3,10.0],[77.2,9.9],[77.2,9.8],[77.2,9.7],[77.2,9.6],[77.3,9.6],[77.4,9.6],[77.3,9.6],[77.3,9.5],[77.4,9.5],[77.4,9.4],[77.3,9.4],[77.3,9.3],[77.2,9.3],[77.2,9.4],[77.2,9.5],[77.1,9.5],[77.1,9.4],[77.0,9.5],[77.0,9.4],[77.1,9.4],[77.0,9.4],[76.9,9.4],[76.9,9.5],[77.0,9.5],[76.9,9.5],[76.9,9.6],[76.9,9.7],[76.8,9.7],[76.8,9.8],[76.7,9.8],[76.6,9.8],[76.6,9.9],[76.7,9.9],[76.7,10.0],[76.8,10.0],[76.8,10.1],[76.7,10.1],[76.6,10.1],[76.6,10.2],[76.7,10.2],[76.7,10.3],[76.8,10.3],[76.9,10.3],[76.9,10.2],[76.9,10.3],[76.9,10.2],[77.0,10.2],[77.0,10.3],[77.1,10.3],[77.2,10.3]]]}},{"type":"Feature","properties":{"NAME_1":"Kerala","NAME_2":"Kannur","NAME_0":"India"},"geometry":{"type":"MultiPolygon","coordinates":[[[[75.5,12.3],[75.5,12.2],[75.6,12.2],[75.6,12.1],[75.7,12.1],[75.8,12.1],[75.8,12.0],[75.9,12.0],[75.9,11.9],[75.9,11.8],[75.8,11.8],[75.7,11.8],[75.8,11.8],[75.7,11.8],[75.7,11.7],[75.6,11.7],[75.5,11.7],[75.5,11.8],[75.4,11.8],[75.4,11.9],[75.3,11.9],[75.4,11.9],[75.4,12.0],[75.4,11.9],[75.3,11.9],[75.3,12.0],[75.3,11.9],[75.3,12.0],[75.3,12.1],[75.4,12.1],[75.3,12.1],[75.2,12.1],[75.2,12.0],[75.2,12.1],[75.2,12.2],[75.3,12.2],[75.3,12.3],[75.4,12.3],[75.5,12.3]]]]}},{"type":"Feature","properties":{"NAME_1":"Kerala","NAME_2":"Kasaragod","NAME_0":"India"},"geometry":{"type":"MultiPolygon","coordinates":[[[[75.1,12.2],[75.2,12.2],[75.2,12.1],[75.1,12.1],[75.1,12.2]]],[[[75.1,12.2],[75.1,12.1],[75.2,12.1],[75.1,12.1],[75.1,12.2]]],[[[75.0,12.8],[75.0,12.7],[75.1,12.7],[75.0,12.7],[75.1,12.7],[75.2,12.7],[75.2,12.6],[75.1,12.6],[75.2,12.6],[75.3,12.6],[75.3,12.5],[75.4,12.5],[75.4,12.4],[75.4,12.5],[75.4,12.4],[75.4,12.3],[75.3,12.3],[75.3,12.2],[75.2,12.2],[75.2,12.1],[75.2,12.2],[75.1,12.2],[75.1,12.3],[75.1,12.4],[75.1,12.3],[75.1,12.4],[75.0,12.4],[75.0,12.5],[75.0,12.6],[75.0,12.5],[75.0,12.6],[74.9,12.6],[74.9,12.7],[74.9,12.8],[74.9,12.7],[74.9,12.8],[75.0,12.8]]]]}},{"type":"Feature","properties":{"NAME_1":"Kerala","NAME_2":"Kollam","NAME_0":"India"},"geometry":{"type":"Polygon","coordinates":[[[77.0,9.1],[77.1,9.1],[77.2,9.1],[77.2,9.0],[77.1,9.0],[77.2,9.0],[77.2,8.9],[77.2,8.8],[77.1,8.8],[77.0,8.8],[76.9,8.8],[76.8,8.8],[76.8,8.9],[76.8,8.8],[76.7,8.8],[76.6,8.8],[76.6,8.9],[76.5,8.9],[76.5,9.0],[76.5,9.1],[76.6,9.1],[76.7,9.1],[76.8,9.1],[76.9,9.1],[76.9,9.2],[77.0,9.1]]]}},{"type":"Feature","properties":{"NAME_1":"Kerala","NAME_2":"Kottayam","NAME_0":"India"},"geometry":{"type":"MultiPolygon","coordinates":[[[[76.6,9.8],[76.7,9.8],[76.8,9.8],[76.8,9.7],[76.9,9.7],[76.9,9.6],[76.9,9.5],[77.0,9.5],[76.9,9.5],[76.9,9.4],[76.8,9.4],[76.7,9.4],[76.7,9.5],[76.7,9.4],[76.7,9.5],[76.6,9.5],[76.6,9.4],[76.6,9.5],[76.6,9.4],[76.5,9.4],[76.5,9.5],[76.5,9.6],[76.5,9.5],[76.4,9.5],[76.4,9.6],[76.4,9.7],[76.4,9.6],[76.4,9.7],[76.4,9.8],[76.5,9.8],[76.6,9.8],[76.6,9.9],[76.6,9.8]]]]}},{"type":"Feature","properties":{"NAME_1":"Kerala","NAME_2":"Kozhikode","NAME_0":"India"},"geometry":{"type":"MultiPolygon","coordinates":[[[[75.8,11.8],[75.8,11.7],[75.9,11.7],[75.9,11.6],[76.0,11.6],[76.0,11.5],[76.1,11.5],[76.1,11.4],[76.1,11.3],[76.0,11.3],[76.0,11.2],[76.0,11.3],[76.0,11.2],[75.9,11.2],[75.8,11.2],[75.8,11.1],[75.8,11.2],[75.8,11.3],[75.7,11.3],[75.7,11.4],[75.7,11.5],[75.7,11.4],[75.7,11.5],[75.6,11.5],[75.6,11.6],[75.6,11.5],[75.6,11.6],[75.6,11.7],[75.5,11.7],[75.6,11.7],[75.7,11.7],[75.7,11.8],[75.8,11.8],[75.7,11.8],[75.8,11.8]]]]}},{"type":"Feature","properties":{"NAME_1":"Kerala","NAME_2":"Malappuram","NAME_0":"India"},"geometry":{"type":"Polygon","coordinates":[[[76.2,11.5],[76.3,11.5],[76.3,11.4],[76.3,11.5],[76.4,11.5],[76.4,11.4],[76.5,11.4],[76.5,11.3],[76.5,11.4],[76.5,11.3],[76.4,11.2],[76.4,11.1],[76.3,11.1],[76.3,11.0],[76.4,11.0],[76.3,11.0],[76.3,10.9],[76.2,10.9],[76.1,10.9],[76.1,10.8],[76.0,10.8],[76.0,10.7],[76.1,10.7],[76.0,10.7],[75.9,10.7],[75.9,10.8],[75.9,10.9],[75.9,11.0],[75.8,11.0],[75.9,11.0],[75.8,11.0],[75.9,11.0],[75.8,11.0],[75.8,11.1],[75.9,11.1],[75.8,11.1],[75.8,11.2],[75.9,11.2],[76.0,11.2],[76.0,11.3],[76.0,11.2],[76.0,11.3],[76.1,11.3],[76.1,11.4],[76.2,11.5]]]}},{"type":"Feature","properties":{"NAME_1":"Kerala","NAME_2":"Palakkad","NAME_0":"India"},"geometry":{"type":"Polygon","coordinates":[[[76.7,11.2],[76.7,11.1],[76.7,11.0],[76.8,11.0],[76.7,11.0],[76.7,10.9],[76.6,10.9],[76.7,10.9],[76.8,10.9],[76.8,10.8],[76.9,10.8],[76.9,10.7],[76.9,10.6],[76.8,10.6],[76.8,10.5],[76.8,10.4],[76.8,10.3],[76.7,10.3],[76.8,10.3],[76.8,10.4],[76.7,10.4],[76.6,10.4],[76.5,10.4],[76.5,10.5],[76.4,10.5],[76.4,10.6],[76.4,10.7],[76.5,10.7],[76.4,10.7],[76.4,10.8],[76.3,10.7],[76.3,10.8],[76.3,10.7],[76.2,10.7],[76.2,10.8],[76.2,10.7],[76.1,10.7],[76.0,10.7],[76.0,10.8],[76.1,10.8],[76.1,10.9],[76.2,10.9],[76.3,10.9],[76.3,11.0],[76.4,11.0],[76.3,11.0],[76.3,11.1],[76.4,11.1],[76.4,11.2],[76.5,11.2],[76.6,11.2],[76.7,11.2]]]}},{"type":"Feature","properties":{"NAME_1":"Kerala","NAME_2":"Pattanamtitta","NAME_0":"India"},"geometry":{"type":"Polygon","coordinates":[[[77.1,9.5],[77.2,9.5],[77.2,9.4],[77.2,9.3],[77.3,9.3],[77.3,9.2],[77.2,9.2],[77.3,9.2],[77.2,9.2],[77.3,9.1],[77.2,9.1],[77.1,9.1],[77.0,9.1],[76.9,9.2],[76.9,9.1],[76.8,9.1],[76.7,9.1],[76.6,9.1],[76.7,9.1],[76.7,9.2],[76.6,9.2],[76.6,9.3],[76.7,9.3],[76.6,9.3],[76.5,9.3],[76.5,9.4],[76.6,9.4],[76.6,9.5],[76.6,9.4],[76.6,9.5],[76.7,9.5],[76.7,9.4],[76.7,9.5],[76.7,9.4],[76.8,9.4],[76.9,9.4],[77.0,9.4],[77.1,9.4],[77.0,9.4],[77.0,9.5],[77.1,9.4],[77.1,9.5]]]}},{"type":"Feature","properties":{"NAME_1":"Kerala","NAME_2":"Thiruvananthapuram","NAME_0":"India"},"geometry":{"type":"Polygon","coordinates":[[[76.8,8.8],[76.9,8.8],[77.0,8.8],[77.1,8.8],[77.2,8.8],[77.2,8.7],[77.2,8.6],[77.3,8.6],[77.3,8.5],[77.2,8.5],[77.2,8.4],[77.1,8.4],[77.1,8.3],[77.1,8.4],[77.2,8.4],[77.2,8.3],[77.1,8.3],[77.0,8.3],[77.0,8.4],[76.9,8.4],[76.9,8.5],[76.9,8.6],[76.8,8.6],[76.8,8.7],[76.7,8.7],[76.7,8.8],[76.8,8.8],[76.8,8.9],[76.8,8.8]]]}},{"type":"Feature","properties":{"NAME_1":"Kerala","NAME_2":"Thrissur","NAME_0":"India"},"geometry":{"type":"MultiPolygon","coordinates":[[[[76.2,10.8],[76.2,10.7],[76.3,10.7],[76.3,10.8],[76.3,10.7],[76.4,10.8],[76.4,10.7],[76.5,10.7],[76.4,10.7],[76.4,10.6],[76.4,10.5],[76.5,10.5],[76.5,10.4],[76.6,10.4],[76.7,10.4],[76.8,10.4],[76.8,10.3],[76.7,10.3],[76.8,10.3],[76.9,10.3],[76.9,10.2],[76.9,10.3],[76.9,10.2],[76.9,10.3],[76.8,10.3],[76.7,10.3],[76.6,10.3],[76.5,10.3],[76.4,10.3],[76.4,10.2],[76.3,10.2],[76.2,10.2],[76.1,10.2],[76.1,10.3],[76.1,10.4],[76.1,10.5],[76.0,10.5],[76.1,10.5],[76.0,10.5],[76.0,10.6],[76.0,10.5],[76.0,10.6],[76.0,10.7],[76.1,10.7],[76.2,10.7],[76.2,10.8]]]]}},{"type":"Feature","properties":{"NAME_1":"Kerala","NAME_2":"Wayanad","NAME_0":"India"},"geometry":{"type":"Polygon","coordinates":[[[76.1,12.0],[76.1,11.9],[76.1,11.8],[76.1,11.9],[76.2,11.9],[76.2,11.8],[76.3,11.8],[76.3,11.7],[76.4,11.7],[76.4,11.8],[76.4,11.7],[76.4,11.6],[76.3,11.6],[76.2,11.6],[76.2,11.5],[76.1,11.4],[76.1,11.5],[76.0,11.5],[76.0,11.6],[75.9,11.6],[75.9,11.7],[75.8,11.7],[75.8,11.8],[75.9,11.8],[75.9,11.9],[76.0,11.9],[76.1,12.0]]]}},{"type":"Feature","properties":{"NAME_1":"Lakshadweep","NAME_2":"Kavaratti","NAME_0":"India"},"geometry":{"type":"MultiPolygon","coordinates":[[[[72.6,10.6],[72.7,10.6],[72.6,10.6],[72.6,10.5],[72.6,10.6]]]]}},{"type":"Feature","properties":{"NAME_1":"Madhya Pradesh","NAME_2":"Anuppur","NAME_0":"India"},"geometry":{"type":"Polygon","coordinates":[[[82.1,23.1],[82.0,23.1],[81.9,23.1],[81.9,23.0],[81.9,22.9],[81.8,22.9],[81.7,22.9],[81.7,23.0],[81.6,23.0],[81.5,23.0],[81.6,23.0],[81.6,23.1],[81.5,23.1],[81.6,23.1],[81.6,23.2],[81.7,23.2],[81.8,23.2],[81.8,23.3],[81.9,23.2],[81.9,23.3],[81.8,23.3],[81.9,23.3],[81.9,23.4],[82.0,23.4],[82.1,23.4],[82.1,23.3],[82.2,23.3],[82.2,23.2],[82.1,23.2],[82.2,23.2],[82.2,23.1],[82.1,23.1]]]}},{"type":"Feature","properties":{"NAME_1":"Madhya Pradesh","NAME_2":"Ashoknagar","NAME_0":"India"},"geometry":{"type":"Polygon","coordinates":[[[77.9,25.0],[78.0,25.0],[78.0,24.9],[78.0,24.8],[78.0,24.9],[78.0,24.8],[78.0,24.9],[78.1,24.9],[78.1,24.8],[78.2,24.8],[78.2,24.7],[78.3,24.7],[78.3,24.6],[78.2,24.5],[78.3,24.5],[78.3,24.4],[78.2,24.4],[78.1,24.4],[78.1,24.3],[78.0,24.3],[78.0,24.2],[78.0,24.3],[78.0,24.2],[77.9,24.2],[77.9,24.3],[77.8,24.3],[77.7,24.3],[77.6,24.3],[77.6,24.4],[77.7,24.4],[77.6,24.4],[77.5,24.4],[77.5,24.5],[77.5,24.6],[77.5,24.7],[77.5,24.8],[77.5,24.9],[77.6,24.9],[77.5,24.9],[77.6,24.9],[77.6,25.0],[77.6,24.9],[77.7,24.9],[77.8,24.9],[77.8,25.0],[77.9,25.0]]]}},{"type":"Feature","properties":{"NAME_1":"Madhya Pradesh","NAME_2":"Balaghat","NAME_0":"India"},"geometry":{"type":"Polygon","coordinates":[[[80.8,22.4],[80.9,22.4],[80.9,22.3],[81.0,22.3],[81.0,22.2],[81.0,22.1],[81.0,22.0],[81.0,22.1],[80.9,22.1],[80.9,22.0],[80.8,22.0],[80.8,21.9],[80.8,21.8],[80.8,21.7],[80.8,21.8],[80.7,21.8],[80.7,21.7],[80.7,21.6],[80.7,21.5],[80.7,21.4],[80.7,21.3],[80.6,21.3],[80.6,21.4],[80.5,21.4],[80.4,21.4],[80.4,21.5],[80.3,21.5],[80.3,21.6],[80.2,21.6],[80.1,21.6],[80.0,21.6],[80.0,21.5],[80.0,21.6],[79.9,21.6],[79.9,21.5],[79.8,21.5],[79.8,21.6],[79.7,21.6],[79.6,21.6],[79.6,21.5],[79.5,21.5],[79.5,21.6],[79.6,21.6],[79.6,21.7],[79.7,21.7],[79.7,21.8],[79.8,21.8],[79.8,21.9],[79.9,21.9],[79.8,21.9],[79.8,22.0],[79.9,22.0],[79.9,22.1],[80.0,22.1],[80.1,22.1],[80.0,22.1],[80.0,22.2],[80.1,22.2],[80.1,22.3],[80.1,22.4],[80.2,22.3],[80.3,22.3],[80.4,22.3],[80.4,22.2],[80.4,22.3],[80.5,22.3],[80.5,22.2],[80.6,22.2],[80.7,22.2],[80.7,22.3],[80.8,22.3],[80.8,22.4]]]}},{"type":"Feature","properties":{"NAME_1":"Madhya Pradesh","NAME_2":"Barwani","NAME_0":"India"},"geometry":{"type":"Polygon","coordinates":[[[75.3,22.1],[75.4,22.1],[75.5,22.1],[75.4,22.1],[75.4,22.0],[75.3,22.0],[75.3,21.9],[75.3,21.8],[75.3,21.7],[75.2,21.7],[75.3,21.7],[75.3,21.6],[75.3,21.7],[75.4,21.7],[75.5,21.7],[75.5,21.6],[75.5,21.5],[75.6,21.5],[75.6,21.4],[75.5,21.4],[75.4,21.4],[75.3,21.4],[75.2,21.4],[75.1,21.4],[75.1,21.5],[75.1,21.6],[75.0,21.6],[74.9,21.6],[74.8,21.6],[74.7,21.6],[74.7,21.7],[74.6,21.7],[74.5,21.7],[74.5,21.8],[74.5,21.9],[74.5,22.0],[74.4,22.0],[74.5,22.0],[74.4,22.0],[74.5,22.0],[74.5,22.1],[74.5,22.0],[74.6,22.0],[74.7,22.0],[74.7,22.1],[74.8,22.1],[74.9,22.1],[75.0,22.1],[75.1,22.1],[75.2,22.1],[75.3,22.1]]]}},{"type":"Feature","properties":{"NAME_1":"Madhya Pradesh","NAME_2":"Betul","NAME_0":"India"},"geometry":{"type":"Polygon","coordinates":[[[78.3,22.4],[78.3,22.3],[78.2,22.3],[78.3,22.3],[78.3,22.2],[78.3,22.1],[78.4,22.0],[78.4,21.9],[78.4,22.0],[78.5,22.0],[78.5,21.9],[78.5,21.8],[78.5,21.7],[78.4,21.7],[78.4,21.6],[78.3,21.6],[78.2,21.6],[78.2,21.5],[78.1,21.5],[78.1,21.4],[78.0,21.4],[77.9,21.4],[77.8,21.4],[77.7,21.4],[77.6,21.4],[77.5,21.4],[77.5,21.5],[77.4,21.5],[77.5,21.5],[77.5,21.6],[77.5,21.5],[77.6,21.5],[77.6,21.6],[77.6,21.7],[77.5,21.7],[77.5,21.8],[77.4,21.8],[77.3,21.8],[77.3,21.7],[77.2,21.7],[77.1,21.7],[77.1,21.8],[77.2,21.8],[77.2,21.9],[77.3,21.9],[77.3,22.0],[77.4,22.0],[77.5,22.0],[77.5,22.1],[77.5,22.2],[77.4,22.2],[77.4,22.3],[77.4,22.2],[77.4,22.3],[77.5,22.3],[77.5,22.4],[77.5,22.3],[77.6,22.3],[77.7,22.3],[77.8,22.3],[77.8,22.4],[77.9,22.4],[77.9,22.3],[78.0,22.3],[78.1,22.3],[78.1,22.4],[78.2,22.4],[78.3,22.4]]]}},{"type":"Feature","properties":{"NAME_1":"Madhya Pradesh","NAME_2":"Bhind","NAME_0":"India"},"geometry":{"type":"Polygon","coordinates":[[[78.7,26.8],[78.8,26.8],[78.8,26.7],[78.9,26.7],[79.0,26.7],[78.9,26.7],[79.0,26.7],[79.0,26.6],[79.0,26.5],[79.0,26.6],[79.0,26.5],[79.0,26.6],[79.0,26.5],[79.1,26.5],[79.0,26.5],[79.1,26.5],[79.1,26.4],[79.1,26.5],[79.1,26.4],[79.1,26.3],[79.0,26.3],[79.1,26.3],[79.1,26.2],[79.0,26.2],[79.0,26.1],[78.9,26.1],[79.0,26.1],[79.0,26.0],[78.9,26.0],[79.0,26.0],[78.9,26.0],[78.9,25.9],[78.9,26.0],[78.9,25.9],[78.8,25.9],[78.8,26.0],[78.8,25.9],[78.8,26.0],[78.8,26.1],[78.8,26.2],[78.8,26.3],[78.7,26.3],[78.7,26.2],[78.6,26.2],[78.5,26.2],[78.5,26.3],[78.4,26.3],[78.3,26.3],[78.3,26.4],[78.3,26.3],[78.3,26.4],[78.3,26.3],[78.3,26.4],[78.2,26.4],[78.3,26.5],[78.2,26.5],[78.2,26.6],[78.2,26.5],[78.3,26.5],[78.3,26.6],[78.4,26.6],[78.4,26.7],[78.5,26.7],[78.5,26.8],[78.6,26.8],[78.7,26.8]]]}},{"type":"Feature","properties":{"NAME_1":"Madhya Pradesh","NAME_2":"Bhopal","NAME_0":"India"},"geometry":{"type":"Polygon","coordinates":[[[77.2,23.9],[77.3,23.9],[77.4,23.9],[77.4,23.8],[77.5,23.8],[77.6,23.8],[77.6,23.7],[77.6,23.6],[77.5,23.6],[77.5,23.5],[77.5,23.4],[77.6,23.4],[77.5,23.4],[77.6,23.4],[77.6,23.3],[77.6,23.2],[77.6,23.1],[77.5,23.1],[77.4,23.1],[77.3,23.1],[77.3,23.2],[77.2,23.2],[77.2,23.3],[77.2,23.4],[77.2,23.3],[77.2,23.4],[77.3,23.4],[77.2,23.4],[77.3,23.4],[77.3,23.5],[77.3,23.6],[77.2,23.6],[77.2,23.7],[77.2,23.8],[77.2,23.9]]]}},{"type":"Feature","properties":{"NAME_1":"Madhya Pradesh","NAME_2":"Burhanpur","NAME_0":"India"},"geometry":{"type":"Polygon","coordinates":[[[76.8,21.6],[76.8,21.5],[76.8,21.4],[76.7,21.4],[76.6,21.3],[76.7,21.3],[76.7,21.2],[76.6,21.2],[76.5,21.2],[76.5,21.1],[76.4,21.1],[76.3,21.1],[76.2,21.1],[76.1,21.1],[76.1,21.2],[76.2,21.2],[76.1,21.2],[76.2,21.2],[76.2,21.3],[76.1,21.3],[76.1,21.4],[76.0,21.4],[76.0,21.5],[75.9,21.5],[76.0,21.5],[76.0,21.6],[76.1,21.6],[76.2,21.6],[76.1,21.6],[76.2,21.6],[76.2,21.5],[76.2,21.6],[76.3,21.6],[76.4,21.6],[76.5,21.6],[76.6,21.6],[76.7,21.6],[76.8,21.6]]]}},{"type":"Feature","properties":{"NAME_1":"Madhya Pradesh","NAME_2":"Chhatarpur","NAME_0":"India"},"geometry":{"type":"Polygon","coordinates":[[[80.3,25.4],[80.3,25.3],[80.4,25.3],[80.4,25.2],[80.4,25.1],[80.3,25.1],[80.3,25.0],[80.2,25.0],[80.1,25.0],[80.1,24.9],[80.0,24.9],[80.1,24.9],[80.1,24.8],[80.0,24.8],[80.0,24.7],[79.9,24.7],[79.9,24.6],[79.8,24.6],[79.9,24.6],[79.9,24.5],[79.9,24.4],[79.8,24.4],[79.7,24.4],[79.6,24.4],[79.5,24.4],[79.6,24.4],[79.5,24.4],[79.4,24.4],[79.4,24.3],[79.4,24.2],[79.3,24.2],[79.3,24.1],[79.3,24.2],[79.3,24.1],[79.2,24.2],[79.2,24.1],[79.1,24.1],[79.1,24.2],[79.0,24.2],[79.1,24.2],[79.1,24.3],[79.1,24.2],[79.1,24.3],[79.2,24.3],[79.2,24.4],[79.1,24.4],[79.2,24.4],[79.2,24.3],[79.2,24.4],[79.1,24.4],[79.0,24.4],[79.0,24.5],[79.0,24.6],[79.1,24.6],[79.2,24.6],[79.2,24.7],[79.3,24.7],[79.3,24.8],[79.3,24.9],[79.3,25.0],[79.3,25.1],[79.3,25.2],[79.3,25.3],[79.4,25.3],[79.5,25.3],[79.4,25.3],[79.4,25.2],[79.4,25.3],[79.4,25.2],[79.4,25.1],[79.5,25.1],[79.5,25.2],[79.6,25.2],[79.6,25.1],[79.6,25.2],[79.6,25.1],[79.7,25.1],[79.8,25.1],[79.9,25.1],[79.8,25.1],[79.9,25.1],[79.9,25.2],[79.8,25.2],[79.9,25.2],[79.9,25.3],[79.9,25.2],[79.9,25.3],[79.9,25.2],[79.9,25.3],[80.0,25.3],[80.1,25.3],[80.1,25.4],[80.1,25.3],[80.1,25.4],[80.2,25.4],[80.3,25.4]]]}},{"type":"Feature","properties":{"NAME_1":"Madhya Pradesh","NAME_2":"Chhindwara","NAME_0":"India"},"geometry":{"type":"Polygon","coordinates":[[[79.2,22.8],[79.3,22.7],[79.2,22.7],[79.3,22.7],[79.3,22.6],[79.3,22.7],[79.3,22.6],[79.4,22.6],[79.3,22.6],[79.4,22.6],[79.3,22.6],[79.3,22.5],[79.2,22.5],[79.2,22.4],[79.3,22.5],[79.3,22.4],[79.3,22.3],[79.4,22.3],[79.4,22.2],[79.3,22.2],[79.3,22.1],[79.4,22.1],[79.4,22.0],[79.3,22.0],[79.3,21.9],[79.3,21.8],[79.2,21.8],[79.2,21.7],[79.1,21.7],[79.1,21.6],[79.0,21.6],[78.9,21.6],[78.9,21.5],[78.8,21.5],[78.7,21.5],[78.6,21.5],[78.5,21.5],[78.4,21.5],[78.4,21.6],[78.3,21.6],[78.4,21.6],[78.4,21.7],[78.5,21.7],[78.5,21.8],[78.5,21.9],[78.5,22.0],[78.4,22.0],[78.4,21.9],[78.4,22.0],[78.3,22.1],[78.3,22.2],[78.3,22.3],[78.2,22.3],[78.3,22.3],[78.3,22.4],[78.4,22.4],[78.5,22.4],[78.6,22.4],[78.5,22.5],[78.5,22.6],[78.5,22.7],[78.6,22.7],[78.7,22.7],[78.7,22.6],[78.8,22.6],[78.8,22.7],[78.9,22.7],[78.9,22.6],[79.0,22.6],[79.0,22.7],[79.0,22.8],[79.1,22.8],[79.1,22.7],[79.1,22.8],[79.2,22.8]]]}},{"type":"Feature","properties":{"NAME_1":"Madhya Pradesh","NAME_2":"Damoh","NAME_0":"India"},"geometry":{"type":"Polygon","coordinates":[[[79.6,24.4],[79.7,24.4],[79.8,24.4],[79.8,24.3],[79.9,24.3],[79.8,24.3],[79.8,24.2],[79.8,24.1],[79.7,24.1],[79.7,24.0],[79.7,24.1],[79.7,24.0],[79.8,24.0],[79.9,24.0],[79.8,24.0],[79.8,23.9],[79.9,23.9],[79.8,23.9],[79.9,23.8],[79.8,23.8],[79.9,23.8],[79.8,23.8],[79.8,23.7],[79.9,23.7],[79.9,23.6],[79.9,23.5],[79.8,23.5],[79.8,23.4],[79.7,23.4],[79.7,23.3],[79.6,23.3],[79.5,23.3],[79.5,23.2],[79.4,23.2],[79.3,23.2],[79.2,23.2],[79.2,23.3],[79.2,23.2],[79.2,23.3],[79.2,23.4],[79.2,23.5],[79.3,23.5],[79.3,23.6],[79.3,23.7],[79.3,23.8],[79.2,23.8],[79.2,23.9],[79.1,23.9],[79.1,24.0],[79.2,24.0],[79.2,24.1],[79.1,24.1],[79.2,24.1],[79.2,24.2],[79.3,24.1],[79.3,24.2],[79.3,24.1],[79.3,24.2],[79.4,24.2],[79.4,24.3],[79.4,24.4],[79.5,24.4],[79.6,24.4],[79.5,24.4],[79.6,24.4]]]}},{"type":"Feature","properties":{"NAME_1":"Madhya Pradesh","NAME_2":"Datia","NAME_0":"India"},"geometry":{"type":"Polygon","coordinates":[[[78.8,26.2],[78.8,26.1],[78.8,26.0],[78.8,25.9],[78.8,26.0],[78.8,25.9],[78.9,25.9],[78.8,25.9],[78.8,25.8],[78.9,25.8],[78.8,25.8],[78.7,25.7],[78.8,25.7],[78.8,25.6],[78.7,25.6],[78.6,25.6],[78.5,25.6],[78.4,25.6],[78.5,25.6],[78.4,25.6],[78.4,25.7],[78.3,25.7],[78.2,25.7],[78.3,25.8],[78.4,25.8],[78.4,25.9],[78.5,25.9],[78.5,26.0],[78.6,26.0],[78.6,26.1],[78.6,26.2],[78.7,26.2],[78.7,26.3],[78.8,26.3],[78.8,26.2]]]}},{"type":"Feature","properties":{"NAME_1":"Madhya Pradesh","NAME_2":"Dewas","NAME_0":"India"},"geometry":{"type":"Polygon","coordinates":[[[76.0,23.3],[76.0,23.2],[76.0,23.3],[76.0,23.2],[76.0,23.1],[76.1,23.1],[76.0,23.1],[76.0,23.2],[76.1,23.2],[76.0,23.2],[76.1,23.2],[76.2,23.2],[76.3,23.2],[76.4,23.2],[76.5,23.2],[76.5,23.1],[76.4,23.1],[76.5,23.1],[76.5,23.0],[76.4,23.0],[76.5,23.0],[76.4,23.0],[76.5,23.0],[76.5,22.9],[76.4,22.9],[76.5,22.9],[76.5,22.8],[76.6,22.8],[76.5,22.8],[76.6,22.8],[76.7,22.8],[76.8,22.8],[76.8,22.9],[76.9,22.9],[76.9,22.8],[76.9,22.9],[77.0,22.9],[77.0,22.8],[77.0,22.7],[77.1,22.7],[77.1,22.6],[77.1,22.5],[77.0,22.5],[76.9,22.5],[76.8,22.5],[76.8,22.4],[76.8,22.3],[76.7,22.3],[76.7,22.4],[76.6,22.4],[76.5,22.4],[76.4,22.4],[76.4,22.3],[76.3,22.3],[76.2,22.3],[76.2,22.4],[76.1,22.4],[76.1,22.5],[76.1,22.6],[76.2,22.6],[76.2,22.7],[76.1,22.7],[76.1,22.8],[76.0,22.8],[76.0,22.9],[75.9,23.0],[76.0,23.0],[76.0,23.1],[75.9,23.1],[75.9,23.2],[76.0,23.2],[75.9,23.2],[75.9,23.3],[76.0,23.3]]]}},{"type":"Feature","properties":{"NAME_1":"Madhya Pradesh","NAME_2":"Dhar","NAME_0":"India"},"geometry":{"type":"Polygon","coordinates":[[[75.3,23.1],[75.3,23.0],[75.3,22.9],[75.3,22.8],[75.4,22.8],[75.4,22.9],[75.4,22.8],[75.5,22.8],[75.5,22.7],[75.5,22.6],[75.5,22.7],[75.5,22.6],[75.6,22.6],[75.6,22.7],[75.6,22.6],[75.7,22.6],[75.7,22.7],[75.7,22.6],[75.6,22.6],[75.6,22.5],[75.6,22.4],[75.5,22.4],[75.6,22.4],[75.5,22.4],[75.6,22.4],[75.5,22.4],[75.5,22.3],[75.5,22.2],[75.4,22.2],[75.4,22.1],[75.3,22.1],[75.2,22.1],[75.1,22.1],[75.0,22.1],[74.9,22.1],[74.8,22.1],[74.7,22.1],[74.7,22.0],[74.6,22.0],[74.5,22.0],[74.5,22.1],[74.5,22.0],[74.5,22.1],[74.5,22.2],[74.6,22.2],[74.6,22.3],[74.7,22.3],[74.6,22.3],[74.6,22.4],[74.7,22.4],[74.7,22.5],[74.7,22.6],[74.8,22.6],[74.8,22.7],[74.8,22.8],[74.9,22.8],[75.0,22.8],[75.0,22.9],[75.0,23.0],[75.0,23.1],[75.1,23.1],[75.2,23.1],[75.3,23.1]]]}},{"type":"Feature","properties":{"NAME_1":"Madhya Pradesh","NAME_2":"Dindori","NAME_0":"India"},"geometry":{"type":"Polygon","coordinates":[[[81.1,23.2],[81.2,23.2],[81.2,23.1],[81.3,23.1],[81.2,23.1],[81.2,23.0],[81.2,22.9],[81.3,22.9],[81.4,22.8],[81.4,22.9],[81.4,22.8],[81.5,22.8],[81.6,22.8],[81.7,22.8],[81.7,22.7],[81.7,22.6],[81.6,22.6],[81.6,22.5],[81.6,22.6],[81.6,22.5],[81.5,22.5],[81.4,22.5],[81.5,22.5],[81.4,22.5],[81.4,22.4],[81.4,22.5],[81.3,22.5],[81.2,22.5],[81.1,22.5],[81.1,22.4],[81.1,22.3],[81.1,22.2],[81.0,22.2],[81.0,22.3],[80.9,22.3],[80.9,22.4],[80.9,22.5],[81.0,22.5],[81.0,22.6],[80.9,22.6],[81.0,22.6],[80.9,22.6],[80.9,22.7],[80.9,22.8],[80.8,22.8],[80.9,22.8],[80.9,22.9],[80.8,22.9],[80.8,22.8],[80.7,22.8],[80.7,22.9],[80.7,22.8],[80.6,22.8],[80.6,22.9],[80.6,23.0],[80.5,23.1],[80.6,23.1],[80.6,23.2],[80.5,23.2],[80.5,23.3],[80.6,23.3],[80.6,23.4],[80.6,23.3],[80.6,23.4],[80.7,23.4],[80.7,23.3],[80.8,23.3],[80.7,23.3],[80.7,23.2],[80.8,23.2],[80.8,23.3],[80.8,23.2],[80.9,23.2],[80.9,23.3],[81.0,23.3],[81.0,23.2],[81.1,23.2]]]}},{"type":"Feature","properties":{"NAME_1":"Madhya Pradesh","NAME_2":"East Nimar","NAME_0":"India"},"geometry":{"type":"Polygon","coordinates":[[[76.6,22.4],[76.7,22.4],[76.7,22.3],[76.8,22.3],[76.8,22.4],[76.8,22.3],[76.9,22.3],[76.8,22.3],[76.9,22.3],[76.8,22.3],[76.8,22.2],[76.8,22.1],[76.9,22.1],[76.8,22.1],[76.9,22.1],[76.9,22.0],[77.0,22.0],[77.1,22.0],[77.2,22.0],[77.2,21.9],[77.2,21.8],[77.1,21.8],[77.1,21.7],[77.0,21.7],[76.9,21.6],[76.8,21.6],[76.7,21.6],[76.6,21.6],[76.5,21.6],[76.4,21.6],[76.3,21.6],[76.2,21.6],[76.2,21.5],[76.2,21.6],[76.1,21.6],[76.2,21.6],[76.1,21.6],[76.1,21.7],[76.2,21.7],[76.1,21.7],[76.1,21.8],[76.1,21.9],[76.2,21.9],[76.2,22.0],[76.1,22.0],[76.2,22.0],[76.2,22.1],[76.1,22.1],[76.2,22.1],[76.1,22.1],[76.1,22.2],[76.2,22.2],[76.1,22.2],[76.0,22.2],[76.1,22.2],[76.1,22.3],[76.2,22.3],[76.3,22.3],[76.4,22.3],[76.4,22.4],[76.5,22.4],[76.6,22.4]]]}},{"type":"Feature","properties":{"NAME_1":"Madhya Pradesh","NAME_2":"Guna","NAME_0":"India"},"geometry":{"type":"Polygon","coordinates":[[[77.3,25.1],[77.3,25.0],[77.4,25.0],[77.4,24.9],[77.4,25.0],[77.4,24.9],[77.5,24.9],[77.6,24.9],[77.5,24.9],[77.5,24.8],[77.5,24.7],[77.5,24.6],[77.5,24.5],[77.5,24.4],[77.6,24.4],[77.7,24.4],[77.6,24.4],[77.6,24.3],[77.5,24.3],[77.4,24.2],[77.4,24.3],[77.4,24.4],[77.3,24.3],[77.3,24.2],[77.3,24.1],[77.3,24.0],[77.3,23.9],[77.2,23.9],[77.2,24.0],[77.2,24.1],[77.1,24.1],[77.0,24.1],[76.9,24.1],[76.9,24.2],[76.9,24.3],[76.8,24.3],[76.8,24.4],[76.9,24.4],[76.8,24.4],[76.9,24.4],[76.8,24.4],[76.9,24.4],[76.8,24.4],[76.8,24.5],[76.9,24.5],[76.8,24.5],[76.8,24.6],[76.9,24.6],[76.9,24.5],[77.0,24.5],[77.1,24.5],[77.1,24.6],[77.1,24.7],[77.0,24.7],[77.0,24.8],[76.9,24.8],[76.9,24.7],[76.9,24.8],[76.9,24.7],[76.8,24.8],[76.9,24.8],[76.9,24.9],[76.9,25.0],[77.0,25.0],[77.0,25.1],[77.1,25.1],[77.2,25.1],[77.3,25.1]]]}},{"type":"Feature","properties":{"NAME_1":"Madhya Pradesh","NAME_2":"Gwalior","NAME_0":"India"},"geometry":{"type":"Polygon","coordinates":[[[78.3,26.3],[78.4,26.3],[78.5,26.3],[78.5,26.2],[78.6,26.2],[78.6,26.1],[78.6,26.0],[78.5,26.0],[78.5,25.9],[78.4,25.9],[78.4,25.8],[78.3,25.8],[78.2,25.8],[78.2,25.7],[78.1,25.7],[78.0,25.7],[78.0,25.8],[77.9,25.8],[77.9,25.7],[77.9,25.8],[77.8,25.8],[77.8,25.9],[77.7,25.9],[77.7,26.0],[77.7,26.1],[77.8,26.0],[77.8,26.1],[77.7,26.1],[77.7,26.2],[77.8,26.2],[77.8,26.3],[77.8,26.2],[77.9,26.2],[77.9,26.3],[77.9,26.2],[78.0,26.3],[78.1,26.3],[78.2,26.3],[78.3,26.3],[78.2,26.3],[78.3,26.3],[78.3,26.4],[78.3,26.3],[78.3,26.4],[78.3,26.3]]]}},{"type":"Feature","properties":{"NAME_1":"Madhya Pradesh","NAME_2":"Harda","NAME_0":"India"},"geometry":{"type":"Polygon","coordinates":[[[77.2,22.6],[77.3,22.6],[77.3,22.5],[77.2,22.5],[77.3,22.5],[77.3,22.4],[77.3,22.3],[77.4,22.3],[77.3,22.3],[77.4,22.3],[77.4,22.2],[77.5,22.2],[77.5,22.1],[77.5,22.0],[77.4,22.0],[77.3,22.0],[77.3,21.9],[77.2,21.9],[77.2,22.0],[77.1,22.0],[77.0,22.0],[76.9,22.0],[76.9,22.1],[76.8,22.1],[76.9,22.1],[76.8,22.1],[76.8,22.2],[76.8,22.3],[76.9,22.3],[76.8,22.3],[76.9,22.3],[76.8,22.3],[76.8,22.4],[76.8,22.5],[76.9,22.5],[77.0,22.5],[77.1,22.5],[77.1,22.6],[77.2,22.6]]]}},{"type":"Feature","properties":{"NAME_1":"Madhya Pradesh","NAME_2":"Hoshangabad","NAME_0":"India"},"geometry":{"type":"Polygon","coordinates":[[[78.4,23.0],[78.5,23.0],[78.6,23.0],[78.6,22.9],[78.6,22.8],[78.7,22.8],[78.7,22.7],[78.6,22.7],[78.5,22.7],[78.5,22.6],[78.5,22.5],[78.6,22.4],[78.5,22.4],[78.4,22.4],[78.3,22.4],[78.2,22.4],[78.1,22.4],[78.1,22.3],[78.0,22.3],[77.9,22.3],[77.9,22.4],[77.8,22.4],[77.8,22.3],[77.7,22.3],[77.6,22.3],[77.5,22.3],[77.5,22.4],[77.5,22.3],[77.4,22.3],[77.4,22.2],[77.4,22.3],[77.3,22.3],[77.4,22.3],[77.3,22.3],[77.3,22.4],[77.3,22.5],[77.2,22.5],[77.3,22.5],[77.3,22.6],[77.2,22.6],[77.3,22.6],[77.4,22.6],[77.5,22.6],[77.5,22.7],[77.5,22.6],[77.5,22.7],[77.6,22.7],[77.7,22.7],[77.7,22.8],[77.8,22.8],[77.8,22.9],[77.9,22.9],[77.9,22.8],[77.9,22.9],[77.9,22.8],[78.0,22.8],[78.1,22.8],[78.1,22.9],[78.2,22.9],[78.3,22.9],[78.4,22.9],[78.4,23.0]]]}},{"type":"Feature","properties":{"NAME_1":"Madhya Pradesh","NAME_2":"Indore","NAME_0":"India"},"geometry":{"type":"Polygon","coordinates":[[[75.6,23.1],[75.6,23.0],[75.7,23.0],[75.8,23.0],[75.9,23.0],[76.0,22.9],[76.0,22.8],[76.1,22.8],[76.1,22.7],[76.2,22.7],[76.2,22.6],[76.1,22.6],[76.1,22.5],[76.0,22.5],[76.1,22.5],[76.0,22.5],[76.0,22.4],[75.9,22.4],[75.8,22.4],[75.7,22.4],[75.7,22.3],[75.6,22.3],[75.6,22.4],[75.6,22.3],[75.6,22.4],[75.5,22.4],[75.6,22.4],[75.5,22.4],[75.6,22.4],[75.6,22.5],[75.6,22.6],[75.7,22.6],[75.7,22.7],[75.7,22.6],[75.6,22.6],[75.6,22.7],[75.6,22.6],[75.5,22.6],[75.5,22.7],[75.5,22.6],[75.5,22.7],[75.5,22.8],[75.4,22.8],[75.4,22.9],[75.5,22.9],[75.5,23.0],[75.5,23.1],[75.6,23.1]]]}},{"type":"Feature","properties":{"NAME_1":"Madhya Pradesh","NAME_2":"Jabalpur","NAME_0":"India"},"geometry":{"type":"Polygon","coordinates":[[[79.8,23.5],[79.8,23.4],[79.9,23.4],[80.0,23.4],[80.0,23.3],[80.0,23.4],[80.1,23.4],[80.1,23.3],[80.2,23.3],[80.3,23.3],[80.3,23.4],[80.3,23.3],[80.4,23.3],[80.4,23.4],[80.4,23.3],[80.5,23.3],[80.5,23.4],[80.6,23.4],[80.5,23.4],[80.6,23.4],[80.6,23.3],[80.5,23.3],[80.5,23.2],[80.6,23.2],[80.6,23.1],[80.5,23.1],[80.4,23.1],[80.4,23.2],[80.4,23.1],[80.3,23.1],[80.2,23.2],[80.2,23.1],[80.2,23.0],[80.2,23.1],[80.1,23.1],[80.1,23.0],[80.1,23.1],[80.0,23.1],[80.0,23.0],[79.9,22.9],[80.0,22.9],[79.9,22.9],[79.9,22.8],[79.9,22.9],[79.8,22.8],[79.8,22.9],[79.8,22.8],[79.8,22.9],[79.7,22.9],[79.6,22.9],[79.6,23.0],[79.6,23.1],[79.5,23.1],[79.4,23.1],[79.3,23.1],[79.4,23.1],[79.3,23.1],[79.4,23.1],[79.4,23.2],[79.5,23.2],[79.5,23.3],[79.6,23.3],[79.7,23.3],[79.7,23.4],[79.8,23.4],[79.8,23.5]]]}},{"type":"Feature","properties":{"NAME_1":"Madhya Pradesh","NAME_2":"Jhabua","NAME_0":"India"},"geometry":{"type":"Polygon","coordinates":[[[74.8,23.2],[74.8,23.1],[74.9,23.1],[74.9,23.2],[75.0,23.2],[75.0,23.1],[75.0,23.0],[75.0,22.9],[75.0,22.8],[74.9,22.8],[74.8,22.8],[74.8,22.7],[74.8,22.6],[74.7,22.6],[74.7,22.5],[74.7,22.4],[74.6,22.4],[74.6,22.3],[74.7,22.3],[74.6,22.3],[74.6,22.2],[74.5,22.2],[74.5,22.1],[74.5,22.0],[74.4,22.0],[74.3,22.0],[74.3,21.9],[74.2,21.9],[74.2,22.0],[74.1,22.0],[74.2,22.0],[74.1,22.0],[74.1,22.1],[74.2,22.1],[74.1,22.1],[74.1,22.2],[74.1,22.3],[74.1,22.4],[74.1,22.3],[74.2,22.3],[74.2,22.4],[74.2,22.3],[74.2,22.4],[74.3,22.4],[74.2,22.4],[74.2,22.5],[74.2,22.4],[74.2,22.5],[74.1,22.5],[74.1,22.4],[74.1,22.5],[74.0,22.5],[74.1,22.5],[74.1,22.6],[74.1,22.5],[74.2,22.5],[74.2,22.6],[74.3,22.6],[74.4,22.6],[74.4,22.7],[74.4,22.8],[74.5,22.8],[74.5,22.9],[74.4,22.9],[74.3,23.0],[74.4,23.0],[74.3,23.0],[74.3,23.1],[74.4,23.1],[74.5,23.1],[74.6,23.1],[74.6,23.2],[74.7,23.2],[74.8,23.2],[74.7,23.2],[74.8,23.2]]]}},{"type":"Feature","properties":{"NAME_1":"Madhya Pradesh","NAME_2":"Katni","NAME_0":"India"},"geometry":{"type":"Polygon","coordinates":[[[80.7,24.1],[80.8,24.1],[80.8,24.0],[80.8,24.1],[80.9,24.1],[81.0,24.1],[80.9,24.1],[80.9,24.0],[80.8,24.0],[80.8,23.9],[80.9,23.9],[80.9,23.8],[80.9,23.7],[80.8,23.7],[80.7,23.7],[80.7,23.8],[80.7,23.7],[80.6,23.7],[80.6,23.6],[80.5,23.5],[80.6,23.5],[80.6,23.4],[80.5,23.4],[80.5,23.3],[80.4,23.3],[80.4,23.4],[80.4,23.3],[80.3,23.3],[80.3,23.4],[80.3,23.3],[80.2,23.3],[80.1,23.3],[80.1,23.4],[80.0,23.4],[80.0,23.3],[80.0,23.4],[79.9,23.4],[79.8,23.4],[79.8,23.5],[79.9,23.5],[79.9,23.6],[79.9,23.7],[79.8,23.7],[79.8,23.8],[79.9,23.8],[79.8,23.8],[79.9,23.8],[79.9,23.9],[80.0,23.9],[80.0,24.0],[80.1,24.0],[80.1,23.9],[80.2,24.0],[80.2,23.9],[80.3,23.9],[80.3,24.0],[80.4,24.0],[80.5,24.0],[80.5,24.1],[80.5,24.0],[80.6,24.0],[80.6,24.1],[80.7,24.1]]]}},{"type":"Feature","properties":{"NAME_1":"Madhya Pradesh","NAME_2":"Mandla","NAME_0":"India"},"geometry":{"type":"MultiPolygon","coordinates":[[[[80.4,23.1],[80.5,23.1],[80.6,23.0],[80.6,22.9],[80.6,22.8],[80.7,22.8],[80.7,22.9],[80.7,22.8],[80.8,22.8],[80.8,22.9],[80.9,22.9],[80.9,22.8],[80.8,22.8],[80.9,22.8],[80.9,22.7],[80.9,22.6],[81.0,22.6],[80.9,22.6],[81.0,22.6],[81.0,22.5],[80.9,22.5],[80.9,22.4],[80.9,22.3],[80.9,22.4],[80.8,22.4],[80.8,22.3],[80.7,22.3],[80.7,22.2],[80.6,22.2],[80.5,22.2],[80.5,22.3],[80.4,22.3],[80.4,22.2],[80.4,22.3],[80.3,22.3],[80.2,22.3],[80.1,22.4],[80.1,22.3],[80.1,22.4],[80.1,22.5],[80.0,22.5],[80.0,22.6],[80.0,22.5],[80.0,22.6],[79.9,22.6],[80.0,22.6],[80.1,22.6],[80.2,22.6],[80.2,22.7],[80.3,22.7],[80.3,22.8],[80.2,22.8],[80.1,22.8],[80.0,22.8],[80.0,22.9],[79.9,22.9],[80.0,23.0],[80.0,23.1],[80.1,23.1],[80.1,23.0],[80.1,23.1],[80.2,23.1],[80.2,23.0],[80.2,23.1],[80.2,23.2],[80.3,23.1],[80.4,23.1],[80.4,23.2],[80.4,23.1]]]]}},{"type":"Feature","properties":{"NAME_1":"Madhya Pradesh","NAME_2":"Mandsaur","NAME_0":"India"},"geometry":{"type":"Polygon","coordinates":[[[75.8,24.8],[75.8,24.7],[75.8,24.6],[75.9,24.6],[75.9,24.5],[75.9,24.4],[75.8,24.4],[75.8,24.5],[75.8,24.4],[75.7,24.4],[75.8,24.4],[75.7,24.4],[75.7,24.3],[75.8,24.3],[75.8,24.2],[75.7,24.1],[75.8,24.1],[75.8,24.0],[75.7,24.0],[75.6,24.0],[75.5,24.0],[75.5,23.9],[75.4,23.9],[75.4,23.8],[75.3,23.8],[75.3,23.9],[75.3,23.8],[75.2,23.8],[75.2,23.9],[75.2,23.8],[75.1,23.8],[75.1,23.9],[75.1,23.8],[75.0,23.8],[75.1,23.8],[75.0,23.8],[74.9,23.8],[74.9,23.9],[74.9,24.0],[75.0,24.0],[75.0,24.1],[74.9,24.1],[74.9,24.2],[74.9,24.3],[75.0,24.3],[75.0,24.4],[75.1,24.4],[75.0,24.4],[75.0,24.3],[75.1,24.3],[75.1,24.4],[75.2,24.4],[75.2,24.3],[75.3,24.3],[75.3,24.4],[75.4,24.4],[75.4,24.3],[75.4,24.4],[75.4,24.3],[75.4,24.4],[75.5,24.4],[75.5,24.5],[75.6,24.5],[75.6,24.6],[75.6,24.7],[75.5,24.7],[75.6,24.7],[75.7,24.7],[75.7,24.8],[75.8,24.8]]]}},{"type":"Feature","properties":{"NAME_1":"Madhya Pradesh","NAME_2":"Morena","NAME_0":"India"},"geometry":{"type":"Polygon","coordinates":[[[78.4,26.9],[78.4,26.8],[78.5,26.8],[78.5,26.7],[78.4,26.7],[78.4,26.6],[78.3,26.6],[78.3,26.5],[78.2,26.5],[78.2,26.6],[78.2,26.5],[78.3,26.5],[78.2,26.4],[78.3,26.4],[78.3,26.3],[78.2,26.3],[78.3,26.3],[78.2,26.3],[78.1,26.3],[78.0,26.3],[77.9,26.2],[77.9,26.3],[77.9,26.2],[77.8,26.2],[77.8,26.3],[77.8,26.2],[77.7,26.2],[77.7,26.1],[77.8,26.1],[77.8,26.0],[77.7,26.1],[77.7,26.0],[77.7,25.9],[77.6,25.9],[77.5,25.9],[77.6,25.9],[77.6,26.0],[77.6,26.1],[77.7,26.1],[77.6,26.1],[77.6,26.0],[77.5,26.0],[77.5,26.1],[77.4,26.1],[77.4,26.2],[77.3,26.1],[77.3,26.2],[77.3,26.1],[77.2,26.1],[77.2,26.2],[77.1,26.2],[77.2,26.2],[77.2,26.3],[77.3,26.3],[77.3,26.4],[77.4,26.4],[77.5,26.4],[77.6,26.4],[77.6,26.5],[77.7,26.5],[77.8,26.5],[77.8,26.6],[77.9,26.6],[77.9,26.7],[78.0,26.7],[78.1,26.7],[78.1,26.8],[78.2,26.8],[78.3,26.8],[78.3,26.9],[78.4,26.9]]]}},{"type":"Feature","properties":{"NAME_1":"Madhya Pradesh","NAME_2":"Narsinghpur","NAME_0":"India"},"geometry":{"type":"Polygon","coordinates":[[[78.8,23.2],[78.9,23.2],[79.0,23.2],[79.1,23.2],[79.2,23.2],[79.2,23.3],[79.2,23.2],[79.3,23.2],[79.4,23.2],[79.4,23.1],[79.3,23.1],[79.4,23.1],[79.3,23.1],[79.4,23.1],[79.5,23.1],[79.6,23.1],[79.6,23.0],[79.6,22.9],[79.6,22.8],[79.5,22.8],[79.5,22.7],[79.4,22.7],[79.4,22.6],[79.3,22.6],[79.3,22.7],[79.3,22.6],[79.3,22.7],[79.2,22.7],[79.3,22.7],[79.2,22.8],[79.1,22.8],[79.1,22.7],[79.1,22.8],[79.0,22.8],[79.0,22.7],[79.0,22.6],[78.9,22.6],[78.9,22.7],[78.8,22.7],[78.8,22.6],[78.7,22.6],[78.7,22.7],[78.7,22.8],[78.6,22.8],[78.6,22.9],[78.6,23.0],[78.5,23.0],[78.4,23.0],[78.5,23.0],[78.6,23.0],[78.7,23.0],[78.7,23.1],[78.8,23.1],[78.8,23.2],[78.8,23.3],[78.8,23.2]]]}},{"type":"Feature","properties":{"NAME_1":"Madhya Pradesh","NAME_2":"Neemuch","NAME_0":"India"},"geometry":{"type":"Polygon","coordinates":[[[75.2,25.0],[75.3,25.0],[75.4,25.0],[75.3,25.0],[75.3,24.9],[75.3,25.0],[75.3,24.9],[75.4,24.9],[75.4,24.8],[75.3,24.8],[75.3,24.9],[75.2,24.9],[75.2,24.8],[75.3,24.8],[75.2,24.8],[75.2,24.7],[75.3,24.7],[75.4,24.7],[75.5,24.7],[75.6,24.7],[75.6,24.6],[75.6,24.5],[75.5,24.5],[75.5,24.4],[75.4,24.4],[75.4,24.3],[75.4,24.4],[75.4,24.3],[75.4,24.4],[75.3,24.4],[75.3,24.3],[75.2,24.3],[75.2,24.4],[75.1,24.4],[75.1,24.3],[75.0,24.3],[75.0,24.4],[75.1,24.4],[75.0,24.4],[75.0,24.3],[74.9,24.3],[74.9,24.2],[74.9,24.3],[74.8,24.3],[74.8,24.4],[74.9,24.4],[74.9,24.5],[74.8,24.5],[74.7,24.5],[74.7,24.6],[74.8,24.6],[74.7,24.6],[74.8,24.6],[74.8,24.7],[74.8,24.8],[74.8,24.7],[74.9,24.7],[75.0,24.7],[75.0,24.8],[74.9,24.8],[74.8,24.8],[74.9,24.8],[74.9,24.9],[74.8,24.9],[74.8,25.0],[74.9,25.0],[74.9,24.9],[75.0,24.9],[74.9,24.9],[75.0,24.9],[75.1,24.9],[75.1,25.0],[75.2,25.0],[75.2,25.1],[75.2,25.0]]]}},{"type":"Feature","properties":{"NAME_1":"Madhya Pradesh","NAME_2":"Panna","NAME_0":"India"},"geometry":{"type":"Polygon","coordinates":[[[80.4,25.1],[80.5,25.1],[80.5,25.0],[80.5,24.9],[80.6,24.9],[80.6,24.8],[80.5,24.8],[80.4,24.8],[80.4,24.7],[80.4,24.6],[80.5,24.6],[80.4,24.6],[80.4,24.5],[80.5,24.5],[80.4,24.5],[80.4,24.4],[80.5,24.4],[80.5,24.3],[80.6,24.3],[80.6,24.2],[80.7,24.2],[80.6,24.2],[80.6,24.1],[80.5,24.1],[80.4,24.1],[80.4,24.0],[80.3,24.0],[80.4,24.0],[80.3,24.0],[80.3,23.9],[80.2,23.9],[80.2,24.0],[80.1,23.9],[80.1,24.0],[80.0,24.0],[80.0,23.9],[79.9,23.9],[79.9,23.8],[79.8,23.9],[79.9,23.9],[79.8,23.9],[79.8,24.0],[79.9,24.0],[79.8,24.0],[79.7,24.0],[79.7,24.1],[79.7,24.0],[79.7,24.1],[79.8,24.1],[79.8,24.2],[79.8,24.3],[79.9,24.3],[79.8,24.3],[79.8,24.4],[79.9,24.4],[79.9,24.5],[79.9,24.6],[79.8,24.6],[79.9,24.6],[79.9,24.7],[80.0,24.7],[80.0,24.8],[80.1,24.8],[80.1,24.9],[80.0,24.9],[80.1,24.9],[80.1,25.0],[80.2,25.0],[80.3,25.0],[80.4,25.0],[80.4,25.1]]]}},{"type":"Feature","properties":{"NAME_1":"Madhya Pradesh","NAME_2":"Raisen","NAME_0":"India"},"geometry":{"type":"Polygon","coordinates":[[[78.4,23.7],[78.5,23.7],[78.5,23.6],[78.5,23.7],[78.5,23.6],[78.5,23.7],[78.5,23.6],[78.5,23.5],[78.5,23.6],[78.6,23.6],[78.7,23.6],[78.7,23.5],[78.6,23.4],[78.6,23.5],[78.6,23.4],[78.6,23.3],[78.7,23.3],[78.7,23.4],[78.7,23.3],[78.8,23.3],[78.8,23.2],[78.8,23.3],[78.8,23.2],[78.8,23.1],[78.7,23.1],[78.7,23.0],[78.6,23.0],[78.5,23.0],[78.4,23.0],[78.4,22.9],[78.3,22.9],[78.2,22.9],[78.1,22.9],[78.1,22.8],[78.0,22.8],[78.0,22.9],[77.9,22.9],[78.0,22.9],[78.0,23.0],[77.9,23.0],[77.9,22.9],[77.8,22.9],[77.7,22.9],[77.7,22.8],[77.6,22.8],[77.6,22.9],[77.5,22.9],[77.4,22.9],[77.4,23.0],[77.4,23.1],[77.5,23.1],[77.6,23.1],[77.6,23.2],[77.6,23.3],[77.6,23.4],[77.5,23.4],[77.6,23.4],[77.5,23.4],[77.5,23.5],[77.6,23.5],[77.6,23.6],[77.6,23.5],[77.7,23.5],[77.8,23.5],[77.8,23.4],[77.9,23.4],[77.9,23.5],[77.9,23.4],[78.0,23.4],[78.0,23.3],[78.0,23.4],[78.1,23.4],[78.0,23.4],[78.0,23.5],[78.1,23.5],[78.2,23.5],[78.2,23.6],[78.3,23.6],[78.3,23.7],[78.4,23.7],[78.4,23.6],[78.4,23.7],[78.3,23.7],[78.4,23.7],[78.3,23.7],[78.4,23.7]]]}},{"type":"Feature","properties":{"NAME_1":"Madhya Pradesh","NAME_2":"Rajgarh","NAME_0":"India"},"geometry":{"type":"Polygon","coordinates":[[[76.7,24.3],[76.7,24.2],[76.8,24.2],[76.8,24.1],[76.9,24.1],[77.0,24.1],[77.1,24.1],[77.2,24.1],[77.2,24.0],[77.2,23.9],[77.2,23.8],[77.2,23.7],[77.1,23.7],[77.1,23.6],[77.2,23.6],[77.1,23.6],[77.1,23.5],[77.0,23.5],[76.9,23.5],[76.8,23.5],[76.7,23.5],[76.6,23.5],[76.6,23.6],[76.5,23.6],[76.5,23.5],[76.4,23.5],[76.4,23.6],[76.5,23.6],[76.4,23.6],[76.4,23.7],[76.4,23.8],[76.4,23.9],[76.3,23.9],[76.3,24.0],[76.3,24.1],[76.2,24.1],[76.2,24.2],[76.3,24.2],[76.3,24.3],[76.4,24.2],[76.5,24.2],[76.6,24.2],[76.6,24.3],[76.6,24.2],[76.6,24.3],[76.7,24.3]]]}},{"type":"Feature","properties":{"NAME_1":"Madhya Pradesh","NAME_2":"Ratlam","NAME_0":"India"},"geometry":{"type":"Polygon","coordinates":[[[75.5,23.9],[75.6,23.9],[75.6,23.8],[75.7,23.8],[75.7,23.7],[75.6,23.7],[75.5,23.7],[75.5,23.6],[75.5,23.5],[75.5,23.6],[75.4,23.6],[75.3,23.6],[75.3,23.5],[75.2,23.5],[75.2,23.4],[75.1,23.4],[75.2,23.4],[75.2,23.3],[75.3,23.3],[75.3,23.2],[75.2,23.2],[75.2,23.1],[75.1,23.1],[75.0,23.1],[75.0,23.2],[74.9,23.2],[74.9,23.1],[74.8,23.1],[74.8,23.2],[74.7,23.2],[74.7,23.3],[74.6,23.3],[74.5,23.3],[74.5,23.4],[74.6,23.4],[74.6,23.5],[74.7,23.5],[74.8,23.5],[74.8,23.6],[74.9,23.6],[74.9,23.7],[74.9,23.8],[75.0,23.8],[75.1,23.8],[75.0,23.8],[75.1,23.8],[75.1,23.9],[75.1,23.8],[75.2,23.8],[75.2,23.9],[75.2,23.8],[75.3,23.8],[75.3,23.9],[75.3,23.8],[75.4,23.8],[75.4,23.9],[75.5,23.9]]]}},{"type":"Feature","properties":{"NAME_1":"Madhya Pradesh","NAME_2":"Rewa","NAME_0":"India"},"geometry":{"type":"Polygon","coordinates":[[[81.6,25.2],[81.6,25.1],[81.7,25.1],[81.7,25.0],[81.7,25.1],[81.7,25.0],[81.8,25.0],[81.9,25.0],[81.9,24.9],[81.9,24.8],[82.0,24.8],[82.0,24.9],[82.0,24.8],[82.1,24.8],[82.2,24.8],[82.2,24.7],[82.2,24.8],[82.2,24.7],[82.3,24.7],[82.3,24.6],[82.2,24.6],[82.1,24.6],[82.0,24.6],[81.9,24.5],[81.9,24.6],[81.9,24.5],[81.8,24.5],[81.7,24.5],[81.6,24.5],[81.5,24.4],[81.4,24.4],[81.3,24.4],[81.3,24.3],[81.3,24.4],[81.2,24.4],[81.2,24.5],[81.1,24.5],[81.2,24.5],[81.1,24.5],[81.2,24.5],[81.1,24.5],[81.2,24.6],[81.2,24.7],[81.1,24.7],[81.1,24.8],[81.0,24.8],[81.1,24.8],[81.1,24.9],[81.2,24.9],[81.2,25.0],[81.2,24.9],[81.2,25.0],[81.3,25.1],[81.2,25.1],[81.3,25.1],[81.3,25.2],[81.3,25.1],[81.3,25.2],[81.4,25.2],[81.4,25.1],[81.5,25.1],[81.5,25.2],[81.5,25.1],[81.5,25.2],[81.6,25.2]]]}},{"type":"Feature","properties":{"NAME_1":"Madhya Pradesh","NAME_2":"Sagar","NAME_0":"India"},"geometry":{"type":"Polygon","coordinates":[[[78.4,24.3],[78.5,24.3],[78.5,24.4],[78.6,24.4],[78.6,24.3],[78.7,24.3],[78.7,24.2],[78.7,24.3],[78.7,24.2],[78.8,24.2],[78.8,24.3],[78.8,24.2],[78.9,24.2],[78.9,24.3],[79.0,24.3],[79.0,24.4],[79.1,24.4],[79.2,24.4],[79.2,24.3],[79.2,24.4],[79.1,24.4],[79.2,24.4],[79.2,24.3],[79.1,24.3],[79.1,24.2],[79.1,24.3],[79.1,24.2],[79.0,24.2],[79.1,24.2],[79.1,24.1],[79.2,24.1],[79.2,24.0],[79.1,24.0],[79.1,23.9],[79.2,23.9],[79.2,23.8],[79.3,23.8],[79.3,23.7],[79.3,23.6],[79.3,23.5],[79.2,23.5],[79.2,23.4],[79.2,23.3],[79.2,23.2],[79.1,23.2],[79.0,23.2],[78.9,23.2],[78.8,23.2],[78.8,23.3],[78.8,23.2],[78.8,23.3],[78.8,23.2],[78.8,23.3],[78.7,23.3],[78.7,23.4],[78.7,23.3],[78.6,23.3],[78.6,23.4],[78.6,23.5],[78.6,23.4],[78.7,23.5],[78.7,23.6],[78.6,23.6],[78.5,23.6],[78.5,23.5],[78.5,23.6],[78.5,23.7],[78.5,23.6],[78.5,23.7],[78.5,23.6],[78.5,23.7],[78.4,23.7],[78.3,23.7],[78.4,23.7],[78.3,23.7],[78.4,23.7],[78.4,23.6],[78.4,23.7],[78.3,23.7],[78.2,23.7],[78.2,23.8],[78.3,23.8],[78.2,23.8],[78.3,23.8],[78.2,23.8],[78.3,23.8],[78.3,23.9],[78.3,23.8],[78.3,23.9],[78.3,24.0],[78.2,24.0],[78.2,24.1],[78.2,24.0],[78.1,24.0],[78.1,24.1],[78.1,24.2],[78.1,24.3],[78.1,24.2],[78.1,24.3],[78.1,24.4],[78.2,24.4],[78.3,24.4],[78.3,24.5],[78.3,24.4],[78.4,24.4],[78.3,24.4],[78.3,24.3],[78.4,24.3]]]}},{"type":"Feature","properties":{"NAME_1":"Madhya Pradesh","NAME_2":"Satna","NAME_0":"India"},"geometry":{"type":"Polygon","coordinates":[[[80.9,25.2],[80.9,25.1],[80.8,25.1],[80.8,25.0],[80.9,25.0],[80.8,25.0],[80.8,24.9],[80.9,24.9],[80.9,25.0],[80.9,24.9],[81.0,24.9],[81.0,25.0],[81.0,24.9],[81.0,25.0],[81.1,25.0],[81.1,24.9],[81.1,24.8],[81.0,24.8],[81.1,24.8],[81.1,24.7],[81.2,24.7],[81.2,24.6],[81.1,24.5],[81.2,24.5],[81.1,24.5],[81.2,24.5],[81.1,24.5],[81.2,24.5],[81.2,24.4],[81.3,24.4],[81.3,24.3],[81.4,24.3],[81.4,24.2],[81.3,24.2],[81.2,24.2],[81.2,24.1],[81.1,24.1],[81.0,24.1],[80.9,24.1],[80.8,24.1],[80.8,24.0],[80.8,24.1],[80.7,24.1],[80.6,24.1],[80.6,24.0],[80.5,24.0],[80.5,24.1],[80.5,24.0],[80.4,24.0],[80.3,24.0],[80.4,24.0],[80.4,24.1],[80.5,24.1],[80.6,24.1],[80.6,24.2],[80.7,24.2],[80.6,24.2],[80.6,24.3],[80.5,24.3],[80.5,24.4],[80.4,24.4],[80.4,24.5],[80.5,24.5],[80.4,24.5],[80.4,24.6],[80.5,24.6],[80.4,24.6],[80.4,24.7],[80.4,24.8],[80.5,24.8],[80.6,24.8],[80.6,24.9],[80.5,24.9],[80.5,25.0],[80.5,25.1],[80.6,25.1],[80.6,25.2],[80.6,25.1],[80.7,25.1],[80.8,25.1],[80.7,25.1],[80.8,25.1],[80.8,25.2],[80.9,25.2]]]}},{"type":"Feature","properties":{"NAME_1":"Madhya Pradesh","NAME_2":"Sehore","NAME_0":"India"},"geometry":{"type":"Polygon","coordinates":[[[77.2,23.7],[77.2,23.6],[77.3,23.6],[77.3,23.5],[77.3,23.4],[77.2,23.4],[77.3,23.4],[77.2,23.4],[77.2,23.3],[77.2,23.4],[77.2,23.3],[77.2,23.2],[77.3,23.2],[77.3,23.1],[77.4,23.1],[77.4,23.0],[77.4,22.9],[77.5,22.9],[77.6,22.9],[77.6,22.8],[77.7,22.8],[77.7,22.9],[77.8,22.9],[77.9,22.9],[77.9,23.0],[78.0,23.0],[78.0,22.9],[77.9,22.9],[78.0,22.9],[78.0,22.8],[77.9,22.8],[77.9,22.9],[77.9,22.8],[77.9,22.9],[77.8,22.9],[77.8,22.8],[77.7,22.8],[77.7,22.7],[77.6,22.7],[77.5,22.7],[77.5,22.6],[77.5,22.7],[77.5,22.6],[77.4,22.6],[77.3,22.6],[77.2,22.6],[77.1,22.6],[77.1,22.7],[77.0,22.7],[77.0,22.8],[77.0,22.9],[76.9,22.9],[76.9,22.8],[76.9,22.9],[76.8,22.9],[76.8,22.8],[76.7,22.8],[76.6,22.8],[76.5,22.8],[76.6,22.8],[76.5,22.8],[76.5,22.9],[76.4,22.9],[76.5,22.9],[76.5,23.0],[76.4,23.0],[76.5,23.0],[76.4,23.0],[76.5,23.0],[76.5,23.1],[76.4,23.1],[76.5,23.1],[76.6,23.1],[76.6,23.2],[76.7,23.2],[76.7,23.1],[76.7,23.2],[76.8,23.2],[76.7,23.2],[76.8,23.2],[76.8,23.1],[76.9,23.1],[76.9,23.2],[77.0,23.3],[77.0,23.4],[77.0,23.5],[77.1,23.5],[77.1,23.6],[77.2,23.6],[77.1,23.6],[77.1,23.7],[77.2,23.7]]]}},{"type":"Feature","properties":{"NAME_1":"Madhya Pradesh","NAME_2":"Seoni","NAME_0":"India"},"geometry":{"type":"Polygon","coordinates":[[[79.7,22.9],[79.8,22.9],[79.8,22.8],[79.8,22.9],[79.8,22.8],[79.9,22.9],[79.9,22.8],[79.9,22.9],[80.0,22.9],[80.0,22.8],[80.1,22.8],[80.2,22.8],[80.3,22.8],[80.3,22.7],[80.2,22.7],[80.2,22.6],[80.1,22.6],[80.0,22.6],[79.9,22.6],[80.0,22.6],[80.0,22.5],[80.0,22.6],[80.0,22.5],[80.1,22.5],[80.1,22.4],[80.1,22.3],[80.1,22.2],[80.0,22.2],[80.0,22.1],[80.1,22.1],[80.0,22.1],[79.9,22.1],[79.9,22.0],[79.8,22.0],[79.8,21.9],[79.9,21.9],[79.8,21.9],[79.8,21.8],[79.7,21.8],[79.7,21.7],[79.6,21.7],[79.6,21.6],[79.5,21.6],[79.5,21.7],[79.4,21.7],[79.3,21.7],[79.2,21.7],[79.2,21.8],[79.3,21.8],[79.3,21.9],[79.3,22.0],[79.4,22.0],[79.4,22.1],[79.3,22.1],[79.3,22.2],[79.4,22.2],[79.4,22.3],[79.3,22.3],[79.3,22.4],[79.3,22.5],[79.2,22.4],[79.2,22.5],[79.3,22.5],[79.3,22.6],[79.4,22.6],[79.3,22.6],[79.4,22.6],[79.3,22.6],[79.4,22.6],[79.4,22.7],[79.5,22.7],[79.5,22.8],[79.6,22.8],[79.6,22.9],[79.6,23.0],[79.6,22.9],[79.7,22.9]]]}},{"type":"Feature","properties":{"NAME_1":"Madhya Pradesh","NAME_2":"Shahdol","NAME_0":"India"},"geometry":{"type":"Polygon","coordinates":[[[81.5,24.3],[81.5,24.2],[81.5,24.1],[81.6,24.1],[81.5,24.1],[81.5,24.0],[81.5,23.9],[81.6,23.9],[81.6,23.8],[81.7,23.8],[81.7,23.7],[81.6,23.7],[81.6,23.6],[81.6,23.5],[81.7,23.5],[81.7,23.6],[81.8,23.6],[81.8,23.5],[81.9,23.5],[82.0,23.5],[82.0,23.4],[81.9,23.4],[81.9,23.3],[81.8,23.3],[81.9,23.3],[81.9,23.2],[81.8,23.3],[81.8,23.2],[81.7,23.2],[81.6,23.2],[81.6,23.1],[81.5,23.1],[81.6,23.1],[81.6,23.0],[81.5,23.0],[81.6,23.0],[81.7,23.0],[81.7,22.9],[81.8,22.9],[81.8,22.8],[81.8,22.7],[81.7,22.7],[81.8,22.7],[81.7,22.6],[81.7,22.7],[81.7,22.8],[81.6,22.8],[81.5,22.8],[81.4,22.8],[81.4,22.9],[81.4,22.8],[81.3,22.9],[81.2,22.9],[81.2,23.0],[81.2,23.1],[81.3,23.1],[81.2,23.1],[81.2,23.2],[81.1,23.2],[81.1,23.3],[81.0,23.3],[81.1,23.3],[81.0,23.3],[81.0,23.4],[81.0,23.5],[81.1,23.5],[81.2,23.5],[81.2,23.6],[81.2,23.7],[81.2,23.8],[81.3,23.8],[81.3,23.9],[81.2,23.9],[81.1,23.9],[81.1,24.0],[81.0,24.0],[81.0,24.1],[81.1,24.1],[81.2,24.1],[81.2,24.2],[81.3,24.2],[81.4,24.2],[81.4,24.3],[81.5,24.3],[81.4,24.3],[81.5,24.3]]]}},{"type":"Feature","properties":{"NAME_1":"Madhya Pradesh","NAME_2":"Shajapur","NAME_0":"India"},"geometry":{"type":"Polygon","coordinates":[[[76.2,24.1],[76.3,24.1],[76.3,24.0],[76.3,23.9],[76.4,23.9],[76.4,23.8],[76.4,23.7],[76.4,23.6],[76.5,23.6],[76.4,23.6],[76.4,23.5],[76.5,23.5],[76.5,23.6],[76.6,23.6],[76.6,23.5],[76.7,23.5],[76.8,23.5],[76.9,23.5],[77.0,23.5],[77.0,23.4],[77.0,23.3],[76.9,23.2],[76.9,23.1],[76.8,23.1],[76.8,23.2],[76.7,23.2],[76.8,23.2],[76.7,23.2],[76.7,23.1],[76.7,23.2],[76.6,23.2],[76.6,23.1],[76.5,23.1],[76.5,23.2],[76.4,23.2],[76.3,23.2],[76.2,23.2],[76.1,23.2],[76.1,23.3],[76.2,23.3],[76.2,23.4],[76.2,23.3],[76.2,23.4],[76.2,23.5],[76.2,23.6],[76.1,23.6],[76.1,23.5],[76.1,23.6],[76.0,23.6],[75.9,23.6],[75.8,23.6],[75.8,23.7],[75.7,23.7],[75.7,23.8],[75.7,23.7],[75.7,23.8],[75.7,23.9],[75.8,23.9],[75.9,23.9],[76.0,23.9],[76.0,24.0],[76.0,24.1],[76.1,24.1],[76.1,24.2],[76.2,24.2],[76.1,24.3],[76.2,24.3],[76.2,24.2],[76.2,24.1]]]}},{"type":"Feature","properties":{"NAME_1":"Madhya Pradesh","NAME_2":"Sheopur","NAME_0":"India"},"geometry":{"type":"Polygon","coordinates":[[[77.1,26.2],[77.2,26.2],[77.2,26.1],[77.3,26.1],[77.3,26.2],[77.3,26.1],[77.4,26.2],[77.4,26.1],[77.5,26.1],[77.5,26.0],[77.6,26.0],[77.6,26.1],[77.7,26.1],[77.6,26.1],[77.6,26.0],[77.6,25.9],[77.5,25.9],[77.6,25.9],[77.6,25.8],[77.5,25.8],[77.5,25.9],[77.4,25.9],[77.4,25.8],[77.3,25.8],[77.3,25.7],[77.2,25.7],[77.3,25.7],[77.3,25.6],[77.3,25.5],[77.2,25.5],[77.1,25.5],[77.1,25.4],[77.0,25.4],[77.0,25.3],[77.1,25.4],[77.1,25.3],[77.0,25.3],[76.9,25.3],[76.8,25.3],[76.7,25.3],[76.7,25.4],[76.6,25.4],[76.6,25.5],[76.5,25.5],[76.5,25.6],[76.5,25.7],[76.5,25.8],[76.6,25.8],[76.6,25.9],[76.7,25.9],[76.8,25.9],[76.8,26.0],[76.9,26.0],[76.9,26.1],[77.0,26.1],[77.0,26.2],[77.1,26.2]]]}},{"type":"Feature","properties":{"NAME_1":"Madhya Pradesh","NAME_2":"Shivpuri","NAME_0":"India"},"geometry":{"type":"Polygon","coordinates":[[[77.7,25.9],[77.8,25.9],[77.8,25.8],[77.9,25.8],[77.9,25.7],[77.9,25.8],[78.0,25.8],[78.0,25.7],[78.1,25.7],[78.2,25.7],[78.2,25.8],[78.3,25.8],[78.2,25.7],[78.3,25.7],[78.4,25.7],[78.4,25.6],[78.5,25.6],[78.4,25.6],[78.4,25.5],[78.4,25.4],[78.4,25.5],[78.3,25.5],[78.3,25.4],[78.3,25.3],[78.4,25.3],[78.4,25.2],[78.4,25.1],[78.3,25.1],[78.3,25.0],[78.3,24.9],[78.2,24.9],[78.2,24.8],[78.1,24.8],[78.1,24.9],[78.0,24.9],[78.0,24.8],[78.0,24.9],[78.0,24.8],[78.0,24.9],[78.0,25.0],[77.9,25.0],[77.8,25.0],[77.8,24.9],[77.7,24.9],[77.6,24.9],[77.6,25.0],[77.6,24.9],[77.5,24.9],[77.6,24.9],[77.5,24.9],[77.4,24.9],[77.4,25.0],[77.4,24.9],[77.4,25.0],[77.3,25.0],[77.3,25.1],[77.4,25.1],[77.4,25.2],[77.4,25.3],[77.3,25.3],[77.4,25.3],[77.3,25.3],[77.4,25.4],[77.3,25.4],[77.4,25.4],[77.3,25.4],[77.2,25.4],[77.2,25.3],[77.1,25.3],[77.1,25.4],[77.0,25.3],[77.0,25.4],[77.1,25.4],[77.1,25.5],[77.2,25.5],[77.3,25.5],[77.3,25.6],[77.3,25.7],[77.2,25.7],[77.3,25.7],[77.3,25.8],[77.4,25.8],[77.4,25.9],[77.5,25.9],[77.5,25.8],[77.6,25.8],[77.6,25.9],[77.7,25.9]]]}},{"type":"Feature","properties":{"NAME_1":"Madhya Pradesh","NAME_2":"Sidhi","NAME_0":"India"},"geometry":{"type":"Polygon","coordinates":[[[82.4,24.7],[82.5,24.7],[82.6,24.7],[82.7,24.7],[82.7,24.6],[82.8,24.6],[82.8,24.5],[82.7,24.5],[82.7,24.6],[82.7,24.5],[82.7,24.4],[82.8,24.4],[82.8,24.3],[82.7,24.3],[82.8,24.2],[82.7,24.2],[82.7,24.1],[82.7,24.2],[82.7,24.1],[82.8,24.1],[82.8,24.0],[82.7,24.0],[82.8,24.0],[82.8,23.9],[82.7,23.9],[82.6,23.9],[82.7,23.9],[82.6,23.9],[82.6,23.8],[82.5,23.8],[82.4,23.8],[82.3,23.8],[82.2,23.8],[82.2,23.9],[82.2,23.8],[82.1,23.8],[82.0,23.8],[82.0,23.9],[81.9,23.9],[81.9,23.8],[81.8,23.8],[81.7,23.8],[81.7,23.9],[81.6,23.9],[81.5,23.9],[81.5,24.0],[81.5,24.1],[81.6,24.1],[81.5,24.1],[81.5,24.2],[81.5,24.3],[81.4,24.3],[81.5,24.3],[81.4,24.3],[81.3,24.3],[81.3,24.4],[81.4,24.4],[81.5,24.4],[81.6,24.5],[81.7,24.5],[81.8,24.5],[81.9,24.5],[81.9,24.6],[81.9,24.5],[82.0,24.6],[82.1,24.6],[82.2,24.6],[82.3,24.6],[82.4,24.6],[82.4,24.7]]]}},{"type":"Feature","properties":{"NAME_1":"Madhya Pradesh","NAME_2":"Tikamgarh","NAME_0":"India"},"geometry":{"type":"Polygon","coordinates":[[[78.9,25.6],[78.9,25.5],[78.9,25.6],[78.9,25.5],[78.9,25.4],[79.0,25.4],[78.9,25.4],[79.0,25.4],[78.9,25.4],[78.8,25.4],[78.8,25.3],[78.8,25.2],[78.9,25.3],[79.0,25.3],[78.9,25.3],[78.9,25.2],[78.9,25.3],[78.9,25.2],[79.0,25.2],[79.0,25.3],[79.0,25.2],[79.1,25.2],[79.0,25.2],[79.0,25.1],[79.1,25.1],[79.1,25.2],[79.1,25.1],[79.2,25.1],[79.2,25.2],[79.2,25.1],[79.2,25.2],[79.3,25.2],[79.3,25.1],[79.3,25.2],[79.3,25.1],[79.3,25.0],[79.3,24.9],[79.3,24.8],[79.3,24.7],[79.2,24.7],[79.2,24.6],[79.1,24.6],[79.0,24.6],[79.0,24.5],[79.0,24.4],[78.9,24.4],[78.9,24.5],[79.0,24.5],[78.9,24.5],[78.9,24.6],[78.8,24.6],[78.7,24.6],[78.7,24.7],[78.8,24.7],[78.8,24.8],[78.8,24.9],[78.7,24.9],[78.6,24.9],[78.6,25.0],[78.6,25.1],[78.6,25.2],[78.6,25.3],[78.5,25.3],[78.4,25.3],[78.5,25.3],[78.5,25.4],[78.6,25.3],[78.6,25.4],[78.7,25.4],[78.7,25.3],[78.7,25.4],[78.8,25.4],[78.7,25.4],[78.8,25.4],[78.7,25.4],[78.7,25.5],[78.8,25.5],[78.8,25.4],[78.9,25.5],[78.8,25.5],[78.9,25.5],[78.9,25.6]]]}},{"type":"Feature","properties":{"NAME_1":"Madhya Pradesh","NAME_2":"Ujjain","NAME_0":"India"},"geometry":{"type":"Polygon","coordinates":[[[75.7,23.8],[75.7,23.7],[75.8,23.7],[75.8,23.6],[75.9,23.6],[76.0,23.6],[76.1,23.6],[76.1,23.5],[76.1,23.6],[76.2,23.6],[76.2,23.5],[76.2,23.4],[76.2,23.3],[76.2,23.4],[76.2,23.3],[76.1,23.3],[76.1,23.2],[76.0,23.2],[76.1,23.2],[76.0,23.2],[76.0,23.1],[76.1,23.1],[76.0,23.1],[76.0,23.2],[76.0,23.3],[76.0,23.2],[76.0,23.3],[75.9,23.3],[75.9,23.2],[76.0,23.2],[75.9,23.2],[75.9,23.1],[76.0,23.1],[76.0,23.0],[75.9,23.0],[75.8,23.0],[75.7,23.0],[75.6,23.0],[75.6,23.1],[75.5,23.1],[75.5,23.0],[75.5,22.9],[75.4,22.9],[75.4,22.8],[75.3,22.8],[75.3,22.9],[75.3,23.0],[75.3,23.1],[75.2,23.1],[75.2,23.2],[75.3,23.2],[75.3,23.3],[75.2,23.3],[75.2,23.4],[75.1,23.4],[75.2,23.4],[75.2,23.5],[75.3,23.5],[75.3,23.6],[75.4,23.6],[75.5,23.6],[75.5,23.5],[75.5,23.6],[75.5,23.7],[75.6,23.7],[75.7,23.7],[75.7,23.8],[75.7,23.7],[75.7,23.8]]]}},{"type":"Feature","properties":{"NAME_1":"Madhya Pradesh","NAME_2":"Umaria","NAME_0":"India"},"geometry":{"type":"Polygon","coordinates":[[[81.0,24.1],[81.0,24.0],[81.1,24.0],[81.1,23.9],[81.2,23.9],[81.3,23.9],[81.3,23.8],[81.2,23.8],[81.2,23.7],[81.2,23.6],[81.2,23.5],[81.1,23.5],[81.0,23.5],[81.0,23.4],[81.0,23.3],[81.1,23.3],[81.0,23.3],[81.1,23.3],[81.1,23.2],[81.0,23.2],[81.0,23.3],[80.9,23.3],[80.9,23.2],[80.8,23.2],[80.8,23.3],[80.8,23.2],[80.7,23.2],[80.7,23.3],[80.8,23.3],[80.7,23.3],[80.7,23.4],[80.6,23.4],[80.6,23.3],[80.6,23.4],[80.5,23.4],[80.6,23.4],[80.5,23.4],[80.6,23.4],[80.6,23.5],[80.5,23.5],[80.6,23.6],[80.6,23.7],[80.7,23.7],[80.7,23.8],[80.7,23.7],[80.8,23.7],[80.9,23.7],[80.9,23.8],[80.9,23.9],[80.8,23.9],[80.8,24.0],[80.9,24.0],[80.9,24.1],[81.0,24.1]]]}},{"type":"Feature","properties":{"NAME_1":"Madhya Pradesh","NAME_2":"Vidisha","NAME_0":"India"},"geometry":{"type":"Polygon","coordinates":[[[77.4,24.2],[77.5,24.3],[77.6,24.3],[77.7,24.3],[77.8,24.3],[77.9,24.3],[77.9,24.2],[78.0,24.2],[78.0,24.3],[78.0,24.2],[78.0,24.3],[78.1,24.3],[78.1,24.2],[78.1,24.3],[78.1,24.2],[78.1,24.1],[78.1,24.0],[78.2,24.0],[78.2,24.1],[78.2,24.0],[78.3,24.0],[78.3,23.9],[78.3,23.8],[78.3,23.9],[78.3,23.8],[78.2,23.8],[78.3,23.8],[78.2,23.8],[78.3,23.8],[78.2,23.8],[78.2,23.7],[78.3,23.7],[78.3,23.6],[78.2,23.6],[78.2,23.5],[78.1,23.5],[78.0,23.5],[78.0,23.4],[78.1,23.4],[78.0,23.4],[78.0,23.3],[78.0,23.4],[77.9,23.4],[77.9,23.5],[77.9,23.4],[77.8,23.4],[77.8,23.5],[77.7,23.5],[77.6,23.5],[77.6,23.6],[77.6,23.5],[77.5,23.5],[77.5,23.6],[77.6,23.6],[77.6,23.7],[77.6,23.8],[77.5,23.8],[77.4,23.8],[77.4,23.9],[77.3,23.9],[77.3,24.0],[77.3,24.1],[77.3,24.2],[77.3,24.3],[77.4,24.4],[77.4,24.3],[77.4,24.2]]]}},{"type":"Feature","properties":{"NAME_1":"Madhya Pradesh","NAME_2":"West Nimar","NAME_0":"India"},"geometry":{"type":"Polygon","coordinates":[[[76.1,22.5],[76.1,22.4],[76.2,22.4],[76.2,22.3],[76.1,22.3],[76.1,22.2],[76.0,22.2],[76.1,22.2],[76.2,22.2],[76.1,22.2],[76.1,22.1],[76.2,22.1],[76.1,22.1],[76.2,22.1],[76.2,22.0],[76.1,22.0],[76.2,22.0],[76.2,21.9],[76.1,21.9],[76.1,21.8],[76.1,21.7],[76.2,21.7],[76.1,21.7],[76.1,21.6],[76.0,21.6],[76.0,21.5],[75.9,21.5],[76.0,21.5],[76.0,21.4],[75.9,21.4],[75.8,21.4],[75.7,21.4],[75.6,21.4],[75.6,21.5],[75.5,21.5],[75.5,21.6],[75.5,21.7],[75.4,21.7],[75.3,21.7],[75.3,21.6],[75.3,21.7],[75.2,21.7],[75.3,21.7],[75.3,21.8],[75.3,21.9],[75.3,22.0],[75.4,22.0],[75.4,22.1],[75.5,22.1],[75.4,22.1],[75.3,22.1],[75.4,22.1],[75.4,22.2],[75.5,22.2],[75.5,22.3],[75.5,22.4],[75.6,22.4],[75.6,22.3],[75.6,22.4],[75.6,22.3],[75.7,22.3],[75.7,22.4],[75.8,22.4],[75.9,22.4],[76.0,22.4],[76.0,22.5],[76.1,22.5],[76.0,22.5],[76.1,22.5],[76.1,22.6],[76.1,22.5]]]}},{"type":"Feature","properties":{"NAME_1":"Maharashtra","NAME_2":"Ahmednagar","NAME_0":"India"},"geometry":{"type":"Polygon","coordinates":[[[74.5,20.0],[74.6,20.0],[74.7,19.9],[74.7,19.8],[74.6,19.8],[74.6,19.9],[74.6,19.8],[74.7,19.8],[74.7,19.7],[74.8,19.7],[74.9,19.7],[74.9,19.6],[74.9,19.7],[74.9,19.6],[74.9,19.7],[74.9,19.6],[75.0,19.6],[75.1,19.6],[75.2,19.6],[75.2,19.5],[75.3,19.5],[75.3,19.6],[75.3,19.5],[75.4,19.5],[75.3,19.5],[75.3,19.4],[75.4,19.4],[75.3,19.4],[75.4,19.4],[75.5,19.4],[75.5,19.3],[75.5,19.2],[75.4,19.2],[75.5,19.2],[75.5,19.1],[75.4,19.1],[75.5,19.1],[75.4,19.1],[75.3,19.2],[75.3,19.1],[75.4,19.1],[75.3,19.1],[75.3,19.0],[75.3,19.1],[75.2,19.1],[75.2,19.0],[75.1,19.0],[75.1,19.1],[75.0,19.1],[74.9,19.1],[74.9,19.0],[75.0,19.0],[74.9,19.0],[74.8,19.0],[74.8,18.9],[74.9,18.9],[74.9,18.8],[74.9,18.9],[74.9,18.8],[75.0,18.8],[75.1,18.7],[75.2,18.6],[75.2,18.5],[75.1,18.5],[75.1,18.4],[75.0,18.4],[74.9,18.4],[74.9,18.3],[74.8,18.3],[74.8,18.4],[74.7,18.4],[74.7,18.5],[74.6,18.4],[74.6,18.5],[74.6,18.6],[74.5,18.6],[74.6,18.6],[74.5,18.6],[74.5,18.7],[74.4,18.7],[74.4,18.8],[74.3,18.8],[74.3,18.9],[74.3,19.0],[74.2,19.0],[74.2,19.1],[74.3,19.1],[74.3,19.2],[74.2,19.2],[74.1,19.2],[74.1,19.3],[74.0,19.3],[74.0,19.4],[74.0,19.3],[73.9,19.3],[73.9,19.4],[73.8,19.4],[73.7,19.4],[73.7,19.5],[73.6,19.5],[73.6,19.6],[73.7,19.6],[73.8,19.6],[73.8,19.7],[73.9,19.7],[73.9,19.8],[73.9,19.7],[74.0,19.7],[74.1,19.7],[74.1,19.6],[74.1,19.7],[74.2,19.7],[74.1,19.7],[74.2,19.7],[74.3,19.7],[74.3,19.8],[74.4,19.8],[74.4,19.9],[74.3,19.9],[74.3,20.0],[74.4,20.0],[74.5,20.0]]]}},{"type":"Feature","properties":{"NAME_1":"Maharashtra","NAME_2":"Akola","NAME_0":"India"},"geometry":{"type":"Polygon","coordinates":[[[77.1,21.2],[77.2,21.2],[77.2,21.1],[77.1,21.1],[77.1,21.0],[77.2,21.0],[77.1,21.0],[77.2,21.0],[77.1,20.9],[77.2,20.9],[77.3,20.9],[77.3,20.8],[77.3,20.9],[77.3,20.8],[77.3,20.9],[77.3,20.8],[77.4,20.8],[77.4,20.9],[77.4,20.8],[77.4,20.9],[77.4,20.8],[77.4,20.9],[77.4,20.8],[77.4,20.9],[77.5,20.9],[77.5,20.8],[77.5,20.9],[77.5,20.8],[77.6,20.8],[77.5,20.8],[77.6,20.8],[77.6,20.7],[77.6,20.8],[77.6,20.7],[77.5,20.7],[77.4,20.7],[77.4,20.6],[77.5,20.6],[77.4,20.6],[77.3,20.6],[77.3,20.5],[77.4,20.5],[77.3,20.5],[77.3,20.4],[77.2,20.4],[77.2,20.5],[77.2,20.4],[77.1,20.4],[77.0,20.5],[77.0,20.4],[76.9,20.4],[76.9,20.3],[76.8,20.3],[76.7,20.3],[76.7,20.4],[76.7,20.5],[76.8,20.5],[76.8,20.6],[76.7,20.6],[76.7,20.7],[76.7,20.8],[76.7,20.9],[76.8,20.9],[76.8,21.0],[76.8,21.1],[76.8,21.2],[76.9,21.2],[77.0,21.2],[77.1,21.2]]]}},{"type":"Feature","properties":{"NAME_1":"Maharashtra","NAME_2":"Amravati","NAME_0":"India"},"geometry":{"type":"Polygon","coordinates":[[[77.5,21.8],[77.5,21.7],[77.6,21.7],[77.6,21.6],[77.6,21.5],[77.5,21.5],[77.5,21.6],[77.5,21.5],[77.4,21.5],[77.5,21.5],[77.5,21.4],[77.6,21.4],[77.7,21.4],[77.8,21.4],[77.9,21.4],[78.0,21.4],[78.1,21.4],[78.1,21.5],[78.2,21.5],[78.2,21.6],[78.3,21.6],[78.4,21.6],[78.4,21.5],[78.4,21.4],[78.3,21.4],[78.3,21.3],[78.2,21.3],[78.1,21.3],[78.1,21.4],[78.1,21.3],[78.1,21.2],[78.1,21.1],[78.1,21.0],[78.2,20.9],[78.3,20.9],[78.3,20.8],[78.3,20.7],[78.2,20.7],[78.1,20.7],[78.1,20.6],[78.1,20.7],[78.0,20.7],[78.0,20.6],[77.9,20.6],[77.8,20.6],[77.8,20.5],[77.7,20.5],[77.7,20.6],[77.6,20.6],[77.7,20.6],[77.6,20.7],[77.6,20.8],[77.5,20.8],[77.6,20.8],[77.5,20.8],[77.5,20.9],[77.5,20.8],[77.5,20.9],[77.4,20.9],[77.4,20.8],[77.4,20.9],[77.4,20.8],[77.4,20.9],[77.4,20.8],[77.4,20.9],[77.4,20.8],[77.3,20.8],[77.3,20.9],[77.3,20.8],[77.3,20.9],[77.3,20.8],[77.3,20.9],[77.2,20.9],[77.1,20.9],[77.2,21.0],[77.1,21.0],[77.2,21.0],[77.1,21.0],[77.1,21.1],[77.2,21.1],[77.2,21.2],[77.1,21.2],[77.0,21.2],[76.9,21.2],[76.8,21.2],[76.7,21.2],[76.7,21.3],[76.6,21.3],[76.7,21.4],[76.8,21.4],[76.8,21.5],[76.8,21.6],[76.9,21.6],[77.0,21.7],[77.1,21.7],[77.2,21.7],[77.3,21.7],[77.3,21.8],[77.4,21.8],[77.5,21.8]]]}},{"type":"Feature","properties":{"NAME_1":"Maharashtra","NAME_2":"Aurangabad","NAME_0":"India"},"geometry":{"type":"Polygon","coordinates":[[[75.7,20.7],[75.7,20.6],[75.8,20.6],[75.9,20.6],[75.9,20.5],[75.9,20.4],[75.9,20.5],[75.8,20.5],[75.8,20.4],[75.7,20.4],[75.8,20.4],[75.8,20.3],[75.7,20.3],[75.7,20.2],[75.6,20.2],[75.6,20.1],[75.6,20.0],[75.7,20.0],[75.7,19.9],[75.6,19.9],[75.7,19.9],[75.6,19.9],[75.6,19.8],[75.7,19.8],[75.6,19.8],[75.6,19.7],[75.6,19.6],[75.7,19.6],[75.7,19.5],[75.6,19.5],[75.6,19.4],[75.5,19.4],[75.4,19.4],[75.3,19.4],[75.4,19.4],[75.3,19.4],[75.3,19.5],[75.4,19.5],[75.3,19.5],[75.3,19.6],[75.3,19.5],[75.2,19.5],[75.2,19.6],[75.1,19.6],[75.0,19.6],[74.9,19.6],[74.9,19.7],[74.9,19.6],[74.9,19.7],[74.9,19.6],[74.9,19.7],[74.8,19.7],[74.7,19.7],[74.7,19.8],[74.6,19.8],[74.6,19.9],[74.6,19.8],[74.7,19.8],[74.7,19.9],[74.7,20.0],[74.7,20.1],[74.7,20.2],[74.8,20.2],[74.9,20.2],[74.9,20.3],[75.0,20.3],[74.9,20.3],[75.0,20.3],[75.1,20.3],[75.1,20.4],[75.2,20.4],[75.2,20.5],[75.2,20.6],[75.3,20.6],[75.4,20.6],[75.4,20.5],[75.5,20.5],[75.5,20.6],[75.5,20.5],[75.5,20.6],[75.6,20.6],[75.7,20.6],[75.7,20.7]]]}},{"type":"Feature","properties":{"NAME_1":"Maharashtra","NAME_2":"Bhandara","NAME_0":"India"},"geometry":{"type":"MultiPolygon","coordinates":[[[[80.3,21.5],[80.4,21.5],[80.4,21.4],[80.5,21.4],[80.6,21.4],[80.6,21.3],[80.7,21.3],[80.6,21.3],[80.6,21.2],[80.5,21.2],[80.5,21.1],[80.4,21.1],[80.4,21.2],[80.3,21.2],[80.3,21.3],[80.3,21.4],[80.4,21.4],[80.3,21.4],[80.3,21.5]]],[[[79.7,21.6],[79.8,21.6],[79.8,21.5],[79.9,21.5],[79.9,21.4],[79.8,21.4],[79.8,21.3],[79.9,21.3],[79.9,21.2],[79.8,21.3],[79.8,21.2],[79.9,21.2],[79.9,21.3],[79.9,21.2],[79.9,21.3],[79.9,21.2],[80.0,21.2],[80.1,21.2],[80.1,21.1],[80.1,21.0],[80.0,21.0],[79.9,21.0],[79.9,20.9],[79.9,20.8],[79.9,20.7],[80.0,20.7],[79.9,20.7],[79.8,20.7],[79.7,20.7],[79.8,20.7],[79.7,20.7],[79.7,20.6],[79.7,20.7],[79.6,20.7],[79.5,20.7],[79.5,20.8],[79.6,20.8],[79.5,20.8],[79.6,20.9],[79.6,20.8],[79.6,20.9],[79.7,20.9],[79.7,21.0],[79.6,21.0],[79.6,21.1],[79.5,21.1],[79.5,21.2],[79.6,21.2],[79.5,21.2],[79.6,21.2],[79.5,21.2],[79.6,21.2],[79.6,21.3],[79.5,21.3],[79.6,21.3],[79.5,21.3],[79.6,21.3],[79.5,21.3],[79.5,21.4],[79.4,21.4],[79.4,21.5],[79.5,21.5],[79.6,21.5],[79.6,21.6],[79.7,21.6]]]]}},{"type":"Feature","properties":{"NAME_1":"Maharashtra","NAME_2":"Bid","NAME_0":"India"},"geometry":{"type":"Polygon","coordinates":[[[75.5,19.4],[75.6,19.4],[75.7,19.4],[75.8,19.4],[75.9,19.4],[75.9,19.3],[76.0,19.3],[76.1,19.3],[76.2,19.3],[76.2,19.2],[76.3,19.2],[76.3,19.3],[76.3,19.2],[76.3,19.3],[76.3,19.2],[76.4,19.2],[76.4,19.1],[76.3,19.1],[76.4,19.1],[76.5,19.1],[76.4,19.1],[76.4,19.0],[76.5,19.0],[76.5,18.9],[76.6,18.9],[76.6,18.8],[76.7,18.8],[76.7,18.7],[76.6,18.7],[76.5,18.6],[76.4,18.6],[76.4,18.5],[76.4,18.6],[76.3,18.6],[76.2,18.6],[76.1,18.6],[76.0,18.6],[75.9,18.6],[76.0,18.6],[75.9,18.6],[75.9,18.7],[75.9,18.6],[75.9,18.7],[75.9,18.6],[75.9,18.7],[75.8,18.7],[75.7,18.7],[75.7,18.6],[75.6,18.6],[75.6,18.7],[75.5,18.7],[75.6,18.7],[75.6,18.6],[75.5,18.6],[75.4,18.6],[75.4,18.5],[75.4,18.6],[75.3,18.6],[75.3,18.5],[75.2,18.5],[75.2,18.6],[75.1,18.7],[75.0,18.8],[74.9,18.8],[74.9,18.9],[74.9,18.8],[74.9,18.9],[74.8,18.9],[74.8,19.0],[74.9,19.0],[75.0,19.0],[74.9,19.0],[74.9,19.1],[75.0,19.1],[75.1,19.1],[75.1,19.0],[75.2,19.0],[75.2,19.1],[75.3,19.1],[75.3,19.0],[75.3,19.1],[75.4,19.1],[75.3,19.1],[75.3,19.2],[75.4,19.1],[75.5,19.1],[75.4,19.1],[75.5,19.1],[75.5,19.2],[75.4,19.2],[75.5,19.2],[75.5,19.3],[75.5,19.4]]]}},{"type":"Feature","properties":{"NAME_1":"Maharashtra","NAME_2":"Buldana","NAME_0":"India"},"geometry":{"type":"Polygon","coordinates":[[[76.7,21.3],[76.7,21.2],[76.8,21.2],[76.8,21.1],[76.8,21.0],[76.8,20.9],[76.7,20.9],[76.7,20.8],[76.7,20.7],[76.7,20.6],[76.8,20.6],[76.8,20.5],[76.7,20.5],[76.7,20.4],[76.7,20.3],[76.8,20.3],[76.8,20.2],[76.7,20.2],[76.8,20.2],[76.8,20.1],[76.7,20.1],[76.6,20.1],[76.7,20.0],[76.6,20.0],[76.7,20.0],[76.6,20.0],[76.6,19.9],[76.7,19.9],[76.6,19.9],[76.6,19.8],[76.5,19.8],[76.5,19.9],[76.4,19.9],[76.3,19.9],[76.2,19.9],[76.1,19.9],[76.1,19.8],[76.1,19.9],[76.0,19.9],[76.1,19.9],[76.0,19.9],[76.0,20.0],[76.0,19.9],[76.0,20.0],[76.1,20.1],[76.1,20.2],[76.2,20.2],[76.2,20.3],[76.1,20.3],[76.1,20.4],[76.1,20.3],[76.0,20.3],[75.9,20.3],[75.9,20.4],[76.0,20.4],[75.9,20.4],[76.0,20.5],[75.9,20.5],[76.0,20.5],[76.0,20.6],[76.0,20.7],[76.0,20.8],[76.1,20.8],[76.0,20.8],[76.1,20.8],[76.0,20.8],[76.1,20.8],[76.1,20.9],[76.1,21.0],[76.2,21.0],[76.3,21.0],[76.4,21.0],[76.4,21.1],[76.5,21.1],[76.5,21.2],[76.6,21.2],[76.7,21.2],[76.7,21.3]]]}},{"type":"Feature","properties":{"NAME_1":"Maharashtra","NAME_2":"Chandrapur","NAME_0":"India"},"geometry":{"type":"Polygon","coordinates":[[[79.8,20.7],[79.9,20.7],[79.9,20.6],[79.9,20.5],[79.9,20.4],[80.0,20.4],[80.0,20.3],[79.9,20.3],[80.0,20.3],[80.0,20.2],[79.9,20.2],[79.9,20.1],[80.0,20.1],[80.0,20.0],[79.9,20.0],[79.8,20.0],[79.8,19.9],[79.8,19.8],[79.7,19.8],[79.8,19.7],[79.8,19.6],[79.7,19.6],[79.6,19.6],[79.6,19.5],[79.5,19.5],[79.4,19.5],[79.4,19.6],[79.3,19.6],[79.2,19.6],[79.3,19.6],[79.2,19.6],[79.2,19.5],[79.1,19.5],[79.0,19.5],[79.0,19.6],[79.0,19.5],[79.0,19.6],[78.9,19.6],[79.0,19.6],[79.0,19.7],[78.9,19.7],[78.8,19.8],[78.9,19.8],[78.9,19.7],[78.9,19.8],[79.0,19.8],[79.1,19.8],[79.1,19.9],[79.1,20.0],[79.1,20.1],[79.0,20.1],[79.0,20.2],[78.9,20.2],[79.0,20.2],[78.9,20.2],[78.9,20.3],[78.9,20.2],[78.9,20.3],[78.8,20.3],[78.8,20.2],[78.8,20.3],[78.8,20.4],[78.9,20.4],[78.8,20.4],[78.9,20.4],[79.0,20.4],[79.0,20.5],[79.0,20.4],[79.0,20.5],[79.1,20.5],[79.1,20.4],[79.1,20.5],[79.2,20.5],[79.2,20.6],[79.3,20.6],[79.3,20.7],[79.4,20.7],[79.3,20.7],[79.4,20.7],[79.5,20.7],[79.6,20.7],[79.7,20.7],[79.7,20.6],[79.7,20.7],[79.8,20.7],[79.7,20.7],[79.8,20.7]]]}},{"type":"Feature","properties":{"NAME_1":"Maharashtra","NAME_2":"Dhule","NAME_0":"India"},"geometry":{"type":"Polygon","coordinates":[[[74.9,21.6],[75.0,21.6],[75.1,21.6],[75.1,21.5],[75.1,21.4],[75.2,21.4],[75.1,21.4],[75.2,21.4],[75.1,21.3],[75.1,21.4],[75.1,21.3],[75.2,21.3],[75.1,21.3],[75.1,21.2],[75.0,21.2],[74.9,21.2],[75.0,21.2],[74.9,21.2],[74.9,21.1],[74.9,21.0],[74.9,20.9],[75.0,20.9],[75.0,20.8],[75.0,20.7],[74.9,20.7],[74.9,20.6],[74.8,20.6],[74.8,20.7],[74.7,20.7],[74.7,20.8],[74.6,20.8],[74.5,20.8],[74.4,20.8],[74.4,20.9],[74.4,20.8],[74.4,20.9],[74.4,20.8],[74.3,20.9],[74.3,20.8],[74.3,20.9],[74.2,20.9],[74.1,20.9],[74.1,20.8],[74.1,20.9],[74.1,20.8],[74.0,20.8],[74.0,20.9],[74.0,20.8],[74.0,20.9],[74.0,20.8],[73.9,20.8],[73.9,20.9],[73.9,21.0],[74.0,21.0],[74.0,21.1],[74.1,21.1],[74.1,21.2],[74.2,21.2],[74.1,21.2],[74.2,21.2],[74.3,21.2],[74.3,21.3],[74.3,21.2],[74.4,21.2],[74.4,21.3],[74.4,21.2],[74.5,21.2],[74.5,21.3],[74.5,21.4],[74.6,21.4],[74.7,21.4],[74.7,21.5],[74.8,21.5],[74.8,21.6],[74.9,21.6]]]}},{"type":"Feature","properties":{"NAME_1":"Maharashtra","NAME_2":"Garhchiroli","NAME_0":"India"},"geometry":{"type":"Polygon","coordinates":[[[80.6,20.8],[80.5,20.8],[80.6,20.8],[80.6,20.7],[80.5,20.7],[80.5,20.6],[80.6,20.6],[80.6,20.5],[80.6,20.4],[80.6,20.3],[80.5,20.3],[80.4,20.3],[80.4,20.2],[80.4,20.1],[80.5,20.1],[80.5,20.0],[80.5,19.9],[80.4,20.0],[80.4,19.9],[80.5,19.9],[80.5,19.8],[80.4,19.8],[80.5,19.8],[80.6,19.8],[80.6,19.7],[80.7,19.7],[80.7,19.6],[80.8,19.6],[80.8,19.5],[80.9,19.5],[80.9,19.4],[80.8,19.4],[80.8,19.3],[80.7,19.3],[80.6,19.3],[80.6,19.4],[80.5,19.4],[80.5,19.3],[80.4,19.3],[80.4,19.2],[80.3,19.2],[80.3,19.1],[80.3,19.0],[80.3,18.9],[80.3,18.8],[80.2,18.8],[80.2,18.7],[80.3,18.7],[80.2,18.7],[80.1,18.7],[80.0,18.7],[80.0,18.8],[79.9,18.8],[79.9,18.9],[79.9,19.0],[79.9,19.1],[79.9,19.2],[79.9,19.3],[80.0,19.3],[80.0,19.4],[79.9,19.4],[79.9,19.5],[79.8,19.5],[79.8,19.6],[79.8,19.7],[79.7,19.8],[79.8,19.8],[79.8,19.9],[79.8,20.0],[79.9,20.0],[80.0,20.0],[80.0,20.1],[79.9,20.1],[79.9,20.2],[80.0,20.2],[80.0,20.3],[79.9,20.3],[80.0,20.3],[80.0,20.4],[79.9,20.4],[79.9,20.5],[79.9,20.6],[79.9,20.7],[80.0,20.7],[80.1,20.7],[80.2,20.7],[80.3,20.7],[80.3,20.8],[80.4,20.8],[80.5,20.8],[80.6,20.8]]]}},{"type":"Feature","properties":{"NAME_1":"Maharashtra","NAME_2":"Gondiya","NAME_0":"India"},"geometry":{"type":"Polygon","coordinates":[[[80.2,21.6],[80.3,21.6],[80.3,21.5],[80.4,21.5],[80.3,21.5],[80.3,21.4],[80.4,21.4],[80.3,21.4],[80.3,21.3],[80.3,21.2],[80.4,21.2],[80.4,21.1],[80.4,21.0],[80.4,20.9],[80.5,20.9],[80.6,20.9],[80.6,20.8],[80.5,20.8],[80.4,20.8],[80.3,20.8],[80.3,20.7],[80.2,20.7],[80.1,20.7],[80.0,20.7],[79.9,20.7],[79.9,20.8],[79.9,20.9],[79.9,21.0],[80.0,21.0],[80.1,21.0],[80.1,21.1],[80.1,21.2],[80.0,21.2],[79.9,21.2],[79.9,21.3],[79.9,21.2],[79.9,21.3],[79.9,21.2],[79.8,21.2],[79.8,21.3],[79.9,21.2],[79.9,21.3],[79.8,21.3],[79.8,21.4],[79.9,21.4],[79.9,21.5],[79.9,21.6],[80.0,21.6],[80.0,21.5],[80.0,21.6],[80.1,21.6],[80.2,21.6]]]}},{"type":"Feature","properties":{"NAME_1":"Maharashtra","NAME_2":"Greater Bombay","NAME_0":"India"},"geometry":{"type":"MultiPolygon","coordinates":[[[[72.9,19.3],[73.0,19.3],[73.0,19.2],[73.1,19.2],[73.1,19.1],[73.1,19.0],[73.0,19.0],[73.0,19.1],[73.0,19.0],[72.9,19.0],[72.8,19.0],[72.8,18.9],[72.8,19.0],[72.8,18.9],[72.8,19.0],[72.8,19.1],[72.8,19.2],[72.8,19.1],[72.8,19.2],[72.8,19.3],[72.8,19.2],[72.8,19.3],[72.9,19.3]]]]}},{"type":"Feature","properties":{"NAME_1":"Maharashtra","NAME_2":"Hingoli","NAME_0":"India"},"geometry":{"type":"Polygon","coordinates":[[[77.0,20.0],[77.1,20.0],[77.1,19.9],[77.1,20.0],[77.2,20.0],[77.2,19.9],[77.3,19.9],[77.4,19.9],[77.4,19.8],[77.3,19.8],[77.4,19.8],[77.4,19.7],[77.5,19.7],[77.5,19.6],[77.5,19.5],[77.5,19.4],[77.4,19.4],[77.4,19.3],[77.3,19.3],[77.3,19.4],[77.3,19.3],[77.2,19.3],[77.2,19.2],[77.2,19.1],[77.1,19.1],[77.1,19.2],[77.0,19.2],[77.0,19.3],[77.0,19.2],[76.9,19.2],[76.9,19.3],[76.9,19.2],[76.9,19.3],[76.9,19.4],[76.9,19.5],[77.0,19.5],[77.0,19.6],[76.9,19.6],[77.0,19.6],[76.9,19.6],[76.9,19.7],[76.8,19.7],[76.7,19.7],[76.7,19.8],[76.7,19.9],[76.8,19.9],[76.8,20.0],[76.9,20.0],[76.9,19.9],[76.9,20.0],[77.0,20.0]]]}},{"type":"Feature","properties":{"NAME_1":"Maharashtra","NAME_2":"Jalgaon","NAME_0":"India"},"geometry":{"type":"Polygon","coordinates":[[[75.2,21.4],[75.3,21.4],[75.4,21.4],[75.5,21.4],[75.6,21.4],[75.7,21.4],[75.8,21.4],[75.9,21.4],[76.0,21.4],[76.1,21.4],[76.1,21.3],[76.2,21.3],[76.2,21.2],[76.1,21.2],[76.2,21.2],[76.1,21.2],[76.1,21.1],[76.2,21.1],[76.3,21.1],[76.4,21.1],[76.4,21.0],[76.3,21.0],[76.2,21.0],[76.1,21.0],[76.1,20.9],[76.1,20.8],[76.0,20.8],[76.1,20.8],[76.0,20.8],[76.1,20.8],[76.0,20.8],[76.0,20.7],[76.0,20.6],[75.9,20.6],[75.8,20.6],[75.7,20.6],[75.7,20.7],[75.7,20.6],[75.6,20.6],[75.5,20.6],[75.5,20.5],[75.5,20.6],[75.5,20.5],[75.4,20.5],[75.4,20.6],[75.3,20.6],[75.2,20.6],[75.2,20.5],[75.2,20.4],[75.1,20.4],[75.1,20.3],[75.0,20.3],[74.9,20.3],[75.0,20.3],[74.9,20.3],[74.9,20.4],[74.8,20.4],[74.8,20.5],[74.8,20.6],[74.9,20.6],[74.9,20.7],[75.0,20.7],[75.0,20.8],[75.0,20.9],[74.9,20.9],[74.9,21.0],[74.9,21.1],[74.9,21.2],[75.0,21.2],[74.9,21.2],[75.0,21.2],[75.1,21.2],[75.1,21.3],[75.2,21.3],[75.1,21.3],[75.1,21.4],[75.1,21.3],[75.2,21.4],[75.1,21.4],[75.2,21.4]]]}},{"type":"Feature","properties":{"NAME_1":"Maharashtra","NAME_2":"Jalna","NAME_0":"India"},"geometry":{"type":"Polygon","coordinates":[[[76.0,20.6],[76.0,20.5],[75.9,20.5],[76.0,20.5],[75.9,20.4],[76.0,20.4],[75.9,20.4],[75.9,20.3],[76.0,20.3],[76.1,20.3],[76.1,20.4],[76.1,20.3],[76.2,20.3],[76.2,20.2],[76.1,20.2],[76.1,20.1],[76.0,20.0],[76.0,19.9],[76.0,20.0],[76.0,19.9],[76.1,19.9],[76.0,19.9],[76.1,19.9],[76.1,19.8],[76.1,19.9],[76.2,19.9],[76.3,19.9],[76.4,19.9],[76.5,19.9],[76.5,19.8],[76.5,19.7],[76.4,19.7],[76.4,19.6],[76.5,19.6],[76.4,19.6],[76.4,19.5],[76.3,19.5],[76.3,19.4],[76.3,19.3],[76.2,19.3],[76.1,19.3],[76.0,19.3],[75.9,19.3],[75.9,19.4],[75.8,19.4],[75.7,19.4],[75.6,19.4],[75.6,19.5],[75.7,19.5],[75.7,19.6],[75.6,19.6],[75.6,19.7],[75.6,19.8],[75.7,19.8],[75.6,19.8],[75.6,19.9],[75.7,19.9],[75.6,19.9],[75.7,19.9],[75.7,20.0],[75.6,20.0],[75.6,20.1],[75.6,20.2],[75.7,20.2],[75.7,20.3],[75.8,20.3],[75.8,20.4],[75.7,20.4],[75.8,20.4],[75.8,20.5],[75.9,20.5],[75.9,20.4],[75.9,20.5],[75.9,20.6],[76.0,20.6]]]}},{"type":"Feature","properties":{"NAME_1":"Maharashtra","NAME_2":"Kolhapur","NAME_0":"India"},"geometry":{"type":"Polygon","coordinates":[[[73.9,17.2],[73.9,17.1],[74.0,17.1],[74.0,17.0],[74.0,16.9],[74.1,16.9],[74.2,16.9],[74.3,16.9],[74.4,16.9],[74.4,16.8],[74.5,16.9],[74.5,16.8],[74.5,16.9],[74.5,16.8],[74.6,16.8],[74.7,16.8],[74.6,16.8],[74.7,16.8],[74.7,16.7],[74.7,16.6],[74.6,16.6],[74.5,16.6],[74.6,16.6],[74.5,16.6],[74.6,16.6],[74.5,16.6],[74.5,16.7],[74.5,16.6],[74.4,16.6],[74.4,16.5],[74.4,16.6],[74.3,16.5],[74.3,16.6],[74.3,16.5],[74.3,16.4],[74.4,16.4],[74.3,16.4],[74.3,16.3],[74.4,16.3],[74.4,16.2],[74.5,16.2],[74.5,16.1],[74.4,16.1],[74.4,16.0],[74.4,16.1],[74.5,16.1],[74.5,16.0],[74.4,16.0],[74.5,16.0],[74.4,16.0],[74.4,15.9],[74.4,15.8],[74.4,15.9],[74.3,15.9],[74.3,15.8],[74.4,15.8],[74.3,15.8],[74.3,15.7],[74.3,15.8],[74.3,15.7],[74.2,15.7],[74.2,15.8],[74.1,15.8],[74.2,15.8],[74.1,15.8],[74.0,15.8],[74.1,15.8],[74.0,15.8],[74.1,15.8],[74.1,15.9],[74.1,16.0],[74.0,16.0],[74.0,16.1],[73.9,16.1],[73.8,16.1],[73.9,16.1],[73.9,16.2],[73.9,16.1],[73.9,16.2],[74.0,16.2],[73.9,16.2],[74.0,16.2],[73.9,16.2],[73.9,16.3],[73.8,16.3],[73.8,16.4],[73.9,16.4],[73.8,16.4],[73.9,16.4],[73.9,16.5],[73.8,16.5],[73.8,16.6],[73.9,16.6],[73.9,16.7],[73.8,16.7],[73.8,16.8],[73.7,16.8],[73.8,16.8],[73.8,16.9],[73.7,16.9],[73.8,16.9],[73.8,17.0],[73.8,17.1],[73.7,17.1],[73.7,17.2],[73.8,17.2],[73.9,17.2]]]}},{"type":"Feature","properties":{"NAME_1":"Maharashtra","NAME_2":"Latur","NAME_0":"India"},"geometry":{"type":"Polygon","coordinates":[[[77.0,18.8],[77.1,18.8],[77.1,18.7],[77.0,18.7],[77.1,18.7],[77.2,18.7],[77.2,18.6],[77.3,18.6],[77.3,18.5],[77.2,18.5],[77.3,18.5],[77.3,18.4],[77.3,18.5],[77.3,18.4],[77.2,18.4],[77.2,18.3],[77.2,18.2],[77.1,18.2],[77.2,18.2],[77.1,18.2],[77.1,18.1],[77.1,18.2],[77.0,18.2],[76.9,18.2],[76.9,18.1],[77.0,18.1],[76.9,18.1],[77.0,18.1],[76.9,18.0],[77.0,18.0],[76.9,18.0],[76.9,17.9],[76.8,17.9],[76.7,17.9],[76.7,18.0],[76.6,18.0],[76.5,18.0],[76.4,18.0],[76.4,18.1],[76.3,18.1],[76.3,18.2],[76.3,18.3],[76.3,18.4],[76.2,18.4],[76.3,18.4],[76.3,18.5],[76.3,18.6],[76.4,18.6],[76.4,18.5],[76.4,18.6],[76.5,18.6],[76.6,18.7],[76.7,18.7],[76.7,18.8],[76.8,18.8],[76.9,18.8],[77.0,18.8]]]}},{"type":"Feature","properties":{"NAME_1":"Maharashtra","NAME_2":"Nagpur","NAME_0":"India"},"geometry":{"type":"Polygon","coordinates":[[[79.3,21.7],[79.4,21.7],[79.5,21.7],[79.5,21.6],[79.5,21.5],[79.4,21.5],[79.4,21.4],[79.5,21.4],[79.5,21.3],[79.6,21.3],[79.5,21.3],[79.6,21.3],[79.5,21.3],[79.6,21.3],[79.6,21.2],[79.5,21.2],[79.6,21.2],[79.5,21.2],[79.6,21.2],[79.5,21.2],[79.5,21.1],[79.6,21.1],[79.6,21.0],[79.7,21.0],[79.7,20.9],[79.6,20.9],[79.6,20.8],[79.6,20.9],[79.5,20.8],[79.6,20.8],[79.5,20.8],[79.5,20.7],[79.4,20.7],[79.3,20.7],[79.4,20.7],[79.3,20.7],[79.3,20.6],[79.2,20.6],[79.1,20.7],[79.0,20.7],[79.0,20.8],[78.9,20.8],[78.9,20.9],[78.8,20.9],[78.7,20.9],[78.7,21.0],[78.6,21.0],[78.6,21.1],[78.5,21.1],[78.5,21.2],[78.4,21.2],[78.3,21.3],[78.2,21.3],[78.3,21.3],[78.3,21.4],[78.4,21.4],[78.4,21.5],[78.5,21.5],[78.6,21.5],[78.7,21.5],[78.8,21.5],[78.9,21.5],[78.9,21.6],[79.0,21.6],[79.1,21.6],[79.1,21.7],[79.2,21.7],[79.3,21.7]]]}},{"type":"Feature","properties":{"NAME_1":"Maharashtra","NAME_2":"Nanded","NAME_0":"India"},"geometry":{"type":"Polygon","coordinates":[[[78.1,19.9],[78.2,19.9],[78.3,19.9],[78.2,19.9],[78.3,19.9],[78.3,19.8],[78.4,19.8],[78.4,19.7],[78.3,19.7],[78.3,19.6],[78.3,19.5],[78.3,19.4],[78.3,19.5],[78.3,19.4],[78.2,19.4],[78.2,19.3],[78.2,19.2],[78.1,19.2],[78.1,19.3],[78.1,19.2],[78.0,19.2],[78.0,19.3],[77.9,19.3],[77.9,19.2],[77.8,19.2],[77.9,19.2],[77.8,19.2],[77.8,19.1],[77.8,19.0],[77.8,18.9],[77.8,19.0],[77.9,19.0],[77.8,18.9],[77.9,18.9],[77.9,18.8],[77.8,18.8],[77.8,18.7],[77.7,18.7],[77.7,18.6],[77.7,18.5],[77.6,18.5],[77.7,18.5],[77.6,18.5],[77.6,18.6],[77.6,18.5],[77.6,18.6],[77.6,18.5],[77.5,18.5],[77.6,18.5],[77.6,18.4],[77.5,18.4],[77.6,18.4],[77.5,18.4],[77.5,18.3],[77.6,18.3],[77.5,18.3],[77.4,18.3],[77.4,18.4],[77.3,18.4],[77.3,18.5],[77.3,18.4],[77.3,18.5],[77.3,18.4],[77.3,18.5],[77.2,18.5],[77.3,18.5],[77.3,18.6],[77.2,18.6],[77.2,18.7],[77.1,18.7],[77.0,18.7],[77.1,18.7],[77.1,18.8],[77.0,18.8],[77.0,18.9],[76.9,18.9],[77.0,18.9],[77.0,19.0],[77.1,19.0],[77.0,19.0],[77.1,19.0],[77.1,19.1],[77.2,19.1],[77.2,19.2],[77.2,19.3],[77.3,19.3],[77.3,19.4],[77.3,19.3],[77.4,19.3],[77.4,19.4],[77.5,19.4],[77.5,19.5],[77.5,19.6],[77.5,19.7],[77.6,19.7],[77.6,19.6],[77.6,19.5],[77.7,19.5],[77.8,19.5],[77.7,19.5],[77.7,19.4],[77.8,19.4],[77.8,19.5],[77.8,19.4],[77.8,19.5],[77.9,19.5],[78.0,19.5],[78.1,19.5],[78.1,19.6],[78.2,19.6],[78.2,19.7],[78.1,19.7],[78.1,19.6],[78.1,19.7],[78.0,19.7],[77.9,19.7],[77.9,19.8],[77.8,19.8],[77.9,19.8],[77.9,19.9],[78.0,19.9],[78.1,19.9]]]}},{"type":"Feature","properties":{"NAME_1":"Maharashtra","NAME_2":"Nandurbar","NAME_0":"India"},"geometry":{"type":"Polygon","coordinates":[[[74.4,22.0],[74.5,22.0],[74.4,22.0],[74.5,22.0],[74.5,21.9],[74.5,21.8],[74.5,21.7],[74.6,21.7],[74.7,21.7],[74.7,21.6],[74.8,21.6],[74.8,21.5],[74.7,21.5],[74.7,21.4],[74.6,21.4],[74.5,21.4],[74.5,21.3],[74.5,21.2],[74.4,21.2],[74.4,21.3],[74.4,21.2],[74.3,21.2],[74.3,21.3],[74.3,21.2],[74.2,21.2],[74.1,21.2],[74.2,21.2],[74.1,21.2],[74.1,21.1],[74.0,21.1],[74.0,21.0],[73.9,21.0],[73.8,21.0],[73.7,21.0],[73.7,21.1],[73.8,21.1],[73.7,21.1],[73.6,21.1],[73.6,21.2],[73.6,21.1],[73.7,21.1],[73.7,21.2],[73.7,21.1],[73.7,21.2],[73.8,21.2],[73.8,21.3],[73.9,21.3],[74.0,21.3],[74.0,21.4],[74.1,21.4],[74.1,21.5],[74.1,21.4],[74.1,21.5],[74.2,21.5],[74.3,21.5],[74.3,21.6],[74.3,21.5],[74.2,21.5],[74.2,21.6],[74.2,21.5],[74.2,21.6],[74.1,21.6],[74.0,21.5],[74.0,21.6],[74.0,21.5],[73.9,21.5],[73.8,21.5],[73.8,21.6],[73.9,21.6],[73.9,21.7],[73.8,21.7],[73.8,21.8],[73.9,21.8],[73.9,21.9],[74.0,21.9],[74.1,21.9],[74.1,22.0],[74.2,22.0],[74.2,21.9],[74.3,21.9],[74.3,22.0],[74.4,22.0]]]}},{"type":"Feature","properties":{"NAME_1":"Maharashtra","NAME_2":"Nashik","NAME_0":"India"},"geometry":{"type":"Polygon","coordinates":[[[74.1,20.9],[74.2,20.9],[74.3,20.9],[74.3,20.8],[74.3,20.9],[74.4,20.8],[74.4,20.9],[74.4,20.8],[74.4,20.9],[74.4,20.8],[74.5,20.8],[74.6,20.8],[74.7,20.8],[74.7,20.7],[74.8,20.7],[74.8,20.6],[74.8,20.5],[74.8,20.4],[74.9,20.4],[74.9,20.3],[74.9,20.2],[74.8,20.2],[74.7,20.2],[74.7,20.1],[74.7,20.0],[74.7,19.9],[74.6,20.0],[74.5,20.0],[74.4,20.0],[74.3,20.0],[74.3,19.9],[74.4,19.9],[74.4,19.8],[74.3,19.8],[74.3,19.7],[74.2,19.7],[74.1,19.7],[74.2,19.7],[74.1,19.7],[74.1,19.6],[74.1,19.7],[74.0,19.7],[73.9,19.7],[73.9,19.8],[73.9,19.7],[73.8,19.7],[73.8,19.6],[73.7,19.6],[73.6,19.6],[73.6,19.7],[73.5,19.7],[73.5,19.8],[73.4,19.8],[73.4,19.9],[73.5,19.9],[73.5,20.0],[73.4,20.0],[73.3,20.0],[73.3,20.1],[73.3,20.0],[73.3,20.1],[73.3,20.0],[73.3,20.1],[73.3,20.2],[73.4,20.2],[73.4,20.3],[73.4,20.4],[73.4,20.5],[73.5,20.5],[73.5,20.6],[73.4,20.6],[73.4,20.7],[73.5,20.7],[73.4,20.7],[73.5,20.7],[73.6,20.7],[73.6,20.6],[73.6,20.7],[73.6,20.6],[73.7,20.6],[73.8,20.6],[73.8,20.7],[73.9,20.7],[73.9,20.8],[74.0,20.8],[74.0,20.9],[74.0,20.8],[74.0,20.9],[74.0,20.8],[74.1,20.8],[74.1,20.9],[74.1,20.8],[74.1,20.9]]]}},{"type":"Feature","properties":{"NAME_1":"Maharashtra","NAME_2":"Osmanabad","NAME_0":"India"},"geometry":{"type":"Polygon","coordinates":[[[75.6,18.6],[75.7,18.6],[75.7,18.7],[75.8,18.7],[75.9,18.7],[75.9,18.6],[75.9,18.7],[75.9,18.6],[75.9,18.7],[75.9,18.6],[76.0,18.6],[75.9,18.6],[76.0,18.6],[76.1,18.6],[76.2,18.6],[76.3,18.6],[76.3,18.5],[76.3,18.4],[76.2,18.4],[76.3,18.4],[76.3,18.3],[76.3,18.2],[76.3,18.1],[76.4,18.1],[76.4,18.0],[76.5,18.0],[76.6,18.0],[76.7,18.0],[76.7,17.9],[76.8,17.9],[76.8,17.8],[76.8,17.9],[76.8,17.8],[76.7,17.8],[76.7,17.7],[76.6,17.7],[76.6,17.8],[76.6,17.7],[76.6,17.8],[76.5,17.8],[76.5,17.7],[76.4,17.6],[76.4,17.7],[76.3,17.7],[76.2,17.7],[76.1,17.7],[76.2,17.7],[76.1,17.7],[76.1,17.8],[76.0,17.8],[76.0,17.7],[76.0,17.8],[75.9,17.8],[75.9,17.9],[75.9,17.8],[75.9,17.9],[75.8,17.9],[75.9,17.9],[75.8,17.9],[75.8,18.0],[75.9,18.0],[76.0,18.0],[76.0,18.1],[75.9,18.1],[76.0,18.1],[76.0,18.2],[75.9,18.2],[75.9,18.3],[75.9,18.4],[75.8,18.4],[75.7,18.4],[75.7,18.3],[75.6,18.3],[75.6,18.2],[75.5,18.2],[75.6,18.1],[75.5,18.1],[75.5,18.2],[75.4,18.2],[75.4,18.3],[75.4,18.4],[75.3,18.4],[75.3,18.5],[75.3,18.6],[75.4,18.6],[75.4,18.5],[75.4,18.6],[75.5,18.6],[75.6,18.6],[75.6,18.7],[75.5,18.7],[75.6,18.7],[75.6,18.6]]]}},{"type":"Feature","properties":{"NAME_1":"Maharashtra","NAME_2":"Parbhani","NAME_0":"India"},"geometry":{"type":"Polygon","coordinates":[[[76.6,19.9],[76.7,19.9],[76.7,19.8],[76.7,19.7],[76.8,19.7],[76.9,19.7],[76.9,19.6],[77.0,19.6],[76.9,19.6],[77.0,19.6],[77.0,19.5],[76.9,19.5],[76.9,19.4],[76.9,19.3],[76.9,19.2],[76.9,19.3],[76.9,19.2],[77.0,19.2],[77.0,19.3],[77.0,19.2],[77.1,19.2],[77.1,19.1],[77.1,19.0],[77.0,19.0],[77.1,19.0],[77.0,19.0],[77.0,18.9],[76.9,18.9],[77.0,18.9],[77.0,18.8],[76.9,18.8],[76.8,18.8],[76.7,18.8],[76.7,18.7],[76.7,18.8],[76.6,18.8],[76.6,18.9],[76.5,18.9],[76.5,19.0],[76.4,19.0],[76.4,19.1],[76.5,19.1],[76.4,19.1],[76.3,19.1],[76.4,19.1],[76.4,19.2],[76.3,19.2],[76.3,19.3],[76.3,19.2],[76.3,19.3],[76.3,19.2],[76.2,19.2],[76.2,19.3],[76.3,19.3],[76.3,19.4],[76.3,19.5],[76.4,19.5],[76.4,19.6],[76.5,19.6],[76.4,19.6],[76.4,19.7],[76.5,19.7],[76.5,19.8],[76.5,19.9],[76.5,19.8],[76.6,19.8],[76.6,19.9]]]}},{"type":"Feature","properties":{"NAME_1":"Maharashtra","NAME_2":"Pune","NAME_0":"India"},"geometry":{"type":"Polygon","coordinates":[[[73.9,19.4],[73.9,19.3],[74.0,19.3],[74.0,19.4],[74.0,19.3],[74.1,19.3],[74.1,19.2],[74.2,19.2],[74.3,19.2],[74.3,19.1],[74.2,19.1],[74.2,19.0],[74.3,19.0],[74.3,18.9],[74.3,18.8],[74.4,18.8],[74.4,18.7],[74.5,18.7],[74.5,18.6],[74.6,18.6],[74.5,18.6],[74.6,18.6],[74.6,18.5],[74.6,18.4],[74.7,18.5],[74.7,18.4],[74.8,18.4],[74.8,18.3],[74.9,18.3],[74.8,18.3],[74.8,18.2],[74.9,18.2],[74.9,18.3],[75.0,18.3],[75.0,18.2],[75.0,18.3],[75.0,18.2],[75.1,18.2],[75.1,18.1],[75.2,18.1],[75.1,18.1],[75.1,18.0],[75.0,18.0],[75.0,17.9],[75.1,17.9],[75.1,18.0],[75.1,17.9],[75.0,17.9],[74.9,17.9],[74.9,18.0],[74.9,17.9],[74.8,18.0],[74.9,18.0],[74.8,18.0],[74.7,18.0],[74.7,18.1],[74.6,18.0],[74.6,18.1],[74.6,18.0],[74.6,18.1],[74.6,18.0],[74.6,18.1],[74.5,18.1],[74.5,18.0],[74.5,18.1],[74.4,18.1],[74.3,18.1],[74.2,18.1],[74.1,18.1],[74.0,18.1],[74.0,18.2],[74.0,18.1],[74.0,18.2],[73.9,18.2],[73.9,18.1],[73.9,18.0],[73.8,18.0],[73.7,18.0],[73.6,18.0],[73.6,18.1],[73.7,18.1],[73.7,18.2],[73.6,18.2],[73.5,18.2],[73.5,18.3],[73.4,18.3],[73.4,18.4],[73.5,18.4],[73.4,18.4],[73.4,18.5],[73.4,18.6],[73.3,18.6],[73.3,18.5],[73.3,18.6],[73.4,18.6],[73.4,18.7],[73.3,18.7],[73.4,18.7],[73.4,18.8],[73.4,18.9],[73.4,18.8],[73.4,18.9],[73.5,18.9],[73.5,19.0],[73.6,19.0],[73.5,19.0],[73.6,19.0],[73.6,19.1],[73.5,19.0],[73.5,19.1],[73.6,19.1],[73.5,19.1],[73.5,19.2],[73.6,19.2],[73.7,19.2],[73.7,19.3],[73.8,19.3],[73.8,19.4],[73.9,19.4]]]}},{"type":"Feature","properties":{"NAME_1":"Maharashtra","NAME_2":"Raigarh","NAME_0":"India"},"geometry":{"type":"MultiPolygon","coordinates":[[[[73.5,19.1],[73.5,19.0],[73.6,19.1],[73.6,19.0],[73.5,19.0],[73.6,19.0],[73.5,19.0],[73.5,18.9],[73.4,18.9],[73.4,18.8],[73.4,18.9],[73.4,18.8],[73.4,18.7],[73.3,18.7],[73.4,18.7],[73.4,18.6],[73.3,18.6],[73.3,18.5],[73.3,18.6],[73.4,18.6],[73.4,18.5],[73.4,18.4],[73.5,18.4],[73.4,18.4],[73.4,18.3],[73.5,18.3],[73.5,18.2],[73.6,18.2],[73.7,18.2],[73.7,18.1],[73.6,18.1],[73.6,18.0],[73.7,18.0],[73.6,18.0],[73.6,17.9],[73.5,17.9],[73.6,17.9],[73.5,17.9],[73.5,17.8],[73.5,17.9],[73.5,17.8],[73.5,17.9],[73.4,17.9],[73.4,18.0],[73.3,18.0],[73.3,18.1],[73.2,18.1],[73.2,18.0],[73.1,18.0],[73.0,18.0],[73.0,18.1],[73.0,18.0],[73.0,18.1],[73.0,18.0],[73.0,18.1],[73.0,18.0],[73.0,18.1],[73.0,18.0],[73.0,18.1],[73.0,18.2],[72.9,18.2],[72.9,18.3],[73.0,18.3],[73.0,18.2],[73.1,18.2],[73.1,18.3],[73.0,18.3],[73.1,18.3],[73.0,18.3],[73.1,18.3],[73.0,18.3],[72.9,18.3],[72.9,18.4],[72.9,18.3],[72.9,18.4],[72.9,18.3],[72.9,18.4],[72.9,18.5],[72.9,18.6],[72.9,18.7],[72.9,18.8],[73.0,18.8],[73.0,18.9],[73.0,18.8],[72.9,18.8],[72.9,18.9],[73.0,18.9],[72.9,18.9],[72.9,19.0],[73.0,19.0],[72.9,19.0],[73.0,19.0],[73.1,19.0],[73.1,19.1],[73.2,19.1],[73.3,19.1],[73.4,19.1],[73.5,19.1]]]]}},{"type":"Feature","properties":{"NAME_1":"Maharashtra","NAME_2":"Ratnagiri","NAME_0":"India"},"geometry":{"type":"MultiPolygon","coordinates":[[[[73.3,18.1],[73.3,18.0],[73.4,18.0],[73.4,17.9],[73.5,17.9],[73.5,17.8],[73.5,17.9],[73.5,17.8],[73.5,17.9],[73.6,17.9],[73.6,17.8],[73.6,17.7],[73.7,17.7],[73.7,17.6],[73.8,17.6],[73.8,17.5],[73.7,17.5],[73.7,17.4],[73.7,17.3],[73.7,17.2],[73.7,17.1],[73.8,17.1],[73.8,17.0],[73.8,16.9],[73.7,16.9],[73.8,16.9],[73.8,16.8],[73.7,16.8],[73.8,16.8],[73.8,16.7],[73.9,16.7],[73.9,16.6],[73.9,16.7],[73.8,16.6],[73.8,16.7],[73.8,16.6],[73.7,16.6],[73.6,16.6],[73.6,16.5],[73.5,16.5],[73.4,16.5],[73.3,16.5],[73.4,16.5],[73.4,16.6],[73.3,16.6],[73.4,16.6],[73.3,16.6],[73.4,16.6],[73.3,16.6],[73.4,16.6],[73.3,16.6],[73.4,16.6],[73.3,16.6],[73.3,16.7],[73.3,16.8],[73.3,16.9],[73.3,17.0],[73.3,17.1],[73.3,17.2],[73.2,17.2],[73.2,17.3],[73.2,17.4],[73.2,17.5],[73.1,17.5],[73.1,17.6],[73.2,17.6],[73.1,17.6],[73.1,17.7],[73.1,17.8],[73.1,17.9],[73.0,17.9],[73.0,18.0],[73.1,18.0],[73.2,18.0],[73.2,18.1],[73.3,18.1]]]]}},{"type":"Feature","properties":{"NAME_1":"Maharashtra","NAME_2":"Sangli","NAME_0":"India"},"geometry":{"type":"Polygon","coordinates":[[[74.9,17.6],[75.0,17.6],[75.0,17.5],[74.9,17.5],[75.0,17.5],[75.0,17.4],[75.0,17.3],[74.9,17.3],[74.9,17.2],[74.9,17.1],[75.0,17.1],[75.0,17.2],[75.1,17.2],[75.2,17.2],[75.2,17.3],[75.3,17.3],[75.2,17.2],[75.3,17.2],[75.3,17.1],[75.3,17.2],[75.4,17.2],[75.4,17.3],[75.5,17.2],[75.5,17.3],[75.6,17.3],[75.7,17.3],[75.7,17.2],[75.6,17.2],[75.6,17.1],[75.7,17.1],[75.6,17.0],[75.7,17.0],[75.6,17.0],[75.5,17.0],[75.5,16.9],[75.5,17.0],[75.4,17.0],[75.3,17.0],[75.3,16.9],[75.2,16.9],[75.2,16.8],[75.2,16.9],[75.1,16.9],[75.0,16.9],[74.9,16.9],[75.0,16.9],[74.9,16.9],[74.9,16.8],[74.8,16.8],[74.8,16.7],[74.7,16.7],[74.7,16.8],[74.6,16.8],[74.7,16.8],[74.6,16.8],[74.5,16.8],[74.5,16.9],[74.5,16.8],[74.5,16.9],[74.4,16.8],[74.4,16.9],[74.3,16.9],[74.2,16.9],[74.1,16.9],[74.0,16.9],[74.0,17.0],[74.0,17.1],[73.9,17.1],[73.9,17.2],[73.8,17.2],[73.7,17.2],[73.7,17.3],[73.8,17.3],[73.8,17.2],[73.9,17.2],[73.9,17.1],[74.0,17.1],[74.1,17.1],[74.2,17.1],[74.3,17.1],[74.3,17.2],[74.2,17.2],[74.3,17.2],[74.3,17.3],[74.3,17.4],[74.4,17.4],[74.5,17.4],[74.6,17.4],[74.7,17.4],[74.7,17.5],[74.8,17.5],[74.9,17.5],[74.9,17.6]]]}},{"type":"Feature","properties":{"NAME_1":"Maharashtra","NAME_2":"Satara","NAME_0":"India"},"geometry":{"type":"Polygon","coordinates":[[[73.9,18.2],[74.0,18.2],[74.0,18.1],[74.0,18.2],[74.0,18.1],[74.1,18.1],[74.2,18.1],[74.3,18.1],[74.4,18.1],[74.5,18.1],[74.5,18.0],[74.5,18.1],[74.6,18.1],[74.6,18.0],[74.6,18.1],[74.6,18.0],[74.6,18.1],[74.6,18.0],[74.7,18.1],[74.7,18.0],[74.7,17.9],[74.6,17.9],[74.6,17.8],[74.7,17.8],[74.7,17.9],[74.7,17.8],[74.8,17.8],[74.7,17.8],[74.8,17.8],[74.7,17.8],[74.8,17.8],[74.8,17.7],[74.9,17.7],[74.9,17.6],[74.9,17.5],[74.8,17.5],[74.7,17.5],[74.7,17.4],[74.6,17.4],[74.5,17.4],[74.4,17.4],[74.3,17.4],[74.3,17.3],[74.3,17.2],[74.2,17.2],[74.3,17.2],[74.3,17.1],[74.2,17.1],[74.1,17.1],[74.0,17.1],[73.9,17.1],[73.9,17.2],[73.8,17.2],[73.8,17.3],[73.7,17.3],[73.7,17.4],[73.7,17.5],[73.8,17.5],[73.8,17.6],[73.7,17.6],[73.7,17.7],[73.6,17.7],[73.6,17.8],[73.6,17.9],[73.5,17.9],[73.6,17.9],[73.6,18.0],[73.7,18.0],[73.8,18.0],[73.9,18.0],[73.9,18.1],[73.9,18.2]]]}},{"type":"Feature","properties":{"NAME_1":"Maharashtra","NAME_2":"Sindhudurg","NAME_0":"India"},"geometry":{"type":"MultiPolygon","coordinates":[[[[73.8,16.7],[73.8,16.6],[73.9,16.7],[73.9,16.6],[73.8,16.6],[73.8,16.5],[73.9,16.5],[73.9,16.4],[73.8,16.4],[73.9,16.4],[73.8,16.4],[73.8,16.3],[73.9,16.3],[73.9,16.2],[74.0,16.2],[73.9,16.2],[74.0,16.2],[73.9,16.2],[73.9,16.1],[73.9,16.2],[73.9,16.1],[73.8,16.1],[73.9,16.1],[74.0,16.1],[74.0,16.0],[74.1,16.0],[74.1,15.9],[74.1,15.8],[74.0,15.8],[74.1,15.8],[74.0,15.8],[74.1,15.8],[74.2,15.8],[74.1,15.8],[74.2,15.8],[74.2,15.7],[74.1,15.7],[74.1,15.6],[74.0,15.6],[74.0,15.7],[73.9,15.7],[73.9,15.8],[73.8,15.8],[73.8,15.7],[73.7,15.7],[73.6,15.7],[73.7,15.7],[73.7,15.8],[73.6,15.8],[73.6,15.9],[73.5,15.9],[73.5,16.0],[73.5,16.1],[73.4,16.1],[73.4,16.2],[73.4,16.3],[73.4,16.4],[73.3,16.4],[73.3,16.5],[73.3,16.6],[73.3,16.5],[73.4,16.5],[73.3,16.5],[73.4,16.5],[73.5,16.5],[73.6,16.5],[73.6,16.6],[73.7,16.6],[73.8,16.6],[73.8,16.7]]]]}},{"type":"Feature","properties":{"NAME_1":"Maharashtra","NAME_2":"Solapur","NAME_0":"India"},"geometry":{"type":"Polygon","coordinates":[[[75.2,18.5],[75.3,18.5],[75.3,18.4],[75.4,18.4],[75.4,18.3],[75.4,18.2],[75.5,18.2],[75.5,18.1],[75.6,18.1],[75.5,18.2],[75.6,18.2],[75.6,18.3],[75.7,18.3],[75.7,18.4],[75.8,18.4],[75.9,18.4],[75.9,18.3],[75.9,18.2],[76.0,18.2],[76.0,18.1],[75.9,18.1],[76.0,18.1],[76.0,18.0],[75.9,18.0],[75.8,18.0],[75.8,17.9],[75.9,17.9],[75.8,17.9],[75.9,17.9],[75.9,17.8],[75.9,17.9],[75.9,17.8],[76.0,17.8],[76.0,17.7],[76.0,17.8],[76.1,17.8],[76.1,17.7],[76.2,17.7],[76.1,17.7],[76.2,17.7],[76.3,17.7],[76.4,17.7],[76.4,17.6],[76.3,17.6],[76.3,17.5],[76.4,17.5],[76.3,17.5],[76.4,17.5],[76.3,17.5],[76.3,17.4],[76.4,17.4],[76.4,17.3],[76.3,17.3],[76.3,17.4],[76.2,17.4],[76.3,17.4],[76.2,17.4],[76.2,17.3],[76.1,17.3],[76.1,17.4],[76.1,17.3],[76.1,17.4],[76.0,17.3],[76.0,17.4],[76.0,17.3],[75.9,17.3],[75.9,17.4],[75.8,17.4],[75.7,17.4],[75.7,17.5],[75.6,17.5],[75.6,17.4],[75.6,17.3],[75.5,17.3],[75.5,17.2],[75.4,17.3],[75.4,17.2],[75.3,17.2],[75.3,17.1],[75.3,17.2],[75.2,17.2],[75.3,17.3],[75.2,17.3],[75.2,17.2],[75.1,17.2],[75.0,17.2],[75.0,17.1],[74.9,17.1],[74.9,17.2],[74.9,17.3],[75.0,17.3],[75.0,17.4],[75.0,17.5],[74.9,17.5],[75.0,17.5],[75.0,17.6],[74.9,17.6],[74.9,17.7],[74.8,17.7],[74.8,17.8],[74.7,17.8],[74.8,17.8],[74.7,17.8],[74.8,17.8],[74.7,17.8],[74.7,17.9],[74.7,17.8],[74.6,17.8],[74.6,17.9],[74.7,17.9],[74.7,18.0],[74.8,18.0],[74.9,18.0],[74.8,18.0],[74.9,17.9],[74.9,18.0],[74.9,17.9],[75.0,17.9],[75.1,17.9],[75.1,18.0],[75.1,17.9],[75.0,17.9],[75.0,18.0],[75.1,18.0],[75.1,18.1],[75.2,18.1],[75.1,18.1],[75.1,18.2],[75.0,18.2],[75.0,18.3],[75.0,18.2],[75.0,18.3],[74.9,18.3],[74.9,18.2],[74.8,18.2],[74.8,18.3],[74.9,18.3],[74.8,18.3],[74.9,18.3],[74.9,18.4],[75.0,18.4],[75.1,18.4],[75.1,18.5],[75.2,18.5],[75.2,18.6],[75.2,18.5]]]}},{"type":"Feature","properties":{"NAME_1":"Maharashtra","NAME_2":"Thane","NAME_0":"India"},"geometry":{"type":"MultiPolygon","coordinates":[[[[72.9,20.2],[73.0,20.2],[73.0,20.1],[73.1,20.1],[73.2,20.1],[73.3,20.1],[73.3,20.0],[73.3,20.1],[73.3,20.0],[73.3,20.1],[73.3,20.0],[73.4,20.0],[73.5,20.0],[73.5,19.9],[73.4,19.9],[73.4,19.8],[73.5,19.8],[73.5,19.7],[73.6,19.7],[73.6,19.6],[73.6,19.5],[73.7,19.5],[73.7,19.4],[73.8,19.4],[73.8,19.3],[73.7,19.3],[73.7,19.2],[73.6,19.2],[73.5,19.2],[73.5,19.1],[73.6,19.1],[73.5,19.1],[73.4,19.1],[73.3,19.1],[73.2,19.1],[73.1,19.1],[73.1,19.2],[73.0,19.2],[73.0,19.3],[72.9,19.3],[72.8,19.3],[72.8,19.4],[72.7,19.4],[72.7,19.5],[72.8,19.5],[72.7,19.5],[72.7,19.6],[72.7,19.7],[72.7,19.8],[72.7,19.7],[72.7,19.8],[72.7,19.9],[72.7,20.0],[72.7,19.9],[72.8,19.9],[72.7,19.9],[72.7,20.0],[72.7,20.1],[72.8,20.1],[72.8,20.2],[72.8,20.1],[72.8,20.2],[72.9,20.2]]]]}},{"type":"Feature","properties":{"NAME_1":"Maharashtra","NAME_2":"Wardha","NAME_0":"India"},"geometry":{"type":"Polygon","coordinates":[[[78.1,21.4],[78.1,21.3],[78.2,21.3],[78.3,21.3],[78.4,21.2],[78.5,21.2],[78.5,21.1],[78.6,21.1],[78.6,21.0],[78.7,21.0],[78.7,20.9],[78.8,20.9],[78.9,20.9],[78.9,20.8],[79.0,20.8],[79.0,20.7],[79.1,20.7],[79.2,20.6],[79.2,20.5],[79.1,20.5],[79.1,20.4],[79.1,20.5],[79.0,20.5],[79.0,20.4],[79.0,20.5],[79.0,20.4],[78.9,20.4],[78.8,20.4],[78.9,20.4],[78.8,20.4],[78.8,20.3],[78.7,20.3],[78.7,20.4],[78.6,20.4],[78.5,20.5],[78.4,20.5],[78.3,20.5],[78.3,20.6],[78.2,20.6],[78.3,20.7],[78.3,20.8],[78.3,20.9],[78.2,20.9],[78.1,21.0],[78.1,21.1],[78.1,21.2],[78.1,21.3],[78.1,21.4]]]}},{"type":"Feature","properties":{"NAME_1":"Maharashtra","NAME_2":"Washim","NAME_0":"India"},"geometry":{"type":"Polygon","coordinates":[[[77.6,20.8],[77.6,20.7],[77.7,20.6],[77.6,20.6],[77.6,20.5],[77.7,20.5],[77.6,20.5],[77.6,20.4],[77.6,20.5],[77.6,20.4],[77.6,20.3],[77.7,20.3],[77.7,20.2],[77.6,20.2],[77.7,20.2],[77.7,20.1],[77.6,20.1],[77.6,20.0],[77.6,20.1],[77.5,20.1],[77.4,20.1],[77.4,20.0],[77.3,20.0],[77.3,19.9],[77.2,19.9],[77.2,20.0],[77.1,20.0],[77.1,19.9],[77.1,20.0],[77.0,20.0],[76.9,20.0],[76.9,19.9],[76.9,20.0],[76.8,20.0],[76.8,19.9],[76.7,19.9],[76.7,19.8],[76.7,19.9],[76.6,19.9],[76.7,19.9],[76.6,19.9],[76.6,20.0],[76.7,20.0],[76.6,20.0],[76.7,20.0],[76.6,20.1],[76.7,20.1],[76.8,20.1],[76.8,20.2],[76.7,20.2],[76.8,20.2],[76.8,20.3],[76.9,20.3],[76.9,20.4],[77.0,20.4],[77.0,20.5],[77.1,20.4],[77.2,20.4],[77.2,20.5],[77.2,20.4],[77.3,20.4],[77.3,20.5],[77.4,20.5],[77.3,20.5],[77.3,20.6],[77.4,20.6],[77.5,20.6],[77.4,20.6],[77.4,20.7],[77.5,20.7],[77.6,20.7],[77.6,20.8],[77.6,20.7],[77.6,20.8]]]}},{"type":"Feature","properties":{"NAME_1":"Maharashtra","NAME_2":"Yavatmal","NAME_0":"India"},"geometry":{"type":"Polygon","coordinates":[[[78.3,20.7],[78.2,20.6],[78.3,20.6],[78.3,20.5],[78.4,20.5],[78.5,20.5],[78.6,20.4],[78.7,20.4],[78.7,20.3],[78.8,20.3],[78.8,20.2],[78.8,20.3],[78.9,20.3],[78.9,20.2],[78.9,20.3],[78.9,20.2],[79.0,20.2],[78.9,20.2],[79.0,20.2],[79.0,20.1],[79.1,20.1],[79.1,20.0],[79.1,19.9],[79.1,19.8],[79.0,19.8],[78.9,19.8],[78.9,19.7],[78.9,19.8],[78.8,19.8],[78.7,19.8],[78.6,19.8],[78.5,19.8],[78.4,19.8],[78.4,19.9],[78.3,19.9],[78.2,19.9],[78.3,19.9],[78.2,19.9],[78.1,19.9],[78.0,19.9],[77.9,19.9],[77.9,19.8],[77.8,19.8],[77.9,19.8],[77.9,19.7],[78.0,19.7],[78.1,19.7],[78.1,19.6],[78.1,19.7],[78.2,19.7],[78.2,19.6],[78.1,19.6],[78.1,19.5],[78.0,19.5],[77.9,19.5],[77.8,19.5],[77.8,19.4],[77.8,19.5],[77.8,19.4],[77.7,19.4],[77.7,19.5],[77.8,19.5],[77.7,19.5],[77.6,19.5],[77.6,19.6],[77.6,19.7],[77.5,19.7],[77.4,19.7],[77.4,19.8],[77.3,19.8],[77.4,19.8],[77.4,19.9],[77.3,19.9],[77.3,20.0],[77.4,20.0],[77.4,20.1],[77.5,20.1],[77.6,20.1],[77.6,20.0],[77.6,20.1],[77.7,20.1],[77.7,20.2],[77.6,20.2],[77.7,20.2],[77.7,20.3],[77.6,20.3],[77.6,20.4],[77.6,20.5],[77.6,20.4],[77.6,20.5],[77.7,20.5],[77.6,20.5],[77.6,20.6],[77.7,20.6],[77.7,20.5],[77.8,20.5],[77.8,20.6],[77.9,20.6],[78.0,20.6],[78.0,20.7],[78.1,20.7],[78.1,20.6],[78.1,20.7],[78.2,20.7],[78.3,20.7]]]}},{"type":"Feature","properties":{"NAME_1":"Manipur","NAME_2":"Bishnupur","NAME_0":"India"},"geometry":{"type":"Polygon","coordinates":[[[93.8,24.7],[93.9,24.7],[93.8,24.7],[93.8,24.6],[93.9,24.6],[93.9,24.5],[93.9,24.4],[93.8,24.4],[93.9,24.4],[93.8,24.4],[93.9,24.4],[93.9,24.3],[93.8,24.4],[93.7,24.4],[93.7,24.5],[93.7,24.6],[93.8,24.7]]]}},{"type":"Feature","properties":{"NAME_1":"Manipur","NAME_2":"Chandel","NAME_0":"India"},"geometry":{"type":"Polygon","coordinates":[[[94.2,24.6],[94.3,24.6],[94.4,24.6],[94.4,24.5],[94.4,24.4],[94.4,24.3],[94.3,24.3],[94.3,24.2],[94.3,24.1],[94.2,24.1],[94.2,24.0],[94.2,23.9],[94.1,23.9],[94.1,23.8],[94.1,23.9],[94.0,23.9],[94.0,24.0],[93.9,24.0],[93.9,23.9],[93.8,23.9],[93.8,24.0],[93.7,24.0],[93.8,24.0],[93.8,24.1],[93.8,24.2],[93.9,24.2],[93.9,24.3],[93.9,24.2],[93.9,24.3],[93.9,24.4],[94.0,24.4],[94.0,24.5],[94.0,24.4],[94.0,24.5],[94.1,24.5],[94.0,24.5],[94.1,24.5],[94.1,24.6],[94.2,24.6]]]}},{"type":"Feature","properties":{"NAME_1":"Manipur","NAME_2":"Churachandpur","NAME_0":"India"},"geometry":{"type":"Polygon","coordinates":[[[93.2,24.7],[93.2,24.6],[93.2,24.5],[93.3,24.5],[93.3,24.6],[93.4,24.6],[93.4,24.5],[93.5,24.5],[93.5,24.6],[93.6,24.6],[93.7,24.6],[93.7,24.5],[93.7,24.4],[93.8,24.4],[93.9,24.3],[93.9,24.2],[93.8,24.2],[93.8,24.1],[93.8,24.0],[93.7,24.0],[93.6,24.0],[93.5,24.0],[93.5,23.9],[93.5,24.0],[93.4,24.0],[93.4,24.1],[93.3,24.1],[93.4,24.1],[93.3,24.1],[93.3,24.0],[93.3,24.1],[93.2,24.1],[93.1,24.1],[93.1,24.0],[93.1,24.1],[93.0,24.1],[93.0,24.2],[93.0,24.3],[93.0,24.4],[93.0,24.5],[93.1,24.5],[93.0,24.5],[93.1,24.5],[93.1,24.6],[93.1,24.5],[93.1,24.6],[93.2,24.6],[93.1,24.6],[93.1,24.7],[93.2,24.7]]]}},{"type":"Feature","properties":{"NAME_1":"Manipur","NAME_2":"East Imphal","NAME_0":"India"},"geometry":{"type":"MultiPolygon","coordinates":[[[[93.2,24.9],[93.2,24.8],[93.2,24.7],[93.1,24.7],[93.2,24.7],[93.1,24.7],[93.1,24.6],[93.2,24.6],[93.1,24.6],[93.1,24.7],[93.1,24.8],[93.2,24.8],[93.2,24.9]]],[[[94.0,25.0],[94.1,25.0],[94.0,25.0],[94.1,25.0],[94.0,25.0],[94.1,25.0],[94.0,25.0],[94.1,25.0],[94.1,24.9],[94.1,24.8],[94.1,24.7],[94.0,24.7],[93.9,24.7],[93.9,24.8],[93.9,24.9],[94.0,24.9],[93.9,24.9],[94.0,24.9],[93.9,24.9],[94.0,24.9],[94.0,25.0],[94.0,24.9],[94.0,25.0],[94.0,25.1],[94.0,25.0]]]]}},{"type":"Feature","properties":{"NAME_1":"Manipur","NAME_2":"Senapati","NAME_0":"India"},"geometry":{"type":"Polygon","coordinates":[[[94.5,25.5],[94.4,25.5],[94.4,25.4],[94.4,25.3],[94.3,25.3],[94.3,25.2],[94.2,25.2],[94.2,25.1],[94.1,25.1],[94.2,25.0],[94.2,24.9],[94.1,24.9],[94.2,24.9],[94.1,24.9],[94.2,24.9],[94.2,24.8],[94.1,24.8],[94.2,24.8],[94.2,24.7],[94.2,24.6],[94.1,24.6],[94.1,24.7],[94.1,24.8],[94.1,24.9],[94.1,25.0],[94.0,25.0],[94.1,25.0],[94.0,25.0],[94.1,25.0],[94.0,25.0],[94.1,25.0],[94.0,25.0],[94.0,25.1],[94.0,25.0],[94.0,24.9],[94.0,25.0],[94.0,24.9],[93.9,24.9],[94.0,24.9],[93.9,24.9],[94.0,24.9],[93.9,24.9],[93.9,25.0],[93.9,24.9],[93.9,25.0],[94.0,25.0],[94.0,25.1],[93.9,25.1],[93.9,25.0],[93.8,25.0],[93.8,24.9],[93.8,24.8],[93.8,24.7],[93.7,24.6],[93.7,24.7],[93.7,24.8],[93.7,24.9],[93.8,25.0],[93.8,25.1],[93.8,25.2],[93.9,25.2],[93.9,25.3],[94.0,25.3],[93.9,25.3],[93.9,25.4],[93.8,25.4],[93.8,25.5],[93.8,25.6],[93.9,25.6],[94.0,25.6],[94.1,25.6],[94.1,25.5],[94.2,25.5],[94.2,25.6],[94.2,25.5],[94.2,25.6],[94.2,25.5],[94.3,25.5],[94.4,25.5],[94.4,25.6],[94.5,25.6],[94.5,25.5]]]}},{"type":"Feature","properties":{"NAME_1":"Manipur","NAME_2":"Tamenglong","NAME_0":"India"},"geometry":{"type":"Polygon","coordinates":[[[93.8,25.5],[93.8,25.4],[93.9,25.4],[93.9,25.3],[94.0,25.3],[93.9,25.3],[93.9,25.2],[93.8,25.2],[93.8,25.1],[93.8,25.0],[93.7,24.9],[93.7,24.8],[93.7,24.7],[93.7,24.6],[93.6,24.6],[93.5,24.6],[93.5,24.5],[93.4,24.5],[93.4,24.6],[93.3,24.6],[93.3,24.5],[93.2,24.5],[93.2,24.6],[93.2,24.7],[93.1,24.7],[93.2,24.7],[93.2,24.8],[93.2,24.9],[93.3,24.9],[93.2,24.9],[93.3,24.9],[93.3,25.0],[93.2,25.0],[93.3,25.0],[93.2,25.0],[93.3,25.0],[93.2,25.0],[93.3,25.0],[93.3,25.1],[93.3,25.0],[93.3,25.1],[93.3,25.0],[93.3,25.1],[93.4,25.1],[93.3,25.2],[93.4,25.2],[93.4,25.3],[93.5,25.3],[93.5,25.2],[93.6,25.3],[93.6,25.2],[93.6,25.3],[93.7,25.3],[93.7,25.4],[93.8,25.4],[93.8,25.5]]]}},{"type":"Feature","properties":{"NAME_1":"Manipur","NAME_2":"Thoubal","NAME_0":"India"},"geometry":{"type":"Polygon","coordinates":[[[94.0,24.7],[94.1,24.7],[94.1,24.6],[94.2,24.6],[94.1,24.6],[94.1,24.5],[94.0,24.5],[94.1,24.5],[94.0,24.5],[94.0,24.4],[94.0,24.5],[94.0,24.4],[93.9,24.4],[93.9,24.3],[93.9,24.2],[93.9,24.3],[93.9,24.4],[93.8,24.4],[93.9,24.4],[93.8,24.4],[93.9,24.4],[93.9,24.5],[93.9,24.6],[93.9,24.7],[94.0,24.7]]]}},{"type":"Feature","properties":{"NAME_1":"Manipur","NAME_2":"Ukhrul","NAME_0":"India"},"geometry":{"type":"Polygon","coordinates":[[[94.6,25.6],[94.6,25.5],[94.7,25.5],[94.7,25.4],[94.6,25.4],[94.6,25.3],[94.6,25.2],[94.7,25.2],[94.7,25.1],[94.8,25.1],[94.7,25.1],[94.7,25.0],[94.7,24.9],[94.6,24.9],[94.6,24.8],[94.6,24.7],[94.5,24.7],[94.6,24.7],[94.5,24.7],[94.5,24.6],[94.5,24.5],[94.4,24.5],[94.4,24.6],[94.3,24.6],[94.2,24.6],[94.2,24.7],[94.2,24.8],[94.1,24.8],[94.2,24.8],[94.2,24.9],[94.1,24.9],[94.2,24.9],[94.1,24.9],[94.2,24.9],[94.2,25.0],[94.1,25.1],[94.2,25.1],[94.2,25.2],[94.3,25.2],[94.3,25.3],[94.4,25.3],[94.4,25.4],[94.4,25.5],[94.5,25.5],[94.5,25.6],[94.5,25.7],[94.6,25.7],[94.6,25.6]]]}},{"type":"Feature","properties":{"NAME_1":"Manipur","NAME_2":"West Imphal","NAME_0":"India"},"geometry":{"type":"Polygon","coordinates":[[[93.9,25.0],[93.9,24.9],[93.9,25.0],[93.9,24.9],[93.9,24.8],[93.9,24.7],[93.9,24.6],[93.8,24.6],[93.8,24.7],[93.9,24.7],[93.8,24.7],[93.8,24.8],[93.8,24.9],[93.8,25.0],[93.9,25.0],[93.9,25.1],[94.0,25.1],[94.0,25.0],[93.9,25.0]]]}},{"type":"Feature","properties":{"NAME_1":"Meghalaya","NAME_2":"East Garo Hills","NAME_0":"India"},"geometry":{"type":"Polygon","coordinates":[[[90.1,26.0],[90.2,26.0],[90.2,25.9],[90.2,26.0],[90.3,26.0],[90.4,26.0],[90.5,26.0],[90.5,25.9],[90.6,25.9],[90.6,26.0],[90.6,25.9],[90.7,25.9],[90.7,26.0],[90.7,25.9],[90.7,26.0],[90.7,25.9],[90.8,25.9],[90.7,25.9],[90.8,25.9],[90.8,26.0],[90.8,25.9],[90.9,25.9],[90.9,26.0],[90.9,25.9],[91.0,25.9],[91.0,25.8],[90.9,25.8],[91.0,25.8],[91.0,25.7],[91.0,25.8],[91.0,25.7],[90.9,25.7],[90.9,25.6],[90.8,25.6],[90.7,25.5],[90.7,25.4],[90.6,25.4],[90.5,25.4],[90.5,25.5],[90.4,25.5],[90.3,25.5],[90.4,25.6],[90.4,25.7],[90.4,25.8],[90.3,25.8],[90.4,25.8],[90.4,25.9],[90.4,26.0],[90.4,25.9],[90.3,25.9],[90.2,25.9],[90.1,25.9],[90.1,26.0]]]}},{"type":"Feature","properties":{"NAME_1":"Meghalaya","NAME_2":"East Khasi Hills","NAME_0":"India"},"geometry":{"type":"Polygon","coordinates":[[[91.8,25.7],[91.9,25.6],[91.9,25.7],[92.0,25.7],[92.0,25.6],[92.1,25.6],[92.1,25.7],[92.2,25.7],[92.2,25.6],[92.2,25.7],[92.1,25.6],[92.1,25.5],[92.1,25.4],[92.1,25.3],[92.0,25.3],[92.0,25.2],[91.9,25.2],[91.8,25.2],[91.7,25.2],[91.7,25.1],[91.6,25.1],[91.6,25.2],[91.6,25.1],[91.5,25.1],[91.5,25.2],[91.5,25.1],[91.4,25.1],[91.4,25.2],[91.4,25.3],[91.5,25.3],[91.6,25.3],[91.5,25.3],[91.6,25.3],[91.5,25.3],[91.5,25.4],[91.6,25.4],[91.6,25.5],[91.5,25.5],[91.6,25.5],[91.7,25.6],[91.7,25.5],[91.7,25.6],[91.8,25.6],[91.8,25.7]]]}},{"type":"Feature","properties":{"NAME_1":"Meghalaya","NAME_2":"Jaintia Hills","NAME_0":"India"},"geometry":{"type":"Polygon","coordinates":[[[92.2,25.7],[92.3,25.7],[92.4,25.7],[92.4,25.8],[92.4,25.7],[92.5,25.7],[92.5,25.6],[92.6,25.6],[92.7,25.6],[92.6,25.6],[92.6,25.5],[92.6,25.4],[92.7,25.4],[92.8,25.4],[92.8,25.3],[92.8,25.2],[92.7,25.2],[92.6,25.2],[92.6,25.1],[92.5,25.1],[92.5,25.0],[92.5,25.1],[92.5,25.0],[92.4,25.0],[92.4,25.1],[92.3,25.1],[92.4,25.1],[92.3,25.1],[92.2,25.1],[92.1,25.1],[92.1,25.2],[92.0,25.2],[92.0,25.3],[92.1,25.3],[92.1,25.4],[92.1,25.5],[92.1,25.6],[92.2,25.7],[92.2,25.6],[92.2,25.7]]]}},{"type":"Feature","properties":{"NAME_1":"Meghalaya","NAME_2":"Ri-Bhoi","NAME_0":"India"},"geometry":{"type":"Polygon","coordinates":[[[92.3,26.1],[92.3,26.0],[92.2,26.0],[92.2,25.9],[92.2,25.8],[92.2,25.7],[92.1,25.7],[92.2,25.7],[92.1,25.7],[92.1,25.6],[92.0,25.6],[92.0,25.7],[91.9,25.7],[91.9,25.6],[91.8,25.7],[91.8,25.8],[91.7,25.8],[91.6,25.8],[91.5,25.8],[91.4,25.8],[91.3,25.8],[91.4,25.8],[91.4,25.9],[91.4,25.8],[91.4,25.9],[91.4,25.8],[91.5,25.9],[91.5,26.0],[91.6,26.0],[91.6,25.9],[91.7,25.9],[91.7,26.0],[91.7,26.1],[91.8,26.1],[91.9,26.1],[91.9,26.0],[92.0,26.0],[92.1,26.0],[92.1,26.1],[92.2,26.1],[92.3,26.1]]]}},{"type":"Feature","properties":{"NAME_1":"Meghalaya","NAME_2":"South Garo Hills","NAME_0":"India"},"geometry":{"type":"Polygon","coordinates":[[[90.3,25.5],[90.4,25.5],[90.5,25.5],[90.5,25.4],[90.6,25.4],[90.7,25.4],[90.7,25.5],[90.8,25.6],[90.8,25.5],[90.8,25.4],[90.7,25.4],[90.8,25.4],[90.8,25.3],[90.9,25.3],[91.0,25.3],[91.0,25.2],[90.9,25.2],[90.8,25.2],[90.7,25.2],[90.6,25.2],[90.5,25.2],[90.5,25.1],[90.4,25.1],[90.4,25.2],[90.3,25.2],[90.3,25.3],[90.3,25.4],[90.3,25.5]]]}},{"type":"Feature","properties":{"NAME_1":"Meghalaya","NAME_2":"West Garo Hills","NAME_0":"India"},"geometry":{"type":"Polygon","coordinates":[[[89.9,25.5],[89.9,25.6],[90.0,25.6],[89.9,25.7],[89.9,25.8],[90.0,25.8],[89.9,25.8],[90.0,25.8],[90.0,25.9],[90.1,25.9],[90.1,26.0],[90.1,25.9],[90.2,25.9],[90.3,25.9],[90.4,25.9],[90.4,26.0],[90.4,25.9],[90.4,25.8],[90.3,25.8],[90.4,25.8],[90.4,25.7],[90.4,25.6],[90.3,25.5],[90.3,25.4],[90.3,25.3],[90.3,25.2],[90.2,25.2],[90.1,25.2],[90.1,25.3],[90.0,25.3],[89.9,25.3],[89.8,25.3],[89.8,25.4],[89.8,25.5],[89.9,25.5]]]}},{"type":"Feature","properties":{"NAME_1":"Meghalaya","NAME_2":"West Khasi Hills","NAME_0":"India"},"geometry":{"type":"Polygon","coordinates":[[[91.3,25.8],[91.4,25.8],[91.5,25.8],[91.6,25.8],[91.7,25.8],[91.8,25.8],[91.8,25.7],[91.8,25.6],[91.7,25.6],[91.7,25.5],[91.7,25.6],[91.6,25.5],[91.5,25.5],[91.6,25.5],[91.6,25.4],[91.5,25.4],[91.5,25.3],[91.6,25.3],[91.5,25.3],[91.6,25.3],[91.5,25.3],[91.4,25.3],[91.4,25.2],[91.3,25.2],[91.2,25.2],[91.1,25.2],[91.0,25.2],[91.0,25.3],[90.9,25.3],[90.8,25.3],[90.8,25.4],[90.7,25.4],[90.8,25.4],[90.8,25.5],[90.8,25.6],[90.9,25.6],[90.9,25.7],[91.0,25.7],[91.0,25.8],[91.0,25.7],[91.0,25.8],[90.9,25.8],[91.0,25.8],[91.1,25.8],[91.1,25.9],[91.1,25.8],[91.0,25.8],[91.1,25.8],[91.2,25.9],[91.2,25.8],[91.2,25.9],[91.2,25.8],[91.2,25.7],[91.3,25.7],[91.3,25.8]]]}},{"type":"Feature","properties":{"NAME_1":"Mizoram","NAME_2":"Aizawl","NAME_0":"India"},"geometry":{"type":"Polygon","coordinates":[[[93.0,24.4],[93.0,24.3],[93.0,24.2],[93.0,24.1],[93.1,24.1],[93.1,24.0],[93.1,24.1],[93.2,24.1],[93.2,24.0],[93.2,23.9],[93.1,23.9],[93.1,23.8],[93.0,23.8],[93.0,23.7],[93.0,23.6],[93.0,23.5],[92.9,23.5],[92.8,23.5],[92.8,23.6],[92.8,23.5],[92.8,23.4],[92.8,23.3],[92.7,23.3],[92.7,23.4],[92.7,23.3],[92.7,23.4],[92.7,23.5],[92.6,23.5],[92.6,23.6],[92.7,23.6],[92.6,23.6],[92.6,23.7],[92.7,23.7],[92.6,23.7],[92.6,23.8],[92.7,23.8],[92.6,23.8],[92.7,23.8],[92.7,23.9],[92.6,23.9],[92.7,23.9],[92.6,23.9],[92.6,24.0],[92.7,24.0],[92.8,24.0],[92.9,24.0],[92.8,24.0],[92.9,24.1],[92.8,24.1],[92.9,24.1],[92.8,24.1],[92.9,24.1],[92.9,24.2],[92.9,24.3],[92.9,24.4],[93.0,24.4]]]}},{"type":"Feature","properties":{"NAME_1":"Mizoram","NAME_2":"Champhai","NAME_0":"India"},"geometry":{"type":"Polygon","coordinates":[[[93.3,24.1],[93.3,24.0],[93.4,24.0],[93.4,23.9],[93.4,23.8],[93.4,23.7],[93.4,23.6],[93.4,23.5],[93.4,23.4],[93.4,23.3],[93.4,23.2],[93.4,23.1],[93.3,23.1],[93.3,23.0],[93.2,23.0],[93.2,23.1],[93.2,23.2],[93.1,23.2],[93.1,23.3],[93.1,23.2],[93.0,23.2],[93.0,23.3],[93.0,23.4],[93.1,23.4],[93.0,23.4],[93.0,23.5],[93.0,23.6],[93.0,23.7],[93.0,23.8],[93.1,23.8],[93.1,23.9],[93.2,23.9],[93.2,24.0],[93.2,24.1],[93.3,24.1],[93.3,24.0],[93.3,24.1]]]}},{"type":"Feature","properties":{"NAME_1":"Mizoram","NAME_2":"Kolasib","NAME_0":"India"},"geometry":{"type":"Polygon","coordinates":[[[92.9,24.4],[92.9,24.3],[92.9,24.2],[92.9,24.1],[92.8,24.1],[92.9,24.1],[92.8,24.1],[92.9,24.1],[92.8,24.0],[92.9,24.0],[92.8,24.0],[92.7,24.0],[92.6,24.0],[92.6,24.1],[92.6,24.0],[92.6,24.1],[92.5,24.0],[92.6,24.0],[92.5,24.0],[92.5,24.1],[92.5,24.2],[92.6,24.2],[92.6,24.3],[92.6,24.2],[92.6,24.3],[92.7,24.3],[92.7,24.4],[92.7,24.5],[92.8,24.5],[92.8,24.4],[92.9,24.4]]]}},{"type":"Feature","properties":{"NAME_1":"Mizoram","NAME_2":"Lawngtlai","NAME_0":"India"},"geometry":{"type":"Polygon","coordinates":[[[92.5,22.8],[92.6,22.8],[92.6,22.7],[92.6,22.8],[92.6,22.7],[92.6,22.6],[92.7,22.6],[92.6,22.6],[92.7,22.6],[92.7,22.5],[92.8,22.5],[92.8,22.6],[92.9,22.6],[92.9,22.5],[92.9,22.6],[92.9,22.5],[92.9,22.4],[93.0,22.4],[92.9,22.4],[92.9,22.3],[92.8,22.3],[92.8,22.2],[92.8,22.1],[92.9,22.1],[92.8,22.1],[92.9,22.1],[92.8,22.1],[92.9,22.1],[92.8,22.1],[92.7,22.1],[92.7,22.2],[92.7,22.1],[92.7,22.0],[92.6,22.0],[92.6,22.1],[92.6,22.2],[92.6,22.3],[92.6,22.4],[92.6,22.5],[92.5,22.5],[92.6,22.5],[92.5,22.5],[92.5,22.6],[92.5,22.7],[92.5,22.8]]]}},{"type":"Feature","properties":{"NAME_1":"Mizoram","NAME_2":"Lunglei","NAME_0":"India"},"geometry":{"type":"MultiPolygon","coordinates":[[[[92.6,23.4],[92.7,23.4],[92.7,23.3],[92.7,23.2],[92.8,23.2],[92.9,23.2],[93.0,23.2],[93.0,23.1],[93.0,23.0],[93.1,23.0],[93.2,22.9],[93.1,22.9],[93.1,22.8],[93.0,22.8],[92.9,22.8],[92.9,22.7],[92.9,22.6],[93.0,22.6],[92.9,22.6],[92.9,22.5],[92.9,22.6],[92.8,22.6],[92.8,22.5],[92.7,22.5],[92.7,22.6],[92.6,22.6],[92.7,22.6],[92.6,22.6],[92.6,22.7],[92.6,22.8],[92.6,22.7],[92.6,22.8],[92.5,22.8],[92.5,22.7],[92.5,22.8],[92.5,22.9],[92.4,22.9],[92.4,23.0],[92.4,23.1],[92.4,23.2],[92.4,23.3],[92.5,23.3],[92.5,23.4],[92.6,23.4]]]]}},{"type":"Feature","properties":{"NAME_1":"Mizoram","NAME_2":"Mamit","NAME_0":"India"},"geometry":{"type":"MultiPolygon","coordinates":[[[[92.4,24.3],[92.4,24.2],[92.5,24.1],[92.5,24.2],[92.5,24.1],[92.5,24.0],[92.6,24.0],[92.5,24.0],[92.6,24.1],[92.6,24.0],[92.6,24.1],[92.6,24.0],[92.6,23.9],[92.7,23.9],[92.6,23.9],[92.7,23.9],[92.7,23.8],[92.6,23.8],[92.7,23.8],[92.6,23.8],[92.6,23.7],[92.7,23.7],[92.6,23.7],[92.6,23.6],[92.7,23.6],[92.6,23.6],[92.6,23.5],[92.7,23.5],[92.7,23.4],[92.6,23.4],[92.5,23.4],[92.5,23.3],[92.4,23.3],[92.4,23.4],[92.3,23.4],[92.3,23.5],[92.3,23.6],[92.3,23.7],[92.3,23.8],[92.3,23.9],[92.3,24.0],[92.3,24.1],[92.3,24.2],[92.3,24.3],[92.4,24.3]]]]}},{"type":"Feature","properties":{"NAME_1":"Mizoram","NAME_2":"Saiha","NAME_0":"India"},"geometry":{"type":"Polygon","coordinates":[[[93.1,22.8],[93.1,22.7],[93.1,22.6],[93.1,22.5],[93.2,22.5],[93.2,22.4],[93.2,22.3],[93.2,22.2],[93.1,22.2],[93.2,22.2],[93.1,22.2],[93.0,22.2],[93.1,22.2],[93.0,22.1],[93.1,22.1],[93.0,22.1],[93.0,22.0],[92.9,22.0],[92.9,21.9],[92.9,22.0],[92.9,22.1],[92.8,22.1],[92.9,22.1],[92.8,22.1],[92.9,22.1],[92.8,22.1],[92.8,22.2],[92.8,22.3],[92.9,22.3],[92.9,22.4],[93.0,22.4],[92.9,22.4],[92.9,22.5],[92.9,22.6],[93.0,22.6],[92.9,22.6],[92.9,22.7],[92.9,22.8],[93.0,22.8],[93.1,22.8]]]}},{"type":"Feature","properties":{"NAME_1":"Mizoram","NAME_2":"Serchhip","NAME_0":"India"},"geometry":{"type":"Polygon","coordinates":[[[93.0,23.5],[93.0,23.4],[93.1,23.4],[93.0,23.4],[93.0,23.3],[93.0,23.2],[93.1,23.2],[93.1,23.3],[93.1,23.2],[93.2,23.2],[93.2,23.1],[93.2,23.0],[93.2,23.1],[93.1,23.1],[93.1,23.0],[93.0,23.0],[93.0,23.1],[93.0,23.2],[92.9,23.2],[92.8,23.2],[92.7,23.2],[92.7,23.3],[92.7,23.4],[92.7,23.3],[92.8,23.3],[92.8,23.4],[92.8,23.5],[92.8,23.6],[92.8,23.5],[92.9,23.5],[93.0,23.5]]]}},{"type":"Feature","properties":{"NAME_1":"Nagaland","NAME_2":"Dimapur","NAME_0":"India"},"geometry":{"type":"Polygon","coordinates":[[[94.0,25.9],[94.0,25.8],[94.0,25.7],[93.9,25.7],[93.9,25.6],[93.8,25.6],[93.8,25.7],[93.7,25.7],[93.6,25.7],[93.5,25.7],[93.6,25.7],[93.6,25.8],[93.7,25.8],[93.7,25.9],[93.7,25.8],[93.7,25.9],[93.8,25.9],[93.7,25.9],[93.8,25.9],[93.8,26.0],[93.8,25.9],[93.8,25.8],[93.8,25.9],[93.9,25.9],[93.9,25.8],[93.9,25.9],[94.0,25.9]]]}},{"type":"Feature","properties":{"NAME_1":"Nagaland","NAME_2":"Kohima","NAME_0":"India"},"geometry":{"type":"Polygon","coordinates":[[[94.3,26.0],[94.3,25.9],[94.2,25.9],[94.2,25.8],[94.3,25.8],[94.3,25.7],[94.2,25.7],[94.2,25.6],[94.2,25.5],[94.2,25.6],[94.2,25.5],[94.1,25.5],[94.1,25.6],[94.0,25.6],[93.9,25.6],[93.8,25.6],[93.8,25.5],[93.8,25.4],[93.7,25.4],[93.7,25.3],[93.6,25.3],[93.6,25.2],[93.6,25.3],[93.5,25.2],[93.5,25.3],[93.5,25.4],[93.4,25.5],[93.3,25.5],[93.3,25.6],[93.4,25.6],[93.5,25.6],[93.5,25.7],[93.6,25.7],[93.7,25.7],[93.8,25.7],[93.8,25.6],[93.9,25.6],[93.9,25.7],[94.0,25.7],[94.0,25.8],[94.0,25.9],[94.1,25.9],[94.1,26.0],[94.2,26.0],[94.3,26.0]]]}},{"type":"Feature","properties":{"NAME_1":"Nagaland","NAME_2":"Mokokchung","NAME_0":"India"},"geometry":{"type":"Polygon","coordinates":[[[94.7,26.8],[94.8,26.7],[94.7,26.7],[94.8,26.7],[94.7,26.7],[94.7,26.6],[94.7,26.5],[94.7,26.4],[94.7,26.3],[94.6,26.3],[94.6,26.2],[94.5,26.2],[94.5,26.3],[94.5,26.2],[94.4,26.2],[94.3,26.2],[94.3,26.3],[94.4,26.3],[94.4,26.4],[94.3,26.4],[94.3,26.5],[94.4,26.5],[94.4,26.6],[94.5,26.6],[94.5,26.7],[94.6,26.7],[94.7,26.7],[94.7,26.8]]]}},{"type":"Feature","properties":{"NAME_1":"Nagaland","NAME_2":"Mon","NAME_0":"India"},"geometry":{"type":"Polygon","coordinates":[[[95.2,27.0],[95.2,26.9],[95.2,26.8],[95.2,26.9],[95.2,26.8],[95.2,26.9],[95.2,26.8],[95.2,26.7],[95.2,26.6],[95.1,26.6],[95.1,26.5],[95.1,26.4],[95.1,26.3],[95.0,26.3],[94.9,26.3],[94.9,26.4],[94.9,26.5],[94.9,26.6],[94.8,26.6],[94.8,26.7],[94.8,26.8],[94.8,26.9],[94.9,26.9],[94.9,27.0],[94.9,26.9],[95.0,26.9],[95.1,26.9],[95.1,27.0],[95.2,27.0]]]}},{"type":"Feature","properties":{"NAME_1":"Nagaland","NAME_2":"Phek","NAME_0":"India"},"geometry":{"type":"Polygon","coordinates":[[[94.7,25.8],[94.7,25.7],[94.7,25.8],[94.8,25.8],[94.9,25.7],[94.9,25.6],[94.8,25.6],[94.8,25.5],[94.7,25.5],[94.6,25.5],[94.6,25.6],[94.6,25.7],[94.5,25.7],[94.5,25.6],[94.4,25.6],[94.4,25.5],[94.3,25.5],[94.2,25.5],[94.2,25.6],[94.2,25.7],[94.3,25.7],[94.3,25.8],[94.4,25.8],[94.5,25.8],[94.6,25.8],[94.7,25.8]]]}},{"type":"Feature","properties":{"NAME_1":"Nagaland","NAME_2":"Tuensang","NAME_0":"India"},"geometry":{"type":"Polygon","coordinates":[[[94.8,26.8],[94.8,26.7],[94.8,26.6],[94.9,26.6],[94.9,26.5],[94.9,26.4],[94.9,26.3],[95.0,26.3],[95.1,26.3],[95.1,26.2],[95.1,26.1],[95.2,26.1],[95.2,26.0],[95.1,26.0],[95.1,25.9],[95.0,25.9],[95.0,25.8],[95.1,25.8],[95.0,25.8],[95.1,25.8],[95.0,25.8],[95.0,25.7],[94.9,25.7],[94.9,25.6],[94.9,25.7],[94.8,25.8],[94.7,25.8],[94.7,25.7],[94.7,25.8],[94.6,25.8],[94.6,25.9],[94.6,26.0],[94.7,26.0],[94.7,26.1],[94.7,26.2],[94.6,26.2],[94.6,26.3],[94.7,26.3],[94.7,26.4],[94.7,26.5],[94.7,26.6],[94.7,26.7],[94.8,26.7],[94.7,26.7],[94.8,26.7],[94.7,26.8],[94.8,26.8]]]}},{"type":"Feature","properties":{"NAME_1":"Nagaland","NAME_2":"Wokha","NAME_0":"India"},"geometry":{"type":"Polygon","coordinates":[[[94.3,26.5],[94.3,26.4],[94.4,26.4],[94.4,26.3],[94.3,26.3],[94.3,26.2],[94.4,26.2],[94.3,26.2],[94.4,26.2],[94.3,26.2],[94.4,26.2],[94.4,26.1],[94.4,26.0],[94.3,26.0],[94.2,26.0],[94.1,26.0],[94.1,25.9],[94.0,25.9],[94.0,26.0],[94.0,26.1],[94.0,26.2],[94.0,26.3],[94.1,26.3],[94.2,26.3],[94.2,26.4],[94.2,26.5],[94.3,26.5],[94.3,26.6],[94.3,26.5]]]}},{"type":"Feature","properties":{"NAME_1":"Nagaland","NAME_2":"Zunheboto","NAME_0":"India"},"geometry":{"type":"Polygon","coordinates":[[[94.6,26.2],[94.7,26.2],[94.7,26.1],[94.7,26.0],[94.6,26.0],[94.6,25.9],[94.6,25.8],[94.7,25.8],[94.6,25.8],[94.5,25.8],[94.4,25.8],[94.3,25.8],[94.2,25.8],[94.2,25.9],[94.3,25.9],[94.3,26.0],[94.4,26.0],[94.4,26.1],[94.4,26.2],[94.3,26.2],[94.4,26.2],[94.3,26.2],[94.4,26.2],[94.5,26.2],[94.5,26.3],[94.5,26.2],[94.6,26.2]]]}},{"type":"Feature","properties":{"NAME_1":"Orissa","NAME_2":"Angul","NAME_0":"India"},"geometry":{"type":"Polygon","coordinates":[[[85.2,21.7],[85.3,21.7],[85.3,21.6],[85.3,21.5],[85.3,21.4],[85.3,21.5],[85.3,21.4],[85.3,21.3],[85.3,21.2],[85.4,21.2],[85.3,21.2],[85.3,21.1],[85.2,21.1],[85.2,21.0],[85.3,21.0],[85.2,21.0],[85.2,20.9],[85.3,20.9],[85.2,20.9],[85.3,20.9],[85.3,20.8],[85.2,20.8],[85.3,20.8],[85.2,20.8],[85.3,20.8],[85.2,20.8],[85.2,20.7],[85.1,20.7],[85.1,20.6],[85.0,20.6],[84.9,20.6],[84.9,20.5],[84.8,20.5],[84.8,20.6],[84.7,20.6],[84.6,20.6],[84.6,20.7],[84.5,20.7],[84.4,20.7],[84.4,20.8],[84.3,20.8],[84.4,20.8],[84.3,20.8],[84.3,20.9],[84.3,21.0],[84.4,21.0],[84.4,20.9],[84.4,21.0],[84.5,21.1],[84.6,21.1],[84.7,21.1],[84.7,21.2],[84.7,21.1],[84.7,21.2],[84.8,21.1],[84.8,21.2],[84.9,21.2],[84.9,21.1],[84.9,21.2],[84.9,21.1],[85.0,21.1],[85.0,21.2],[84.9,21.2],[84.9,21.3],[85.0,21.3],[85.0,21.4],[85.0,21.5],[85.0,21.4],[85.1,21.4],[85.1,21.5],[85.1,21.4],[85.1,21.5],[85.2,21.5],[85.2,21.6],[85.1,21.6],[85.2,21.6],[85.2,21.7]]]}},{"type":"Feature","properties":{"NAME_1":"Orissa","NAME_2":"Baleshwar","NAME_0":"India"},"geometry":{"type":"MultiPolygon","coordinates":[[[[87.2,22.0],[87.2,21.9],[87.3,21.9],[87.2,21.9],[87.2,21.8],[87.3,21.8],[87.4,21.8],[87.4,21.7],[87.5,21.7],[87.4,21.7],[87.5,21.7],[87.5,21.6],[87.4,21.6],[87.4,21.5],[87.4,21.6],[87.3,21.6],[87.2,21.6],[87.2,21.5],[87.1,21.5],[87.0,21.5],[87.1,21.5],[87.0,21.5],[87.0,21.4],[86.9,21.4],[86.9,21.3],[86.9,21.2],[86.8,21.2],[86.7,21.2],[86.7,21.1],[86.6,21.1],[86.6,21.2],[86.5,21.2],[86.5,21.1],[86.5,21.2],[86.4,21.1],[86.4,21.2],[86.4,21.3],[86.4,21.4],[86.5,21.4],[86.5,21.5],[86.6,21.5],[86.6,21.6],[86.7,21.6],[86.8,21.6],[86.9,21.6],[87.0,21.6],[86.9,21.6],[87.0,21.6],[87.0,21.7],[87.1,21.7],[87.1,21.8],[87.2,21.8],[87.1,21.8],[87.1,21.9],[87.2,21.9],[87.2,22.0]]]]}},{"type":"Feature","properties":{"NAME_1":"Orissa","NAME_2":"Baragarh","NAME_0":"India"},"geometry":{"type":"Polygon","coordinates":[[[83.7,21.6],[83.8,21.6],[83.8,21.5],[83.9,21.5],[83.9,21.4],[83.8,21.4],[83.9,21.4],[83.9,21.3],[83.9,21.2],[83.9,21.1],[83.8,21.1],[83.8,21.2],[83.8,21.1],[83.7,21.1],[83.6,21.1],[83.5,21.1],[83.5,21.0],[83.5,21.1],[83.4,21.0],[83.4,21.1],[83.3,21.1],[83.3,21.0],[83.4,21.0],[83.4,20.9],[83.3,20.9],[83.3,20.8],[83.3,20.9],[83.3,20.8],[83.3,20.9],[83.2,20.9],[83.3,20.9],[83.2,20.9],[83.1,20.9],[83.0,20.9],[83.0,20.8],[83.0,20.9],[82.9,20.9],[82.8,20.9],[82.8,20.8],[82.7,20.8],[82.7,20.7],[82.7,20.8],[82.7,20.9],[82.7,21.0],[82.7,21.1],[82.6,21.1],[82.6,21.2],[82.7,21.2],[82.8,21.2],[82.8,21.1],[82.8,21.2],[82.9,21.2],[82.9,21.1],[82.9,21.2],[83.0,21.2],[83.0,21.1],[83.0,21.2],[83.0,21.1],[83.1,21.1],[83.2,21.1],[83.2,21.2],[83.2,21.3],[83.3,21.3],[83.3,21.4],[83.4,21.3],[83.4,21.4],[83.3,21.5],[83.4,21.5],[83.4,21.6],[83.5,21.6],[83.4,21.6],[83.5,21.6],[83.5,21.7],[83.6,21.7],[83.7,21.7],[83.7,21.6]]]}},{"type":"Feature","properties":{"NAME_1":"Orissa","NAME_2":"Bhadrak","NAME_0":"India"},"geometry":{"type":"MultiPolygon","coordinates":[[[[86.4,21.2],[86.4,21.1],[86.5,21.2],[86.5,21.1],[86.5,21.2],[86.6,21.2],[86.6,21.1],[86.7,21.1],[86.7,21.2],[86.8,21.2],[86.8,21.1],[86.9,21.1],[86.9,21.0],[86.9,20.9],[87.0,20.9],[87.0,20.8],[86.9,20.8],[86.8,20.8],[86.8,20.7],[86.8,20.8],[86.7,20.8],[86.6,20.8],[86.6,20.9],[86.5,20.9],[86.5,20.8],[86.5,20.9],[86.5,20.8],[86.4,20.8],[86.4,20.9],[86.4,20.8],[86.3,20.8],[86.3,20.9],[86.3,21.0],[86.3,21.1],[86.3,21.0],[86.3,21.1],[86.3,21.2],[86.4,21.2],[86.3,21.2],[86.4,21.2],[86.3,21.2],[86.4,21.2]]]]}},{"type":"Feature","properties":{"NAME_1":"Orissa","NAME_2":"Bolangir","NAME_0":"India"},"geometry":{"type":"Polygon","coordinates":[[[83.4,21.1],[83.4,21.0],[83.5,21.1],[83.5,21.0],[83.4,21.0],[83.5,21.0],[83.6,21.0],[83.6,20.9],[83.6,20.8],[83.7,20.8],[83.6,20.8],[83.6,20.7],[83.7,20.7],[83.6,20.7],[83.6,20.6],[83.6,20.5],[83.6,20.4],[83.7,20.4],[83.6,20.4],[83.7,20.4],[83.6,20.4],[83.6,20.3],[83.6,20.4],[83.5,20.4],[83.4,20.4],[83.4,20.3],[83.3,20.3],[83.2,20.3],[83.2,20.2],[83.1,20.2],[83.0,20.2],[82.9,20.2],[82.9,20.1],[82.9,20.2],[82.8,20.2],[82.9,20.2],[82.8,20.2],[82.9,20.3],[82.8,20.3],[82.8,20.4],[82.8,20.3],[82.8,20.4],[82.8,20.3],[82.8,20.4],[82.7,20.4],[82.7,20.5],[82.7,20.6],[82.7,20.7],[82.7,20.8],[82.8,20.8],[82.8,20.9],[82.9,20.9],[83.0,20.9],[83.0,20.8],[83.0,20.9],[83.1,20.9],[83.2,20.9],[83.3,20.9],[83.2,20.9],[83.3,20.9],[83.3,20.8],[83.3,20.9],[83.3,20.8],[83.3,20.9],[83.4,20.9],[83.4,21.0],[83.3,21.0],[83.3,21.1],[83.4,21.1]]]}},{"type":"Feature","properties":{"NAME_1":"Orissa","NAME_2":"Boudh","NAME_0":"India"},"geometry":{"type":"Polygon","coordinates":[[[84.7,20.6],[84.8,20.6],[84.8,20.5],[84.7,20.5],[84.7,20.4],[84.6,20.4],[84.5,20.4],[84.4,20.5],[84.4,20.6],[84.4,20.7],[84.3,20.7],[84.3,20.6],[84.2,20.6],[84.1,20.6],[84.0,20.6],[83.9,20.6],[83.8,20.6],[83.8,20.5],[83.8,20.4],[83.7,20.4],[83.6,20.4],[83.7,20.4],[83.6,20.4],[83.6,20.5],[83.7,20.5],[83.7,20.6],[83.7,20.7],[83.8,20.7],[83.8,20.8],[83.9,20.8],[84.0,20.8],[84.1,20.8],[84.1,20.9],[84.2,20.9],[84.3,20.9],[84.3,20.8],[84.4,20.8],[84.3,20.8],[84.4,20.8],[84.4,20.7],[84.5,20.7],[84.6,20.7],[84.6,20.6],[84.7,20.6]]]}},{"type":"Feature","properties":{"NAME_1":"Orissa","NAME_2":"Cuttack","NAME_0":"India"},"geometry":{"type":"Polygon","coordinates":[[[86.0,20.7],[86.0,20.6],[86.1,20.6],[86.2,20.6],[86.2,20.7],[86.2,20.6],[86.3,20.6],[86.3,20.5],[86.2,20.5],[86.3,20.5],[86.3,20.4],[86.2,20.4],[86.1,20.4],[86.1,20.3],[86.1,20.4],[86.0,20.4],[86.0,20.3],[86.1,20.3],[86.1,20.2],[86.2,20.2],[86.1,20.2],[86.1,20.1],[86.2,20.1],[86.2,20.0],[86.1,20.0],[86.1,20.1],[86.0,20.1],[86.0,20.2],[85.9,20.3],[85.9,20.4],[85.9,20.3],[85.9,20.4],[85.9,20.3],[85.8,20.3],[85.8,20.4],[85.7,20.4],[85.7,20.3],[85.6,20.3],[85.5,20.3],[85.4,20.3],[85.5,20.3],[85.4,20.3],[85.4,20.2],[85.4,20.3],[85.3,20.3],[85.4,20.3],[85.3,20.3],[85.4,20.3],[85.4,20.4],[85.3,20.4],[85.2,20.4],[85.1,20.4],[85.0,20.4],[85.0,20.5],[84.9,20.5],[84.8,20.5],[84.9,20.5],[84.9,20.6],[85.0,20.6],[85.1,20.6],[85.2,20.6],[85.2,20.5],[85.3,20.5],[85.4,20.5],[85.5,20.5],[85.6,20.5],[85.7,20.5],[85.7,20.6],[85.8,20.6],[85.7,20.6],[85.8,20.6],[85.8,20.7],[85.9,20.7],[86.0,20.7]]]}},{"type":"Feature","properties":{"NAME_1":"Orissa","NAME_2":"Deogarh","NAME_0":"India"},"geometry":{"type":"Polygon","coordinates":[[[85.1,21.6],[85.2,21.6],[85.2,21.5],[85.1,21.5],[85.1,21.4],[85.1,21.5],[85.1,21.4],[85.0,21.4],[85.0,21.5],[85.0,21.4],[85.0,21.3],[84.9,21.3],[84.9,21.2],[85.0,21.2],[85.0,21.1],[84.9,21.1],[84.9,21.2],[84.9,21.1],[84.9,21.2],[84.8,21.2],[84.8,21.1],[84.7,21.2],[84.8,21.2],[84.8,21.3],[84.7,21.3],[84.6,21.3],[84.6,21.2],[84.6,21.3],[84.5,21.4],[84.5,21.5],[84.5,21.6],[84.6,21.6],[84.5,21.6],[84.5,21.7],[84.6,21.7],[84.7,21.7],[84.7,21.6],[84.8,21.6],[84.8,21.7],[84.9,21.7],[84.9,21.6],[84.9,21.7],[85.0,21.7],[85.0,21.6],[85.1,21.6]]]}},{"type":"Feature","properties":{"NAME_1":"Orissa","NAME_2":"Dhenkanal","NAME_0":"India"},"geometry":{"type":"Polygon","coordinates":[[[85.7,21.2],[85.7,21.1],[85.7,21.0],[85.8,21.0],[85.8,20.9],[85.9,20.9],[85.9,20.8],[86.0,20.8],[86.0,20.7],[85.9,20.7],[85.8,20.7],[85.8,20.6],[85.7,20.6],[85.8,20.6],[85.7,20.6],[85.7,20.5],[85.6,20.5],[85.5,20.5],[85.4,20.5],[85.3,20.5],[85.2,20.5],[85.2,20.6],[85.1,20.6],[85.1,20.7],[85.2,20.7],[85.2,20.8],[85.3,20.8],[85.2,20.8],[85.3,20.8],[85.2,20.8],[85.3,20.8],[85.3,20.9],[85.2,20.9],[85.3,20.9],[85.2,20.9],[85.2,21.0],[85.3,21.0],[85.2,21.0],[85.2,21.1],[85.3,21.1],[85.3,21.2],[85.4,21.2],[85.4,21.1],[85.5,21.1],[85.5,21.2],[85.6,21.2],[85.6,21.1],[85.6,21.2],[85.7,21.2]]]}},{"type":"Feature","properties":{"NAME_1":"Orissa","NAME_2":"Gajapati","NAME_0":"India"},"geometry":{"type":"Polygon","coordinates":[[[84.2,19.6],[84.2,19.5],[84.3,19.5],[84.2,19.5],[84.3,19.5],[84.4,19.5],[84.4,19.4],[84.4,19.3],[84.4,19.2],[84.4,19.1],[84.4,19.0],[84.3,19.0],[84.4,19.0],[84.4,18.9],[84.3,18.9],[84.3,18.8],[84.2,18.8],[84.1,18.8],[84.1,18.7],[84.1,18.8],[84.1,18.7],[84.1,18.8],[84.0,18.8],[83.9,18.8],[83.8,18.8],[83.8,18.9],[83.8,19.0],[83.9,19.0],[84.0,19.0],[84.0,19.1],[84.0,19.0],[84.0,19.1],[84.0,19.2],[84.0,19.3],[84.0,19.4],[83.9,19.4],[84.0,19.4],[84.0,19.5],[83.9,19.5],[83.9,19.6],[84.0,19.6],[84.1,19.6],[84.2,19.6]]]}},{"type":"Feature","properties":{"NAME_1":"Orissa","NAME_2":"Ganjam","NAME_0":"India"},"geometry":{"type":"MultiPolygon","coordinates":[[[[84.7,20.2],[84.8,20.2],[84.8,20.1],[84.8,20.0],[84.9,20.0],[84.9,19.9],[85.0,19.8],[85.1,19.8],[85.1,19.7],[85.2,19.7],[85.2,19.6],[85.1,19.6],[85.2,19.6],[85.1,19.6],[85.1,19.5],[85.2,19.5],[85.1,19.4],[85.0,19.4],[85.0,19.3],[84.9,19.3],[84.9,19.2],[84.8,19.2],[84.8,19.1],[84.7,19.1],[84.8,19.1],[84.7,19.1],[84.7,19.2],[84.7,19.1],[84.7,19.2],[84.7,19.1],[84.6,19.1],[84.7,19.1],[84.6,19.1],[84.6,19.0],[84.6,19.1],[84.6,19.0],[84.6,19.1],[84.6,19.0],[84.5,19.0],[84.4,19.0],[84.3,19.0],[84.4,19.0],[84.4,19.1],[84.4,19.2],[84.4,19.3],[84.4,19.4],[84.4,19.5],[84.3,19.5],[84.2,19.5],[84.3,19.5],[84.2,19.5],[84.2,19.6],[84.2,19.7],[84.1,19.7],[84.2,19.7],[84.1,19.7],[84.1,19.8],[84.2,19.8],[84.2,19.9],[84.3,19.9],[84.4,19.8],[84.5,19.8],[84.5,19.9],[84.4,19.9],[84.4,20.0],[84.4,19.9],[84.4,20.0],[84.4,19.9],[84.4,20.0],[84.4,19.9],[84.4,20.0],[84.3,20.0],[84.4,20.0],[84.4,20.1],[84.4,20.2],[84.5,20.2],[84.4,20.2],[84.5,20.1],[84.6,20.1],[84.6,20.2],[84.7,20.2],[84.7,20.3],[84.7,20.2]]]]}},{"type":"Feature","properties":{"NAME_1":"Orissa","NAME_2":"Jagatsinghpur","NAME_0":"India"},"geometry":{"type":"MultiPolygon","coordinates":[[[[86.1,20.4],[86.1,20.3],[86.1,20.4],[86.2,20.4],[86.3,20.4],[86.3,20.3],[86.3,20.4],[86.3,20.3],[86.3,20.4],[86.3,20.3],[86.4,20.3],[86.4,20.4],[86.4,20.3],[86.4,20.4],[86.4,20.3],[86.5,20.3],[86.6,20.3],[86.7,20.3],[86.6,20.3],[86.6,20.2],[86.5,20.2],[86.5,20.1],[86.5,20.2],[86.5,20.1],[86.5,20.2],[86.5,20.1],[86.5,20.2],[86.6,20.2],[86.5,20.2],[86.5,20.1],[86.4,20.1],[86.4,20.0],[86.3,20.0],[86.4,20.0],[86.3,20.0],[86.3,20.1],[86.3,20.0],[86.3,20.1],[86.2,20.1],[86.2,20.0],[86.2,20.1],[86.1,20.1],[86.1,20.2],[86.2,20.2],[86.1,20.2],[86.1,20.3],[86.0,20.3],[86.0,20.4],[86.1,20.4]]]]}},{"type":"Feature","properties":{"NAME_1":"Orissa","NAME_2":"Jajpur","NAME_0":"India"},"geometry":{"type":"Polygon","coordinates":[[[85.9,21.1],[86.0,21.1],[86.0,21.2],[86.0,21.1],[86.1,21.2],[86.1,21.1],[86.0,21.1],[86.0,21.0],[86.1,21.0],[86.1,21.1],[86.2,21.1],[86.2,21.0],[86.2,21.1],[86.2,21.0],[86.3,21.0],[86.3,20.9],[86.3,20.8],[86.4,20.8],[86.4,20.9],[86.4,20.8],[86.5,20.8],[86.5,20.9],[86.5,20.8],[86.5,20.9],[86.6,20.9],[86.6,20.8],[86.5,20.7],[86.6,20.7],[86.5,20.7],[86.6,20.7],[86.5,20.7],[86.5,20.6],[86.4,20.6],[86.3,20.6],[86.2,20.6],[86.2,20.7],[86.2,20.6],[86.1,20.6],[86.0,20.6],[86.0,20.7],[85.9,20.7],[86.0,20.7],[86.0,20.8],[85.9,20.8],[85.9,20.9],[85.8,20.9],[85.8,21.0],[85.7,21.0],[85.7,21.1],[85.8,21.1],[85.9,21.1]]]}},{"type":"Feature","properties":{"NAME_1":"Orissa","NAME_2":"Jharsuguda","NAME_0":"India"},"geometry":{"type":"Polygon","coordinates":[[[84.3,22.0],[84.4,22.0],[84.4,21.9],[84.3,21.9],[84.3,21.8],[84.2,21.8],[84.1,21.8],[84.0,21.8],[84.0,21.7],[84.0,21.8],[84.0,21.7],[83.9,21.7],[84.0,21.7],[84.0,21.6],[83.9,21.6],[83.8,21.6],[83.7,21.6],[83.7,21.7],[83.6,21.7],[83.5,21.7],[83.5,21.6],[83.4,21.7],[83.5,21.7],[83.5,21.8],[83.6,21.8],[83.7,21.8],[83.8,21.8],[83.8,21.9],[83.9,21.9],[83.8,21.9],[83.9,21.9],[84.0,21.9],[84.1,21.9],[84.1,22.0],[84.2,22.0],[84.3,22.0]]]}},{"type":"Feature","properties":{"NAME_1":"Orissa","NAME_2":"Kalahandi","NAME_0":"India"},"geometry":{"type":"Polygon","coordinates":[[[83.5,20.4],[83.6,20.4],[83.6,20.3],[83.6,20.4],[83.7,20.4],[83.7,20.3],[83.7,20.2],[83.8,20.2],[83.7,20.2],[83.7,20.1],[83.6,20.1],[83.6,20.0],[83.5,20.0],[83.4,20.0],[83.4,19.9],[83.4,19.8],[83.5,19.8],[83.4,19.8],[83.4,19.7],[83.4,19.6],[83.3,19.6],[83.2,19.6],[83.3,19.6],[83.3,19.5],[83.2,19.5],[83.2,19.4],[83.2,19.5],[83.2,19.4],[83.1,19.5],[83.2,19.5],[83.1,19.5],[83.1,19.6],[83.0,19.6],[83.0,19.5],[83.0,19.4],[82.9,19.4],[83.0,19.3],[82.9,19.3],[82.9,19.2],[82.8,19.2],[82.8,19.3],[82.7,19.3],[82.7,19.4],[82.6,19.4],[82.6,19.5],[82.6,19.6],[82.5,19.6],[82.6,19.6],[82.6,19.7],[82.6,19.8],[82.7,19.8],[82.7,19.9],[82.7,20.0],[82.7,20.1],[82.8,20.1],[82.8,20.2],[82.9,20.2],[82.9,20.1],[82.9,20.2],[83.0,20.2],[83.1,20.2],[83.2,20.2],[83.2,20.3],[83.3,20.3],[83.4,20.3],[83.4,20.4],[83.5,20.4]]]}},{"type":"Feature","properties":{"NAME_1":"Orissa","NAME_2":"Kandhamal","NAME_0":"India"},"geometry":{"type":"Polygon","coordinates":[[[84.3,20.7],[84.4,20.7],[84.4,20.6],[84.4,20.5],[84.5,20.4],[84.5,20.3],[84.5,20.2],[84.6,20.2],[84.6,20.1],[84.5,20.1],[84.4,20.2],[84.5,20.2],[84.4,20.2],[84.4,20.1],[84.4,20.0],[84.3,20.0],[84.4,20.0],[84.4,19.9],[84.4,20.0],[84.4,19.9],[84.4,20.0],[84.4,19.9],[84.4,20.0],[84.4,19.9],[84.5,19.9],[84.5,19.8],[84.4,19.8],[84.3,19.9],[84.2,19.9],[84.2,19.8],[84.1,19.8],[84.1,19.7],[84.2,19.7],[84.1,19.7],[84.2,19.7],[84.2,19.6],[84.1,19.6],[84.0,19.6],[83.9,19.6],[83.9,19.7],[83.8,19.7],[83.7,19.7],[83.7,19.6],[83.7,19.7],[83.6,19.7],[83.6,19.8],[83.5,19.8],[83.5,19.9],[83.5,19.8],[83.5,19.9],[83.6,19.9],[83.5,19.9],[83.5,20.0],[83.6,20.0],[83.6,20.1],[83.7,20.1],[83.7,20.2],[83.8,20.2],[83.7,20.2],[83.7,20.3],[83.7,20.4],[83.6,20.4],[83.7,20.4],[83.8,20.4],[83.8,20.5],[83.8,20.6],[83.9,20.6],[84.0,20.6],[84.1,20.6],[84.2,20.6],[84.3,20.6],[84.3,20.7]]]}},{"type":"Feature","properties":{"NAME_1":"Orissa","NAME_2":"Kendrapara","NAME_0":"India"},"geometry":{"type":"MultiPolygon","coordinates":[[[[86.9,20.8],[87.0,20.8],[87.0,20.7],[86.9,20.7],[86.8,20.7],[86.8,20.6],[86.8,20.7],[86.8,20.8],[86.9,20.8]]],[[[86.6,20.8],[86.7,20.8],[86.8,20.8],[86.8,20.7],[86.8,20.6],[86.8,20.7],[86.9,20.7],[87.0,20.7],[87.0,20.6],[86.9,20.6],[86.8,20.6],[86.8,20.5],[86.7,20.5],[86.7,20.4],[86.8,20.4],[86.7,20.4],[86.8,20.4],[86.8,20.3],[86.7,20.3],[86.6,20.3],[86.5,20.3],[86.4,20.3],[86.4,20.4],[86.4,20.3],[86.4,20.4],[86.4,20.3],[86.3,20.3],[86.3,20.4],[86.3,20.3],[86.3,20.4],[86.3,20.3],[86.3,20.4],[86.2,20.4],[86.3,20.4],[86.3,20.5],[86.2,20.5],[86.3,20.5],[86.3,20.6],[86.4,20.6],[86.5,20.6],[86.5,20.7],[86.6,20.7],[86.5,20.7],[86.6,20.7],[86.5,20.7],[86.6,20.8]]]]}},{"type":"Feature","properties":{"NAME_1":"Orissa","NAME_2":"Keonjhar","NAME_0":"India"},"geometry":{"type":"Polygon","coordinates":[[[85.4,22.2],[85.4,22.1],[85.5,22.1],[85.6,22.1],[85.7,22.1],[85.7,22.0],[85.8,22.0],[85.8,21.9],[85.8,21.8],[85.9,21.8],[85.9,21.7],[86.0,21.7],[86.1,21.7],[86.1,21.6],[86.0,21.6],[86.0,21.5],[86.1,21.5],[86.1,21.4],[86.2,21.4],[86.1,21.4],[86.1,21.3],[86.2,21.3],[86.3,21.4],[86.3,21.3],[86.4,21.3],[86.4,21.2],[86.3,21.2],[86.4,21.2],[86.3,21.2],[86.4,21.2],[86.3,21.2],[86.3,21.1],[86.3,21.0],[86.3,21.1],[86.3,21.0],[86.2,21.0],[86.2,21.1],[86.2,21.0],[86.2,21.1],[86.1,21.1],[86.1,21.0],[86.0,21.0],[86.0,21.1],[86.1,21.1],[86.1,21.2],[86.0,21.1],[86.0,21.2],[86.0,21.1],[85.9,21.1],[85.8,21.1],[85.7,21.1],[85.7,21.2],[85.6,21.2],[85.6,21.1],[85.6,21.2],[85.5,21.2],[85.5,21.1],[85.4,21.1],[85.4,21.2],[85.3,21.2],[85.3,21.3],[85.3,21.4],[85.3,21.5],[85.3,21.4],[85.3,21.5],[85.3,21.6],[85.3,21.7],[85.2,21.7],[85.2,21.8],[85.3,21.8],[85.4,21.8],[85.4,21.9],[85.3,21.9],[85.3,22.0],[85.3,21.9],[85.3,22.0],[85.2,22.0],[85.3,22.0],[85.3,22.1],[85.4,22.1],[85.4,22.2]]]}},{"type":"Feature","properties":{"NAME_1":"Orissa","NAME_2":"Khordha","NAME_0":"India"},"geometry":{"type":"Polygon","coordinates":[[[85.8,20.4],[85.8,20.3],[85.9,20.3],[85.9,20.4],[85.9,20.3],[85.9,20.4],[85.9,20.3],[86.0,20.2],[86.0,20.1],[86.1,20.1],[86.0,20.1],[85.9,20.1],[85.9,20.2],[85.8,20.2],[85.9,20.2],[85.8,20.2],[85.8,20.1],[85.8,20.2],[85.8,20.1],[85.7,20.1],[85.6,20.1],[85.6,20.0],[85.6,19.9],[85.5,19.9],[85.5,20.0],[85.5,19.9],[85.5,20.0],[85.5,19.9],[85.6,19.9],[85.6,19.8],[85.5,19.8],[85.5,19.9],[85.6,19.9],[85.5,19.9],[85.4,19.9],[85.4,19.8],[85.3,19.8],[85.2,19.8],[85.3,19.8],[85.2,19.8],[85.2,19.7],[85.1,19.7],[85.1,19.8],[85.0,19.8],[84.9,19.9],[85.0,19.9],[85.1,19.9],[85.2,19.9],[85.3,19.9],[85.4,19.9],[85.4,20.0],[85.4,19.9],[85.4,20.0],[85.5,20.0],[85.4,20.0],[85.4,20.1],[85.3,20.1],[85.4,20.1],[85.4,20.2],[85.3,20.2],[85.3,20.1],[85.2,20.1],[85.2,20.2],[85.3,20.2],[85.2,20.2],[85.3,20.2],[85.3,20.3],[85.4,20.3],[85.4,20.2],[85.4,20.3],[85.5,20.3],[85.4,20.3],[85.5,20.3],[85.6,20.3],[85.7,20.3],[85.7,20.4],[85.8,20.4]]]}},{"type":"Feature","properties":{"NAME_1":"Orissa","NAME_2":"Koraput","NAME_0":"India"},"geometry":{"type":"Polygon","coordinates":[[[82.2,19.2],[82.3,19.2],[82.4,19.2],[82.5,19.2],[82.6,19.2],[82.6,19.1],[82.6,19.2],[82.7,19.2],[82.8,19.2],[82.8,19.1],[82.8,19.2],[82.8,19.1],[82.8,19.2],[82.9,19.2],[82.9,19.1],[83.0,19.2],[83.0,19.1],[83.0,19.0],[83.1,19.0],[83.1,19.1],[83.2,19.1],[83.2,19.2],[83.3,19.2],[83.2,19.1],[83.2,19.0],[83.3,19.0],[83.3,19.1],[83.3,19.0],[83.4,19.0],[83.3,19.0],[83.3,18.9],[83.3,19.0],[83.4,19.0],[83.4,18.9],[83.3,18.9],[83.4,18.9],[83.4,18.8],[83.3,18.8],[83.2,18.8],[83.2,18.7],[83.2,18.8],[83.1,18.8],[83.1,18.7],[83.0,18.6],[83.1,18.6],[83.0,18.6],[83.0,18.5],[83.1,18.5],[83.0,18.5],[83.0,18.4],[83.1,18.4],[83.0,18.4],[82.9,18.4],[82.8,18.4],[82.8,18.3],[82.7,18.3],[82.6,18.3],[82.6,18.2],[82.6,18.3],[82.6,18.4],[82.5,18.4],[82.6,18.4],[82.5,18.4],[82.5,18.5],[82.4,18.5],[82.4,18.6],[82.4,18.5],[82.4,18.6],[82.3,18.6],[82.2,18.6],[82.2,18.7],[82.2,18.6],[82.2,18.7],[82.1,18.7],[82.1,18.8],[82.2,18.8],[82.2,18.9],[82.2,19.0],[82.2,19.1],[82.2,19.2]]]}},{"type":"Feature","properties":{"NAME_1":"Orissa","NAME_2":"Malkangiri","NAME_0":"India"},"geometry":{"type":"Polygon","coordinates":[[[82.1,18.7],[82.2,18.7],[82.2,18.6],[82.2,18.7],[82.2,18.6],[82.3,18.6],[82.4,18.6],[82.4,18.5],[82.4,18.6],[82.4,18.5],[82.4,18.4],[82.4,18.3],[82.3,18.3],[82.4,18.3],[82.3,18.3],[82.3,18.2],[82.4,18.1],[82.3,18.1],[82.3,18.0],[82.3,18.1],[82.3,18.0],[82.3,18.1],[82.3,18.0],[82.2,18.0],[82.1,18.0],[82.1,18.1],[82.1,18.0],[82.0,18.0],[82.0,18.1],[82.0,18.0],[81.9,18.0],[81.8,18.0],[81.8,17.9],[81.7,17.9],[81.6,17.9],[81.6,17.8],[81.5,17.8],[81.4,17.8],[81.4,17.9],[81.5,17.9],[81.5,18.0],[81.5,18.1],[81.5,18.2],[81.5,18.3],[81.6,18.3],[81.7,18.3],[81.6,18.3],[81.7,18.3],[81.7,18.4],[81.8,18.4],[81.8,18.5],[81.9,18.5],[81.9,18.6],[82.0,18.6],[81.9,18.6],[81.9,18.7],[81.9,18.6],[81.9,18.7],[82.0,18.7],[82.1,18.7]]]}},{"type":"Feature","properties":{"NAME_1":"Orissa","NAME_2":"Mayurbhanj","NAME_0":"India"},"geometry":{"type":"Polygon","coordinates":[[[86.1,22.5],[86.2,22.5],[86.2,22.4],[86.2,22.5],[86.2,22.4],[86.3,22.4],[86.4,22.4],[86.4,22.3],[86.5,22.3],[86.6,22.3],[86.6,22.2],[86.7,22.2],[86.7,22.1],[86.8,22.1],[86.8,22.2],[86.8,22.1],[86.9,22.1],[87.0,22.1],[87.0,22.0],[87.0,21.9],[87.1,21.9],[87.1,21.8],[87.2,21.8],[87.1,21.8],[87.1,21.7],[87.0,21.7],[87.0,21.6],[86.9,21.6],[87.0,21.6],[86.9,21.6],[86.8,21.6],[86.7,21.6],[86.6,21.6],[86.6,21.5],[86.5,21.5],[86.5,21.4],[86.4,21.4],[86.4,21.3],[86.3,21.3],[86.3,21.4],[86.2,21.3],[86.1,21.3],[86.1,21.4],[86.2,21.4],[86.1,21.4],[86.1,21.5],[86.0,21.5],[86.0,21.6],[86.1,21.6],[86.1,21.7],[86.0,21.7],[85.9,21.7],[85.9,21.8],[85.8,21.8],[85.8,21.9],[85.8,22.0],[85.7,22.0],[85.7,22.1],[85.7,22.0],[85.7,22.1],[85.8,22.1],[85.8,22.0],[85.9,22.0],[86.0,22.0],[86.0,22.1],[86.0,22.2],[86.0,22.3],[86.0,22.4],[86.0,22.5],[86.0,22.6],[86.1,22.6],[86.1,22.5]]]}},{"type":"Feature","properties":{"NAME_1":"Orissa","NAME_2":"Nabarangpur","NAME_0":"India"},"geometry":{"type":"Polygon","coordinates":[[[82.0,20.0],[82.1,20.0],[82.2,20.0],[82.3,20.0],[82.3,19.9],[82.3,19.8],[82.4,19.8],[82.4,19.9],[82.5,19.9],[82.6,19.9],[82.6,19.8],[82.6,19.7],[82.6,19.6],[82.5,19.6],[82.6,19.6],[82.6,19.5],[82.6,19.4],[82.7,19.4],[82.7,19.3],[82.8,19.3],[82.8,19.2],[82.8,19.1],[82.8,19.2],[82.8,19.1],[82.8,19.2],[82.7,19.2],[82.6,19.2],[82.6,19.1],[82.6,19.2],[82.5,19.2],[82.4,19.2],[82.3,19.2],[82.2,19.2],[82.2,19.3],[82.1,19.3],[82.1,19.4],[82.2,19.4],[82.1,19.4],[82.1,19.5],[82.0,19.5],[82.0,19.6],[82.1,19.6],[82.0,19.6],[82.0,19.7],[82.1,19.8],[82.0,19.8],[82.0,19.9],[81.9,19.9],[81.8,19.9],[81.8,20.0],[81.9,20.0],[81.9,20.1],[82.0,20.1],[82.0,20.0]]]}},{"type":"Feature","properties":{"NAME_1":"Orissa","NAME_2":"Nayagarh","NAME_0":"India"},"geometry":{"type":"Polygon","coordinates":[[[84.8,20.6],[84.8,20.5],[84.9,20.5],[85.0,20.5],[85.0,20.4],[85.1,20.4],[85.2,20.4],[85.3,20.4],[85.4,20.4],[85.4,20.3],[85.3,20.3],[85.4,20.3],[85.3,20.3],[85.3,20.2],[85.2,20.2],[85.3,20.2],[85.2,20.2],[85.2,20.1],[85.3,20.1],[85.3,20.2],[85.4,20.2],[85.4,20.1],[85.3,20.1],[85.4,20.1],[85.4,20.0],[85.5,20.0],[85.4,20.0],[85.4,19.9],[85.4,20.0],[85.4,19.9],[85.3,19.9],[85.2,19.9],[85.1,19.9],[85.0,19.9],[84.9,19.9],[84.9,20.0],[84.8,20.0],[84.8,20.1],[84.8,20.2],[84.7,20.2],[84.7,20.3],[84.7,20.2],[84.6,20.2],[84.5,20.2],[84.5,20.3],[84.5,20.4],[84.6,20.4],[84.7,20.4],[84.7,20.5],[84.8,20.5],[84.8,20.6]]]}},{"type":"Feature","properties":{"NAME_1":"Orissa","NAME_2":"Nuapada","NAME_0":"India"},"geometry":{"type":"Polygon","coordinates":[[[82.6,21.1],[82.7,21.1],[82.7,21.0],[82.7,20.9],[82.7,20.8],[82.7,20.7],[82.7,20.6],[82.7,20.5],[82.7,20.4],[82.8,20.4],[82.8,20.3],[82.8,20.4],[82.8,20.3],[82.8,20.4],[82.8,20.3],[82.9,20.3],[82.8,20.2],[82.9,20.2],[82.8,20.2],[82.8,20.1],[82.7,20.1],[82.7,20.0],[82.6,20.0],[82.5,20.0],[82.4,20.0],[82.4,20.1],[82.4,20.2],[82.4,20.3],[82.4,20.4],[82.4,20.5],[82.3,20.5],[82.3,20.6],[82.4,20.6],[82.4,20.7],[82.3,20.7],[82.3,20.8],[82.3,20.9],[82.4,20.9],[82.4,20.8],[82.5,20.8],[82.5,20.9],[82.6,20.9],[82.6,21.0],[82.6,21.1]]]}},{"type":"Feature","properties":{"NAME_1":"Orissa","NAME_2":"Puri","NAME_0":"India"},"geometry":{"type":"MultiPolygon","coordinates":[[[[85.8,20.2],[85.9,20.2],[85.8,20.2],[85.9,20.2],[85.9,20.1],[86.0,20.1],[86.1,20.1],[86.1,20.0],[86.2,20.0],[86.3,20.0],[86.3,19.9],[86.3,20.0],[86.4,20.0],[86.3,20.0],[86.4,20.0],[86.3,20.0],[86.3,19.9],[86.2,19.9],[86.1,19.9],[86.0,19.9],[86.0,19.8],[86.0,19.9],[86.0,19.8],[85.9,19.8],[85.8,19.8],[85.7,19.8],[85.7,19.7],[85.6,19.7],[85.5,19.7],[85.5,19.6],[85.4,19.6],[85.3,19.6],[85.3,19.5],[85.2,19.5],[85.1,19.5],[85.1,19.6],[85.2,19.6],[85.1,19.6],[85.2,19.6],[85.2,19.7],[85.2,19.8],[85.3,19.8],[85.2,19.8],[85.3,19.8],[85.4,19.8],[85.4,19.9],[85.5,19.9],[85.6,19.9],[85.5,19.9],[85.5,19.8],[85.6,19.8],[85.6,19.9],[85.5,19.9],[85.5,20.0],[85.5,19.9],[85.5,20.0],[85.5,19.9],[85.6,19.9],[85.6,20.0],[85.6,20.1],[85.7,20.1],[85.8,20.1],[85.8,20.2],[85.8,20.1],[85.8,20.2]]]]}},{"type":"Feature","properties":{"NAME_1":"Orissa","NAME_2":"Rayagada","NAME_0":"India"},"geometry":{"type":"Polygon","coordinates":[[[83.5,20.0],[83.5,19.9],[83.6,19.9],[83.5,19.9],[83.5,19.8],[83.5,19.9],[83.5,19.8],[83.6,19.8],[83.6,19.7],[83.7,19.7],[83.7,19.6],[83.7,19.7],[83.8,19.7],[83.9,19.7],[83.9,19.6],[83.9,19.5],[84.0,19.5],[84.0,19.4],[83.9,19.4],[84.0,19.4],[84.0,19.3],[84.0,19.2],[84.0,19.1],[84.0,19.0],[84.0,19.1],[84.0,19.0],[83.9,19.0],[83.8,19.0],[83.7,19.0],[83.8,18.9],[83.7,18.9],[83.7,19.0],[83.7,19.1],[83.6,19.1],[83.7,19.1],[83.6,19.1],[83.6,19.2],[83.6,19.1],[83.6,19.0],[83.6,19.1],[83.5,19.1],[83.6,19.1],[83.6,19.0],[83.5,19.0],[83.5,19.1],[83.5,19.0],[83.4,19.0],[83.5,19.0],[83.5,18.9],[83.4,18.9],[83.4,19.0],[83.3,19.0],[83.4,19.0],[83.3,19.0],[83.3,19.1],[83.3,19.0],[83.2,19.0],[83.2,19.1],[83.3,19.2],[83.2,19.2],[83.2,19.1],[83.1,19.1],[83.1,19.0],[83.0,19.0],[83.0,19.1],[83.0,19.2],[82.9,19.1],[82.9,19.2],[82.9,19.3],[83.0,19.3],[82.9,19.4],[83.0,19.4],[83.0,19.5],[83.0,19.6],[83.1,19.6],[83.1,19.5],[83.2,19.5],[83.1,19.5],[83.2,19.4],[83.2,19.5],[83.2,19.4],[83.2,19.5],[83.3,19.5],[83.3,19.6],[83.2,19.6],[83.3,19.6],[83.4,19.6],[83.4,19.7],[83.4,19.8],[83.5,19.8],[83.4,19.8],[83.4,19.9],[83.4,20.0],[83.5,20.0]]]}},{"type":"Feature","properties":{"NAME_1":"Orissa","NAME_2":"Sambalpur","NAME_0":"India"},"geometry":{"type":"Polygon","coordinates":[[[84.5,22.1],[84.5,22.0],[84.5,21.9],[84.5,21.8],[84.6,21.8],[84.7,21.8],[84.7,21.7],[84.6,21.7],[84.5,21.7],[84.5,21.6],[84.6,21.6],[84.5,21.6],[84.5,21.5],[84.5,21.4],[84.6,21.3],[84.6,21.2],[84.6,21.3],[84.7,21.3],[84.8,21.3],[84.8,21.2],[84.7,21.2],[84.7,21.1],[84.7,21.2],[84.7,21.1],[84.6,21.1],[84.5,21.1],[84.4,21.0],[84.4,20.9],[84.4,21.0],[84.3,21.0],[84.3,20.9],[84.2,20.9],[84.2,21.0],[84.1,21.0],[84.2,21.0],[84.1,21.0],[84.0,21.0],[84.0,21.1],[83.9,21.1],[83.9,21.2],[83.9,21.3],[83.9,21.4],[83.8,21.4],[83.9,21.4],[83.9,21.5],[83.8,21.5],[83.8,21.6],[83.9,21.6],[84.0,21.6],[84.0,21.7],[83.9,21.7],[84.0,21.7],[84.0,21.8],[84.0,21.7],[84.0,21.8],[84.1,21.8],[84.2,21.8],[84.3,21.8],[84.3,21.9],[84.4,21.9],[84.4,22.0],[84.3,22.0],[84.3,22.1],[84.4,22.1],[84.4,22.2],[84.5,22.2],[84.5,22.1]]]}},{"type":"Feature","properties":{"NAME_1":"Orissa","NAME_2":"Sonepur","NAME_0":"India"},"geometry":{"type":"Polygon","coordinates":[[[84.0,21.1],[84.0,21.0],[84.1,21.0],[84.2,21.0],[84.1,21.0],[84.2,21.0],[84.2,20.9],[84.3,20.9],[84.2,20.9],[84.1,20.9],[84.1,20.8],[84.0,20.8],[83.9,20.8],[83.8,20.8],[83.8,20.7],[83.7,20.7],[83.7,20.6],[83.7,20.5],[83.6,20.5],[83.6,20.6],[83.6,20.7],[83.7,20.7],[83.6,20.7],[83.6,20.8],[83.7,20.8],[83.6,20.8],[83.6,20.9],[83.6,21.0],[83.5,21.0],[83.4,21.0],[83.5,21.0],[83.5,21.1],[83.5,21.0],[83.5,21.1],[83.6,21.1],[83.7,21.1],[83.8,21.1],[83.8,21.2],[83.8,21.1],[83.9,21.1],[83.9,21.2],[83.9,21.1],[84.0,21.1]]]}},{"type":"Feature","properties":{"NAME_1":"Orissa","NAME_2":"Sundargarh","NAME_0":"India"},"geometry":{"type":"Polygon","coordinates":[[[84.0,22.5],[84.1,22.5],[84.1,22.4],[84.2,22.4],[84.3,22.4],[84.3,22.3],[84.4,22.3],[84.4,22.4],[84.4,22.3],[84.4,22.4],[84.5,22.4],[84.6,22.4],[84.7,22.4],[84.8,22.4],[84.9,22.4],[84.9,22.5],[85.0,22.5],[85.0,22.4],[85.0,22.5],[85.1,22.5],[85.1,22.4],[85.1,22.3],[85.1,22.2],[85.0,22.2],[85.0,22.1],[85.1,22.1],[85.2,22.1],[85.2,22.0],[85.2,22.1],[85.2,22.0],[85.3,22.0],[85.3,21.9],[85.3,22.0],[85.3,21.9],[85.4,21.9],[85.4,21.8],[85.3,21.8],[85.2,21.8],[85.2,21.7],[85.2,21.6],[85.1,21.6],[85.0,21.6],[85.0,21.7],[84.9,21.7],[84.9,21.6],[84.9,21.7],[84.8,21.7],[84.8,21.6],[84.7,21.6],[84.7,21.7],[84.7,21.8],[84.6,21.8],[84.5,21.8],[84.5,21.9],[84.5,22.0],[84.5,22.1],[84.5,22.2],[84.4,22.2],[84.4,22.1],[84.3,22.1],[84.3,22.0],[84.2,22.0],[84.1,22.0],[84.1,21.9],[84.0,21.9],[83.9,21.9],[83.8,21.9],[83.9,21.9],[83.8,21.9],[83.8,21.8],[83.7,21.8],[83.6,21.8],[83.6,21.9],[83.5,22.0],[83.5,22.1],[83.6,22.1],[83.6,22.2],[83.7,22.2],[83.8,22.2],[83.8,22.3],[83.9,22.3],[83.9,22.4],[84.0,22.4],[84.0,22.5]]]}},{"type":"Feature","properties":{"NAME_1":"Puducherry","NAME_2":"Karaikal","NAME_0":"India"},"geometry":{"type":"MultiPolygon","coordinates":[[[[79.7,11.0],[79.8,11.0],[79.9,11.0],[79.9,10.9],[79.8,10.9],[79.9,10.9],[79.8,10.9],[79.9,10.9],[79.9,10.8],[79.8,10.8],[79.9,10.8],[79.8,10.8],[79.8,10.9],[79.7,10.9],[79.7,11.0],[79.7,10.9],[79.7,11.0]]]]}},{"type":"Feature","properties":{"NAME_1":"Puducherry","NAME_2":"Mahe","NAME_0":"India"},"geometry":{"type":"Polygon","coordinates":[[[75.2,12.0],[75.2,12.1],[75.3,12.1],[75.4,12.1],[75.3,12.1],[75.3,12.0],[75.3,11.9],[75.3,12.0],[75.2,12.0]]]}},{"type":"Feature","properties":{"NAME_1":"Puducherry","NAME_2":"Puducherry","NAME_0":"India"},"geometry":{"type":"Polygon","coordinates":[[[79.8,11.9],[79.8,11.8],[79.7,11.8],[79.8,11.8],[79.8,11.9],[79.7,11.9],[79.7,11.8],[79.7,11.9],[79.7,12.0],[79.6,12.0],[79.7,12.0],[79.8,12.0],[79.7,12.0],[79.7,11.9],[79.8,11.9],[79.8,12.0],[79.8,11.9]]]}},{"type":"Feature","properties":{"NAME_1":"Puducherry","NAME_2":"Yanam","NAME_0":"India"},"geometry":{"type":"MultiPolygon","coordinates":[[[[82.2,16.7],[82.3,16.7],[82.2,16.7],[82.3,16.7],[82.2,16.7],[82.2,16.8],[82.2,16.7]]]]}},{"type":"Feature","properties":{"NAME_1":"Punjab","NAME_2":"Amritsar","NAME_0":"India"},"geometry":{"type":"Polygon","coordinates":[[[74.9,32.1],[74.9,32.0],[75.0,32.0],[74.9,32.0],[74.9,31.9],[75.0,31.8],[75.1,31.8],[75.1,31.7],[75.1,31.8],[75.1,31.7],[75.2,31.7],[75.3,31.7],[75.3,31.6],[75.4,31.6],[75.3,31.6],[75.3,31.5],[75.2,31.5],[75.2,31.4],[75.1,31.4],[75.2,31.4],[75.1,31.3],[75.1,31.2],[75.0,31.2],[75.1,31.2],[75.0,31.2],[74.9,31.1],[74.9,31.2],[74.8,31.1],[74.7,31.1],[74.6,31.1],[74.5,31.1],[74.5,31.2],[74.5,31.3],[74.6,31.3],[74.6,31.4],[74.6,31.5],[74.6,31.6],[74.6,31.7],[74.5,31.7],[74.5,31.8],[74.6,31.8],[74.5,31.8],[74.6,31.8],[74.5,31.8],[74.6,31.8],[74.6,31.9],[74.7,31.9],[74.7,32.0],[74.7,31.9],[74.7,32.0],[74.8,32.0],[74.8,31.9],[74.8,32.0],[74.9,32.0],[74.9,32.1]]]}},{"type":"Feature","properties":{"NAME_1":"Punjab","NAME_2":"Bathinda","NAME_0":"India"},"geometry":{"type":"Polygon","coordinates":[[[75.2,30.5],[75.3,30.5],[75.2,30.5],[75.3,30.4],[75.3,30.3],[75.4,30.3],[75.4,30.2],[75.3,30.2],[75.4,30.2],[75.3,30.2],[75.3,30.1],[75.2,30.0],[75.3,30.0],[75.2,30.0],[75.2,29.9],[75.2,29.8],[75.1,29.8],[75.2,29.8],[75.1,29.8],[75.1,29.9],[75.0,29.9],[74.9,29.9],[74.9,30.0],[74.8,30.0],[74.7,30.0],[74.7,30.1],[74.6,30.1],[74.6,30.2],[74.7,30.2],[74.7,30.3],[74.8,30.3],[74.7,30.3],[74.7,30.4],[74.8,30.3],[74.8,30.4],[74.9,30.4],[75.0,30.4],[75.0,30.5],[75.1,30.5],[75.1,30.6],[75.2,30.6],[75.2,30.5]]]}},{"type":"Feature","properties":{"NAME_1":"Punjab","NAME_2":"Faridkot","NAME_0":"India"},"geometry":{"type":"Polygon","coordinates":[[[74.9,30.7],[74.9,30.6],[74.9,30.5],[74.9,30.6],[75.0,30.6],[75.0,30.5],[75.0,30.4],[74.9,30.4],[74.8,30.4],[74.7,30.4],[74.7,30.5],[74.8,30.5],[74.7,30.5],[74.7,30.6],[74.6,30.6],[74.6,30.7],[74.5,30.7],[74.5,30.8],[74.6,30.8],[74.7,30.8],[74.8,30.8],[74.8,30.7],[74.9,30.7]]]}},{"type":"Feature","properties":{"NAME_1":"Punjab","NAME_2":"Fatehgarh Sahib","NAME_0":"India"},"geometry":{"type":"Polygon","coordinates":[[[76.3,30.9],[76.4,30.9],[76.3,30.9],[76.3,30.8],[76.4,30.8],[76.5,30.8],[76.5,30.7],[76.5,30.8],[76.5,30.7],[76.5,30.8],[76.5,30.7],[76.6,30.7],[76.5,30.7],[76.5,30.6],[76.6,30.6],[76.6,30.7],[76.6,30.6],[76.5,30.6],[76.6,30.6],[76.5,30.6],[76.5,30.5],[76.5,30.4],[76.4,30.4],[76.4,30.5],[76.4,30.4],[76.3,30.4],[76.3,30.5],[76.3,30.4],[76.3,30.5],[76.3,30.6],[76.2,30.6],[76.2,30.5],[76.1,30.5],[76.1,30.6],[76.1,30.7],[76.2,30.7],[76.3,30.7],[76.3,30.8],[76.2,30.8],[76.3,30.8],[76.3,30.9]]]}},{"type":"Feature","properties":{"NAME_1":"Punjab","NAME_2":"Firozpur","NAME_0":"India"},"geometry":{"type":"Polygon","coordinates":[[[75.0,31.2],[75.1,31.1],[75.1,31.0],[75.0,31.0],[75.1,31.0],[75.0,30.9],[74.9,30.9],[74.9,30.8],[74.9,30.7],[74.8,30.7],[74.8,30.8],[74.7,30.8],[74.6,30.8],[74.5,30.8],[74.5,30.7],[74.5,30.6],[74.4,30.6],[74.4,30.5],[74.4,30.6],[74.4,30.5],[74.3,30.5],[74.3,30.4],[74.2,30.4],[74.3,30.4],[74.3,30.3],[74.3,30.2],[74.4,30.2],[74.4,30.1],[74.4,30.0],[74.5,30.0],[74.4,30.0],[74.4,29.9],[74.4,30.0],[74.3,30.0],[74.2,30.0],[74.1,30.0],[74.0,30.0],[73.9,30.0],[73.9,30.1],[74.0,30.1],[74.0,30.2],[74.0,30.3],[73.9,30.3],[73.9,30.4],[73.9,30.5],[74.0,30.5],[74.1,30.5],[74.1,30.6],[74.1,30.5],[74.1,30.6],[74.2,30.6],[74.2,30.7],[74.3,30.7],[74.3,30.8],[74.3,30.9],[74.3,30.8],[74.3,30.9],[74.4,30.8],[74.4,30.9],[74.5,31.0],[74.6,31.1],[74.6,31.0],[74.6,31.1],[74.7,31.1],[74.8,31.1],[74.9,31.2],[74.9,31.1],[75.0,31.1],[75.0,31.2]]]}},{"type":"Feature","properties":{"NAME_1":"Punjab","NAME_2":"Gurdaspur","NAME_0":"India"},"geometry":{"type":"Polygon","coordinates":[[[75.9,32.5],[75.9,32.4],[75.8,32.4],[75.8,32.3],[75.7,32.3],[75.6,32.2],[75.7,32.2],[75.7,32.1],[75.6,32.1],[75.5,32.0],[75.5,31.9],[75.6,31.9],[75.6,31.8],[75.5,31.8],[75.5,31.7],[75.5,31.6],[75.4,31.6],[75.3,31.6],[75.3,31.7],[75.2,31.7],[75.1,31.7],[75.1,31.8],[75.1,31.7],[75.1,31.8],[75.0,31.8],[74.9,31.9],[74.9,32.0],[75.0,32.0],[74.9,32.0],[74.9,32.1],[75.0,32.1],[75.0,32.0],[75.1,32.0],[75.1,32.1],[75.2,32.1],[75.3,32.1],[75.3,32.2],[75.4,32.2],[75.4,32.3],[75.3,32.3],[75.4,32.3],[75.5,32.3],[75.5,32.4],[75.6,32.4],[75.7,32.4],[75.7,32.5],[75.8,32.5],[75.9,32.6],[75.9,32.5]]]}},{"type":"Feature","properties":{"NAME_1":"Punjab","NAME_2":"Hoshiarpur","NAME_0":"India"},"geometry":{"type":"Polygon","coordinates":[[[75.6,32.1],[75.7,32.1],[75.7,32.0],[75.8,32.0],[75.9,32.0],[75.9,31.9],[75.9,31.8],[76.0,31.8],[75.9,31.8],[76.0,31.8],[76.0,31.7],[76.0,31.6],[76.1,31.6],[76.1,31.5],[76.1,31.4],[76.2,31.4],[76.1,31.4],[76.1,31.3],[76.2,31.3],[76.3,31.3],[76.3,31.2],[76.2,31.2],[76.2,31.1],[76.1,31.1],[76.1,31.2],[76.0,31.2],[76.0,31.3],[76.0,31.2],[76.0,31.3],[75.9,31.3],[75.8,31.3],[75.9,31.3],[75.9,31.4],[75.8,31.4],[75.8,31.5],[75.7,31.5],[75.7,31.6],[75.6,31.6],[75.5,31.6],[75.5,31.7],[75.5,31.6],[75.5,31.7],[75.5,31.8],[75.6,31.8],[75.6,31.9],[75.5,31.9],[75.5,32.0],[75.6,32.1]]]}},{"type":"Feature","properties":{"NAME_1":"Punjab","NAME_2":"Jalandhar","NAME_0":"India"},"geometry":{"type":"Polygon","coordinates":[[[75.6,31.6],[75.7,31.6],[75.7,31.5],[75.8,31.5],[75.8,31.4],[75.7,31.3],[75.7,31.4],[75.7,31.3],[75.7,31.2],[75.8,31.2],[75.9,31.2],[75.9,31.1],[75.9,31.0],[75.8,31.0],[75.7,31.0],[75.6,31.0],[75.5,31.0],[75.4,31.0],[75.3,31.0],[75.2,31.0],[75.2,31.1],[75.1,31.1],[75.1,31.2],[75.2,31.2],[75.3,31.2],[75.3,31.1],[75.3,31.2],[75.4,31.2],[75.4,31.3],[75.4,31.2],[75.5,31.3],[75.4,31.3],[75.5,31.3],[75.5,31.4],[75.4,31.4],[75.4,31.5],[75.5,31.5],[75.4,31.5],[75.5,31.5],[75.5,31.6],[75.5,31.5],[75.6,31.6]]]}},{"type":"Feature","properties":{"NAME_1":"Punjab","NAME_2":"Kapurthala","NAME_0":"India"},"geometry":{"type":"MultiPolygon","coordinates":[[[[75.8,31.4],[75.9,31.4],[75.9,31.3],[75.8,31.3],[75.9,31.3],[75.9,31.2],[75.9,31.3],[75.8,31.3],[75.8,31.2],[75.7,31.2],[75.7,31.3],[75.7,31.4],[75.7,31.3],[75.8,31.4]]],[[[75.5,31.6],[75.5,31.7],[75.5,31.6],[75.6,31.6],[75.5,31.5],[75.5,31.6],[75.5,31.5],[75.4,31.5],[75.5,31.5],[75.4,31.5],[75.4,31.4],[75.5,31.4],[75.5,31.3],[75.4,31.3],[75.5,31.3],[75.4,31.2],[75.4,31.3],[75.4,31.2],[75.3,31.2],[75.3,31.1],[75.3,31.2],[75.2,31.2],[75.1,31.2],[75.1,31.1],[75.0,31.2],[75.0,31.1],[74.9,31.1],[75.0,31.2],[75.1,31.2],[75.0,31.2],[75.1,31.2],[75.1,31.3],[75.2,31.4],[75.1,31.4],[75.2,31.4],[75.2,31.5],[75.3,31.5],[75.3,31.6],[75.4,31.6],[75.5,31.6],[75.5,31.7],[75.5,31.6]]]]}},{"type":"Feature","properties":{"NAME_1":"Punjab","NAME_2":"Ludhiana","NAME_0":"India"},"geometry":{"type":"Polygon","coordinates":[[[75.9,31.0],[76.0,31.0],[76.1,31.0],[76.2,31.0],[76.3,31.0],[76.3,30.9],[76.3,30.8],[76.2,30.8],[76.3,30.8],[76.3,30.7],[76.2,30.7],[76.1,30.7],[76.1,30.6],[76.0,30.6],[75.9,30.6],[75.9,30.7],[75.8,30.7],[75.8,30.6],[75.7,30.6],[75.7,30.7],[75.6,30.6],[75.5,30.6],[75.4,30.6],[75.4,30.7],[75.4,30.8],[75.4,30.9],[75.4,31.0],[75.3,31.0],[75.4,31.0],[75.5,31.0],[75.6,31.0],[75.7,31.0],[75.8,31.0],[75.9,31.0]]]}},{"type":"Feature","properties":{"NAME_1":"Punjab","NAME_2":"Mansa","NAME_0":"India"},"geometry":{"type":"Polygon","coordinates":[[[75.6,30.1],[75.6,30.0],[75.7,30.0],[75.6,30.0],[75.6,29.9],[75.7,29.9],[75.8,29.9],[75.7,29.9],[75.8,29.9],[75.7,29.9],[75.8,29.9],[75.8,29.8],[75.7,29.8],[75.6,29.8],[75.6,29.7],[75.6,29.8],[75.5,29.8],[75.4,29.8],[75.4,29.7],[75.3,29.7],[75.4,29.7],[75.3,29.7],[75.3,29.6],[75.2,29.6],[75.2,29.5],[75.2,29.6],[75.2,29.7],[75.2,29.8],[75.2,29.9],[75.2,30.0],[75.3,30.0],[75.2,30.0],[75.3,30.1],[75.3,30.2],[75.4,30.2],[75.3,30.2],[75.4,30.2],[75.5,30.2],[75.5,30.1],[75.5,30.2],[75.5,30.1],[75.6,30.1],[75.6,30.2],[75.6,30.1]]]}},{"type":"Feature","properties":{"NAME_1":"Punjab","NAME_2":"Moga","NAME_0":"India"},"geometry":{"type":"Polygon","coordinates":[[[75.3,31.0],[75.4,31.0],[75.4,30.9],[75.4,30.8],[75.4,30.7],[75.4,30.6],[75.4,30.5],[75.3,30.5],[75.2,30.5],[75.2,30.6],[75.1,30.6],[75.1,30.5],[75.0,30.5],[75.0,30.6],[74.9,30.6],[74.9,30.5],[74.9,30.6],[74.9,30.7],[74.9,30.8],[74.9,30.9],[75.0,30.9],[75.1,31.0],[75.0,31.0],[75.1,31.0],[75.1,31.1],[75.2,31.1],[75.2,31.0],[75.3,31.0]]]}},{"type":"Feature","properties":{"NAME_1":"Punjab","NAME_2":"Muktsar","NAME_0":"India"},"geometry":{"type":"Polygon","coordinates":[[[74.5,30.7],[74.6,30.7],[74.6,30.6],[74.7,30.6],[74.7,30.5],[74.8,30.5],[74.7,30.5],[74.7,30.4],[74.8,30.4],[74.8,30.3],[74.7,30.4],[74.7,30.3],[74.8,30.3],[74.7,30.3],[74.7,30.2],[74.6,30.2],[74.6,30.1],[74.7,30.1],[74.7,30.0],[74.7,29.9],[74.6,29.9],[74.5,29.9],[74.5,30.0],[74.5,29.9],[74.4,29.9],[74.4,30.0],[74.5,30.0],[74.4,30.0],[74.4,30.1],[74.4,30.2],[74.3,30.2],[74.3,30.3],[74.3,30.4],[74.2,30.4],[74.3,30.4],[74.3,30.5],[74.4,30.5],[74.4,30.6],[74.4,30.5],[74.4,30.6],[74.5,30.6],[74.5,30.7]]]}},{"type":"Feature","properties":{"NAME_1":"Punjab","NAME_2":"Nawan Shehar","NAME_0":"India"},"geometry":{"type":"Polygon","coordinates":[[[75.9,31.2],[75.9,31.3],[76.0,31.3],[76.0,31.2],[76.0,31.3],[76.0,31.2],[76.1,31.2],[76.1,31.1],[76.2,31.1],[76.2,31.2],[76.3,31.2],[76.4,31.2],[76.4,31.1],[76.5,31.0],[76.4,31.0],[76.3,31.0],[76.2,31.0],[76.1,31.0],[76.0,31.0],[75.9,31.0],[75.9,31.1],[75.9,31.2],[75.8,31.2],[75.8,31.3],[75.9,31.3],[75.9,31.2]]]}},{"type":"Feature","properties":{"NAME_1":"Punjab","NAME_2":"Patiala","NAME_0":"India"},"geometry":{"type":"Polygon","coordinates":[[[76.8,30.7],[76.9,30.7],[76.9,30.6],[76.9,30.5],[76.9,30.4],[76.8,30.4],[76.7,30.4],[76.7,30.3],[76.6,30.3],[76.5,30.3],[76.5,30.2],[76.6,30.3],[76.6,30.2],[76.6,30.1],[76.5,30.1],[76.4,30.1],[76.4,30.2],[76.4,30.1],[76.3,30.2],[76.3,30.1],[76.2,30.1],[76.2,30.2],[76.2,30.1],[76.3,30.1],[76.2,30.1],[76.2,30.0],[76.2,29.9],[76.2,29.8],[76.1,29.8],[76.1,29.9],[76.1,29.8],[76.0,29.9],[76.0,30.0],[76.0,29.9],[76.0,30.0],[76.0,30.1],[76.1,30.1],[76.1,30.2],[76.0,30.2],[76.1,30.2],[76.1,30.3],[76.1,30.2],[76.1,30.3],[76.2,30.3],[76.2,30.2],[76.2,30.3],[76.1,30.3],[76.0,30.3],[76.0,30.4],[76.1,30.5],[76.1,30.4],[76.1,30.5],[76.2,30.5],[76.2,30.6],[76.3,30.6],[76.3,30.5],[76.3,30.4],[76.3,30.5],[76.3,30.4],[76.4,30.4],[76.4,30.5],[76.4,30.4],[76.5,30.4],[76.5,30.5],[76.5,30.6],[76.6,30.6],[76.5,30.6],[76.6,30.6],[76.6,30.7],[76.6,30.6],[76.7,30.6],[76.6,30.6],[76.7,30.6],[76.8,30.6],[76.7,30.6],[76.8,30.6],[76.8,30.7],[76.8,30.6],[76.8,30.7]]]}},{"type":"Feature","properties":{"NAME_1":"Punjab","NAME_2":"Rupnagar","NAME_0":"India"},"geometry":{"type":"Polygon","coordinates":[[[76.4,31.4],[76.4,31.3],[76.5,31.3],[76.6,31.3],[76.6,31.2],[76.6,31.1],[76.6,31.0],[76.7,31.0],[76.7,30.9],[76.8,30.9],[76.8,30.8],[76.7,30.8],[76.7,30.7],[76.8,30.7],[76.8,30.6],[76.8,30.7],[76.8,30.6],[76.7,30.6],[76.8,30.6],[76.7,30.6],[76.6,30.6],[76.7,30.6],[76.6,30.6],[76.6,30.7],[76.6,30.6],[76.5,30.6],[76.5,30.7],[76.6,30.7],[76.5,30.7],[76.5,30.8],[76.5,30.7],[76.5,30.8],[76.5,30.7],[76.5,30.8],[76.4,30.8],[76.3,30.8],[76.3,30.9],[76.4,30.9],[76.3,30.9],[76.3,31.0],[76.4,31.0],[76.5,31.0],[76.4,31.1],[76.4,31.2],[76.3,31.2],[76.3,31.3],[76.3,31.4],[76.3,31.3],[76.3,31.4],[76.4,31.4]]]}},{"type":"Feature","properties":{"NAME_1":"Punjab","NAME_2":"Sangrur","NAME_0":"India"},"geometry":{"type":"Polygon","coordinates":[[[75.8,30.7],[75.9,30.7],[75.9,30.6],[76.0,30.6],[76.1,30.6],[76.1,30.5],[76.1,30.4],[76.1,30.5],[76.0,30.4],[76.0,30.3],[76.1,30.3],[76.2,30.3],[76.2,30.2],[76.2,30.3],[76.1,30.3],[76.1,30.2],[76.1,30.3],[76.1,30.2],[76.0,30.2],[76.1,30.2],[76.1,30.1],[76.0,30.1],[76.0,30.0],[76.0,29.9],[76.0,30.0],[76.0,29.9],[76.1,29.8],[76.1,29.9],[76.1,29.8],[76.0,29.7],[76.0,29.8],[76.0,29.7],[75.9,29.7],[75.9,29.8],[75.9,29.7],[75.9,29.8],[75.8,29.8],[75.7,29.8],[75.8,29.8],[75.8,29.9],[75.7,29.9],[75.8,29.9],[75.7,29.9],[75.8,29.9],[75.7,29.9],[75.6,29.9],[75.6,30.0],[75.7,30.0],[75.6,30.0],[75.6,30.1],[75.6,30.2],[75.6,30.1],[75.5,30.1],[75.5,30.2],[75.5,30.1],[75.5,30.2],[75.4,30.2],[75.4,30.3],[75.3,30.3],[75.3,30.4],[75.2,30.5],[75.3,30.5],[75.4,30.5],[75.4,30.6],[75.5,30.6],[75.6,30.6],[75.7,30.7],[75.7,30.6],[75.8,30.6],[75.8,30.7]]]}},{"type":"Feature","properties":{"NAME_1":"Rajasthan","NAME_2":"Ajmer","NAME_0":"India"},"geometry":{"type":"MultiPolygon","coordinates":[[[[74.0,25.9],[74.0,25.8],[74.1,25.8],[74.0,25.8],[74.0,25.7],[73.9,25.7],[73.9,25.8],[74.0,25.8],[74.0,25.9]]],[[[74.9,27.0],[75.0,27.0],[75.0,26.9],[75.0,27.0],[75.0,26.9],[75.0,26.8],[74.9,26.8],[74.9,26.7],[75.0,26.8],[75.0,26.7],[74.9,26.7],[75.0,26.7],[75.1,26.7],[75.1,26.6],[75.1,26.5],[75.1,26.6],[75.1,26.5],[75.2,26.5],[75.2,26.4],[75.1,26.4],[75.1,26.3],[75.1,26.2],[75.2,26.2],[75.2,26.1],[75.3,26.1],[75.3,26.2],[75.3,26.1],[75.3,26.0],[75.4,26.0],[75.3,26.0],[75.3,25.9],[75.2,25.9],[75.3,25.9],[75.3,25.8],[75.4,25.8],[75.3,25.8],[75.3,25.7],[75.2,25.7],[75.1,25.7],[75.1,25.8],[75.0,25.8],[75.0,25.9],[75.0,25.8],[75.0,25.9],[74.9,25.9],[74.8,25.9],[74.7,25.9],[74.6,25.9],[74.5,25.9],[74.4,25.9],[74.4,26.0],[74.3,25.9],[74.2,25.9],[74.2,25.8],[74.2,25.9],[74.2,25.8],[74.2,25.9],[74.1,25.9],[74.2,25.9],[74.1,25.9],[74.2,26.0],[74.1,26.0],[74.2,26.0],[74.2,26.1],[74.2,26.0],[74.2,26.1],[74.3,26.1],[74.3,26.2],[74.4,26.2],[74.4,26.3],[74.3,26.3],[74.3,26.4],[74.3,26.5],[74.3,26.4],[74.3,26.5],[74.4,26.5],[74.3,26.5],[74.4,26.5],[74.5,26.5],[74.5,26.6],[74.6,26.6],[74.7,26.6],[74.7,26.7],[74.7,26.8],[74.8,26.8],[74.8,26.9],[74.8,27.0],[74.9,27.0]]]]}},{"type":"Feature","properties":{"NAME_1":"Rajasthan","NAME_2":"Alwar","NAME_0":"India"},"geometry":{"type":"Polygon","coordinates":[[[76.9,28.2],[76.9,28.1],[77.0,28.1],[76.9,28.1],[76.9,28.0],[76.9,27.9],[76.9,27.8],[76.9,27.7],[77.0,27.7],[77.0,27.6],[76.9,27.6],[77.0,27.6],[76.9,27.6],[77.0,27.5],[77.0,27.6],[77.0,27.5],[77.0,27.6],[77.0,27.5],[77.1,27.5],[77.0,27.5],[77.1,27.5],[77.0,27.5],[77.1,27.5],[77.1,27.4],[77.0,27.4],[77.0,27.5],[76.9,27.5],[76.9,27.4],[77.0,27.4],[77.1,27.4],[77.2,27.4],[77.2,27.3],[77.1,27.3],[77.1,27.2],[77.1,27.3],[77.1,27.2],[77.0,27.2],[77.1,27.2],[77.0,27.2],[76.9,27.2],[76.9,27.1],[76.9,27.2],[76.8,27.2],[76.8,27.1],[76.7,27.1],[76.6,27.1],[76.6,27.2],[76.5,27.2],[76.6,27.2],[76.6,27.1],[76.5,27.1],[76.6,27.1],[76.5,27.1],[76.4,27.1],[76.3,27.1],[76.3,27.2],[76.2,27.2],[76.2,27.1],[76.2,27.2],[76.1,27.2],[76.1,27.3],[76.2,27.3],[76.2,27.4],[76.2,27.5],[76.2,27.6],[76.2,27.7],[76.3,27.7],[76.2,27.7],[76.2,27.8],[76.3,27.8],[76.2,27.8],[76.2,27.9],[76.2,27.8],[76.2,27.9],[76.2,28.0],[76.2,28.1],[76.3,28.1],[76.3,28.0],[76.4,28.1],[76.3,28.1],[76.4,28.1],[76.3,28.1],[76.3,28.2],[76.4,28.2],[76.4,28.1],[76.4,28.2],[76.5,28.2],[76.5,28.1],[76.4,28.1],[76.5,28.1],[76.5,28.0],[76.6,28.0],[76.7,28.0],[76.7,28.1],[76.6,28.1],[76.7,28.1],[76.8,28.1],[76.8,28.2],[76.9,28.2]]]}},{"type":"Feature","properties":{"NAME_1":"Rajasthan","NAME_2":"Banswara","NAME_0":"India"},"geometry":{"type":"Polygon","coordinates":[[[74.5,23.9],[74.6,23.9],[74.7,23.9],[74.8,23.8],[74.8,23.7],[74.7,23.7],[74.7,23.6],[74.8,23.6],[74.8,23.5],[74.7,23.5],[74.6,23.5],[74.6,23.4],[74.5,23.4],[74.5,23.3],[74.6,23.3],[74.7,23.3],[74.7,23.2],[74.8,23.2],[74.7,23.2],[74.6,23.2],[74.6,23.1],[74.5,23.1],[74.4,23.1],[74.3,23.1],[74.3,23.2],[74.2,23.2],[74.1,23.2],[74.1,23.3],[74.0,23.3],[74.0,23.4],[74.0,23.5],[74.0,23.6],[74.1,23.6],[74.1,23.7],[74.1,23.8],[74.2,23.8],[74.3,23.8],[74.3,23.9],[74.4,23.9],[74.5,23.9]]]}},{"type":"Feature","properties":{"NAME_1":"Rajasthan","NAME_2":"Baran","NAME_0":"India"},"geometry":{"type":"Polygon","coordinates":[[[76.6,25.4],[76.7,25.4],[76.7,25.3],[76.8,25.3],[76.9,25.3],[77.0,25.3],[77.1,25.3],[77.2,25.3],[77.2,25.4],[77.3,25.4],[77.4,25.4],[77.3,25.4],[77.4,25.4],[77.3,25.3],[77.4,25.3],[77.3,25.3],[77.4,25.3],[77.4,25.2],[77.4,25.1],[77.3,25.1],[77.2,25.1],[77.1,25.1],[77.0,25.1],[77.0,25.0],[76.9,25.0],[76.9,24.9],[76.9,24.8],[76.8,24.8],[76.9,24.7],[76.9,24.8],[76.9,24.7],[76.9,24.8],[77.0,24.8],[77.0,24.7],[77.1,24.7],[77.1,24.6],[77.1,24.5],[77.0,24.5],[76.9,24.5],[76.9,24.6],[76.8,24.6],[76.8,24.5],[76.9,24.5],[76.8,24.5],[76.8,24.4],[76.8,24.5],[76.7,24.4],[76.6,24.4],[76.6,24.5],[76.5,24.5],[76.5,24.6],[76.5,24.7],[76.4,24.7],[76.4,24.8],[76.5,24.8],[76.6,24.8],[76.6,24.9],[76.5,24.9],[76.4,24.9],[76.4,25.0],[76.3,25.0],[76.2,25.0],[76.2,25.1],[76.2,25.2],[76.3,25.2],[76.2,25.2],[76.3,25.2],[76.3,25.3],[76.3,25.2],[76.3,25.3],[76.3,25.4],[76.4,25.4],[76.5,25.4],[76.6,25.4]]]}},{"type":"Feature","properties":{"NAME_1":"Rajasthan","NAME_2":"Barmer","NAME_0":"India"},"geometry":{"type":"Polygon","coordinates":[[[71.5,26.5],[71.6,26.5],[71.6,26.4],[71.7,26.4],[71.8,26.4],[71.8,26.3],[71.8,26.4],[71.9,26.4],[71.9,26.3],[72.0,26.3],[72.1,26.3],[72.2,26.3],[72.2,26.2],[72.3,26.2],[72.4,26.2],[72.4,26.3],[72.5,26.3],[72.6,26.3],[72.6,26.2],[72.7,26.2],[72.7,26.1],[72.7,26.0],[72.6,26.0],[72.7,26.0],[72.7,25.9],[72.8,25.9],[72.9,25.8],[72.8,25.8],[72.7,25.8],[72.8,25.7],[72.7,25.7],[72.7,25.6],[72.6,25.6],[72.6,25.5],[72.5,25.5],[72.4,25.4],[72.4,25.5],[72.4,25.4],[72.3,25.4],[72.2,25.4],[72.1,25.4],[72.1,25.5],[72.0,25.5],[72.0,25.4],[71.9,25.4],[71.9,25.3],[72.0,25.3],[71.9,25.3],[71.9,25.2],[71.8,25.2],[71.8,25.1],[71.8,25.0],[71.8,25.1],[71.7,25.1],[71.7,25.0],[71.6,25.0],[71.5,25.0],[71.4,25.0],[71.4,24.9],[71.3,24.9],[71.4,24.9],[71.3,24.9],[71.3,24.8],[71.3,24.7],[71.2,24.7],[71.2,24.6],[71.1,24.7],[71.1,24.8],[71.0,24.8],[71.0,24.9],[70.9,24.9],[70.9,25.0],[70.9,25.1],[70.9,25.2],[70.8,25.2],[70.8,25.3],[70.7,25.3],[70.7,25.4],[70.7,25.5],[70.7,25.6],[70.7,25.7],[70.6,25.7],[70.5,25.7],[70.4,25.7],[70.3,25.7],[70.2,25.8],[70.2,25.9],[70.1,25.9],[70.1,26.0],[70.1,26.1],[70.2,26.1],[70.3,26.1],[70.3,26.2],[70.3,26.1],[70.4,26.1],[70.4,26.2],[70.5,26.2],[70.6,26.2],[70.7,26.2],[70.7,26.1],[70.8,26.1],[70.9,26.1],[70.9,26.0],[71.0,26.0],[70.9,26.0],[71.0,26.0],[71.0,26.1],[70.9,26.1],[71.0,26.1],[71.1,26.1],[71.0,26.1],[71.0,26.2],[70.9,26.2],[71.0,26.2],[71.0,26.3],[71.1,26.3],[71.2,26.3],[71.2,26.4],[71.3,26.5],[71.3,26.4],[71.4,26.4],[71.4,26.5],[71.5,26.5]]]}},{"type":"Feature","properties":{"NAME_1":"Rajasthan","NAME_2":"Bharatpur","NAME_0":"India"},"geometry":{"type":"Polygon","coordinates":[[[77.2,27.8],[77.3,27.8],[77.3,27.7],[77.3,27.6],[77.4,27.6],[77.3,27.6],[77.3,27.5],[77.4,27.5],[77.4,27.4],[77.5,27.4],[77.5,27.3],[77.6,27.3],[77.6,27.2],[77.7,27.2],[77.6,27.2],[77.6,27.1],[77.5,27.1],[77.6,27.1],[77.6,27.0],[77.7,27.0],[77.7,27.1],[77.7,27.0],[77.8,27.0],[77.7,27.0],[77.6,27.0],[77.6,26.9],[77.5,26.9],[77.4,26.9],[77.4,26.8],[77.5,26.8],[77.4,26.7],[77.3,26.7],[77.3,26.8],[77.4,26.8],[77.3,26.8],[77.2,26.8],[77.1,26.8],[77.1,26.9],[77.0,26.9],[77.0,27.0],[77.0,27.1],[77.0,27.2],[77.1,27.2],[77.0,27.2],[77.1,27.2],[77.1,27.3],[77.1,27.2],[77.1,27.3],[77.2,27.3],[77.2,27.4],[77.1,27.4],[77.0,27.4],[76.9,27.4],[76.9,27.5],[77.0,27.5],[77.0,27.4],[77.1,27.4],[77.1,27.5],[77.0,27.5],[77.1,27.5],[77.0,27.5],[77.1,27.5],[77.0,27.5],[77.0,27.6],[77.0,27.5],[77.0,27.6],[77.0,27.5],[76.9,27.6],[77.0,27.6],[76.9,27.6],[77.0,27.6],[77.0,27.7],[77.1,27.7],[77.1,27.8],[77.0,27.8],[77.1,27.8],[77.2,27.8],[77.1,27.8],[77.2,27.8]]]}},{"type":"Feature","properties":{"NAME_1":"Rajasthan","NAME_2":"Bhilwara","NAME_0":"India"},"geometry":{"type":"Polygon","coordinates":[[[74.4,25.9],[74.5,25.9],[74.6,25.9],[74.7,25.9],[74.8,25.9],[74.9,25.9],[75.0,25.9],[75.0,25.8],[75.0,25.9],[75.0,25.8],[75.1,25.8],[75.1,25.7],[75.2,25.7],[75.3,25.7],[75.3,25.8],[75.4,25.8],[75.4,25.7],[75.5,25.7],[75.4,25.7],[75.4,25.6],[75.4,25.5],[75.3,25.5],[75.3,25.4],[75.3,25.3],[75.4,25.3],[75.5,25.2],[75.4,25.2],[75.5,25.2],[75.4,25.2],[75.4,25.1],[75.5,25.1],[75.5,25.0],[75.4,25.0],[75.3,25.0],[75.2,25.0],[75.2,25.1],[75.1,25.1],[75.0,25.1],[74.9,25.1],[74.9,25.2],[74.9,25.1],[74.9,25.2],[74.8,25.2],[74.8,25.1],[74.8,25.2],[74.7,25.2],[74.6,25.2],[74.6,25.1],[74.6,25.2],[74.6,25.1],[74.5,25.1],[74.5,25.2],[74.6,25.2],[74.5,25.2],[74.4,25.2],[74.3,25.1],[74.2,25.1],[74.1,25.1],[74.1,25.2],[74.1,25.1],[74.1,25.2],[74.1,25.3],[74.1,25.2],[74.0,25.2],[74.0,25.3],[74.1,25.3],[74.0,25.3],[74.0,25.4],[74.1,25.4],[74.0,25.4],[74.0,25.5],[74.1,25.5],[74.0,25.5],[74.1,25.5],[74.1,25.6],[74.1,25.7],[74.2,25.7],[74.2,25.8],[74.2,25.9],[74.2,25.8],[74.2,25.9],[74.3,25.9],[74.4,26.0],[74.4,25.9]]]}},{"type":"Feature","properties":{"NAME_1":"Rajasthan","NAME_2":"Bikaner","NAME_0":"India"},"geometry":{"type":"Polygon","coordinates":[[[73.8,29.0],[73.8,28.9],[73.9,28.9],[73.9,29.0],[74.0,29.0],[74.0,28.9],[74.0,29.0],[74.1,29.0],[74.1,28.9],[74.1,28.8],[74.2,28.8],[74.1,28.8],[74.1,28.7],[74.2,28.7],[74.1,28.7],[74.1,28.6],[74.1,28.5],[74.1,28.4],[74.0,28.4],[74.0,28.3],[74.1,28.3],[74.0,28.3],[73.9,28.3],[73.8,28.3],[73.7,28.3],[73.7,28.2],[73.7,28.1],[73.6,28.1],[73.7,28.1],[73.7,28.0],[73.7,27.9],[73.7,28.0],[73.7,27.9],[73.7,28.0],[73.7,27.9],[73.8,27.9],[73.8,27.8],[73.8,27.7],[73.8,27.6],[73.9,27.6],[73.8,27.6],[73.9,27.6],[73.8,27.6],[73.8,27.5],[73.7,27.5],[73.7,27.6],[73.6,27.6],[73.6,27.5],[73.5,27.5],[73.5,27.4],[73.5,27.3],[73.4,27.3],[73.4,27.2],[73.3,27.2],[73.3,27.3],[73.2,27.3],[73.1,27.3],[73.1,27.4],[73.0,27.4],[72.9,27.4],[72.9,27.5],[72.8,27.5],[72.8,27.6],[72.8,27.5],[72.7,27.6],[72.7,27.5],[72.6,27.5],[72.6,27.6],[72.5,27.6],[72.4,27.6],[72.4,27.5],[72.3,27.5],[72.2,27.5],[72.3,27.5],[72.2,27.5],[72.3,27.5],[72.3,27.6],[72.3,27.7],[72.2,27.7],[72.1,27.7],[72.1,27.8],[72.2,27.8],[72.1,27.8],[72.2,27.9],[72.1,27.9],[72.0,27.9],[71.9,27.9],[71.9,28.0],[71.9,28.1],[72.0,28.2],[72.1,28.3],[72.2,28.3],[72.2,28.4],[72.2,28.5],[72.3,28.5],[72.3,28.6],[72.3,28.7],[72.4,28.7],[72.4,28.8],[72.5,28.8],[72.6,28.8],[72.6,28.9],[72.7,28.9],[72.7,28.8],[72.8,28.8],[72.9,28.8],[72.9,28.7],[73.0,28.7],[73.1,28.8],[73.2,28.8],[73.2,28.9],[73.2,28.8],[73.2,28.9],[73.3,28.9],[73.3,29.0],[73.4,29.0],[73.5,29.0],[73.6,29.0],[73.7,29.0],[73.8,29.0],[73.8,29.1],[73.8,29.0]]]}},{"type":"Feature","properties":{"NAME_1":"Rajasthan","NAME_2":"Bundi","NAME_0":"India"},"geometry":{"type":"Polygon","coordinates":[[[76.0,25.9],[76.1,25.9],[76.1,25.8],[76.0,25.8],[76.1,25.8],[76.2,25.8],[76.1,25.8],[76.1,25.7],[76.2,25.7],[76.3,25.7],[76.3,25.6],[76.3,25.5],[76.2,25.5],[76.2,25.4],[76.1,25.4],[76.2,25.4],[76.2,25.3],[76.1,25.3],[76.1,25.4],[76.1,25.3],[76.0,25.3],[76.0,25.2],[76.0,25.3],[75.9,25.3],[75.9,25.2],[75.8,25.2],[75.8,25.3],[75.8,25.2],[75.7,25.2],[75.7,25.1],[75.8,25.1],[75.7,25.1],[75.7,25.0],[75.6,25.0],[75.5,25.0],[75.4,25.0],[75.5,25.0],[75.5,25.1],[75.4,25.1],[75.4,25.2],[75.5,25.2],[75.4,25.2],[75.5,25.2],[75.4,25.3],[75.3,25.3],[75.3,25.4],[75.3,25.5],[75.4,25.5],[75.4,25.6],[75.4,25.7],[75.5,25.7],[75.5,25.8],[75.5,25.7],[75.6,25.7],[75.7,25.7],[75.7,25.8],[75.8,25.8],[75.8,25.9],[75.9,25.9],[75.9,25.8],[76.0,25.8],[76.0,25.9]]]}},{"type":"Feature","properties":{"NAME_1":"Rajasthan","NAME_2":"Chittaurgarh","NAME_0":"India"},"geometry":{"type":"MultiPolygon","coordinates":[[[[75.5,25.0],[75.4,25.0],[75.5,25.0],[75.6,25.0],[75.7,25.0],[75.7,24.9],[75.8,24.9],[75.8,24.8],[75.7,24.8],[75.7,24.7],[75.6,24.7],[75.5,24.7],[75.4,24.7],[75.3,24.7],[75.2,24.7],[75.2,24.8],[75.3,24.8],[75.2,24.8],[75.2,24.9],[75.3,24.9],[75.3,24.8],[75.4,24.8],[75.4,24.9],[75.3,24.9],[75.3,25.0],[75.3,24.9],[75.3,25.0],[75.4,25.0],[75.5,25.0]]],[[[74.8,25.2],[74.8,25.1],[74.8,25.2],[74.9,25.2],[74.9,25.1],[74.9,25.2],[74.9,25.1],[75.0,25.1],[75.1,25.1],[75.2,25.1],[75.2,25.0],[75.2,25.1],[75.2,25.0],[75.1,25.0],[75.1,24.9],[75.0,24.9],[74.9,24.9],[75.0,24.9],[74.9,24.9],[74.9,25.0],[74.8,25.0],[74.8,24.9],[74.9,24.9],[74.9,24.8],[74.8,24.8],[74.9,24.8],[75.0,24.8],[75.0,24.7],[74.9,24.7],[74.8,24.7],[74.8,24.8],[74.8,24.7],[74.8,24.6],[74.7,24.6],[74.8,24.6],[74.7,24.6],[74.7,24.5],[74.8,24.5],[74.9,24.5],[74.9,24.4],[74.8,24.4],[74.8,24.3],[74.9,24.3],[74.9,24.2],[74.9,24.1],[75.0,24.1],[75.0,24.0],[74.9,24.0],[74.9,23.9],[74.9,23.8],[74.9,23.7],[74.9,23.6],[74.8,23.6],[74.8,23.5],[74.8,23.6],[74.7,23.6],[74.7,23.7],[74.8,23.7],[74.8,23.8],[74.7,23.9],[74.6,23.9],[74.5,23.9],[74.5,24.0],[74.6,24.0],[74.6,24.1],[74.6,24.2],[74.5,24.2],[74.5,24.3],[74.4,24.3],[74.4,24.4],[74.3,24.4],[74.4,24.4],[74.3,24.4],[74.3,24.5],[74.4,24.5],[74.3,24.5],[74.2,24.5],[74.3,24.5],[74.3,24.6],[74.2,24.6],[74.3,24.6],[74.3,24.7],[74.2,24.7],[74.2,24.6],[74.2,24.7],[74.1,24.7],[74.1,24.8],[74.1,24.9],[74.2,24.9],[74.2,25.0],[74.3,25.0],[74.3,25.1],[74.4,25.2],[74.5,25.2],[74.6,25.2],[74.5,25.2],[74.5,25.1],[74.6,25.1],[74.6,25.2],[74.6,25.1],[74.6,25.2],[74.7,25.2],[74.8,25.2]]]]}},{"type":"Feature","properties":{"NAME_1":"Rajasthan","NAME_2":"Churu","NAME_0":"India"},"geometry":{"type":"Polygon","coordinates":[[[75.4,29.0],[75.5,28.9],[75.5,28.8],[75.5,28.7],[75.5,28.6],[75.6,28.6],[75.6,28.5],[75.7,28.5],[75.6,28.5],[75.6,28.4],[75.5,28.4],[75.5,28.3],[75.4,28.3],[75.4,28.4],[75.4,28.3],[75.4,28.4],[75.3,28.4],[75.3,28.5],[75.2,28.5],[75.2,28.4],[75.1,28.4],[75.2,28.4],[75.2,28.3],[75.1,28.3],[75.0,28.3],[75.0,28.2],[74.9,28.2],[74.9,28.1],[74.8,28.1],[74.8,28.0],[74.8,27.9],[74.7,27.9],[74.8,27.9],[74.8,27.8],[74.7,27.8],[74.7,27.7],[74.6,27.7],[74.5,27.7],[74.4,27.7],[74.3,27.7],[74.3,27.6],[74.2,27.6],[74.2,27.5],[74.2,27.4],[74.1,27.4],[74.1,27.5],[74.0,27.5],[73.9,27.5],[73.8,27.6],[73.9,27.6],[73.8,27.6],[73.9,27.6],[73.8,27.6],[73.8,27.7],[73.8,27.8],[73.8,27.9],[73.7,27.9],[73.7,28.0],[73.7,27.9],[73.7,28.0],[73.7,27.9],[73.7,28.0],[73.7,28.1],[73.6,28.1],[73.7,28.1],[73.7,28.2],[73.7,28.3],[73.8,28.3],[73.9,28.3],[74.0,28.3],[74.1,28.3],[74.0,28.3],[74.0,28.4],[74.1,28.4],[74.1,28.5],[74.1,28.6],[74.1,28.7],[74.2,28.7],[74.1,28.7],[74.1,28.8],[74.2,28.8],[74.3,28.8],[74.4,28.9],[74.4,28.8],[74.5,28.8],[74.6,28.8],[74.7,28.8],[74.7,28.9],[74.7,28.8],[74.8,28.8],[74.8,28.9],[74.9,28.9],[75.0,28.9],[75.1,28.9],[75.2,28.9],[75.2,28.8],[75.2,28.9],[75.3,28.9],[75.3,29.0],[75.4,29.0],[75.4,28.9],[75.3,28.9],[75.4,28.9],[75.4,29.0]]]}},{"type":"Feature","properties":{"NAME_1":"Rajasthan","NAME_2":"Dausa","NAME_0":"India"},"geometry":{"type":"Polygon","coordinates":[[[76.9,27.2],[76.9,27.1],[76.9,27.2],[77.0,27.2],[77.0,27.1],[77.0,27.0],[77.0,26.9],[77.1,26.9],[77.0,26.8],[77.0,26.9],[76.9,26.9],[76.8,27.0],[76.8,26.9],[76.7,26.9],[76.7,26.8],[76.6,26.8],[76.5,26.8],[76.5,26.7],[76.4,26.6],[76.4,26.5],[76.4,26.6],[76.5,26.6],[76.5,26.5],[76.4,26.5],[76.4,26.4],[76.3,26.4],[76.3,26.5],[76.3,26.4],[76.2,26.4],[76.2,26.5],[76.2,26.6],[76.2,26.7],[76.2,26.8],[76.3,26.8],[76.2,26.8],[76.2,26.9],[76.3,26.9],[76.2,26.9],[76.2,27.0],[76.3,27.0],[76.3,27.1],[76.4,27.1],[76.5,27.1],[76.6,27.1],[76.5,27.1],[76.6,27.1],[76.6,27.2],[76.5,27.2],[76.6,27.2],[76.6,27.1],[76.7,27.1],[76.8,27.1],[76.8,27.2],[76.9,27.2]]]}},{"type":"Feature","properties":{"NAME_1":"Rajasthan","NAME_2":"Dhaulpur","NAME_0":"India"},"geometry":{"type":"Polygon","coordinates":[[[78.1,27.0],[78.2,27.0],[78.2,26.9],[78.2,27.0],[78.2,26.9],[78.3,26.9],[78.2,26.9],[78.2,26.8],[78.1,26.8],[78.1,26.7],[78.0,26.7],[77.9,26.7],[77.9,26.6],[77.8,26.6],[77.8,26.5],[77.7,26.5],[77.6,26.5],[77.6,26.4],[77.5,26.4],[77.4,26.4],[77.3,26.4],[77.2,26.4],[77.2,26.5],[77.2,26.6],[77.3,26.6],[77.4,26.6],[77.3,26.6],[77.3,26.7],[77.4,26.7],[77.3,26.7],[77.4,26.7],[77.5,26.8],[77.6,26.8],[77.7,26.9],[77.8,26.9],[77.9,26.9],[78.0,26.9],[78.1,26.9],[78.1,27.0]]]}},{"type":"Feature","properties":{"NAME_1":"Rajasthan","NAME_2":"Dungarpur","NAME_0":"India"},"geometry":{"type":"Polygon","coordinates":[[[74.1,24.0],[74.2,24.0],[74.2,23.9],[74.3,23.9],[74.3,24.0],[74.3,23.9],[74.4,23.9],[74.3,23.9],[74.3,23.8],[74.2,23.8],[74.1,23.8],[74.1,23.7],[74.1,23.6],[74.0,23.6],[74.0,23.5],[74.0,23.4],[73.9,23.4],[73.9,23.3],[73.9,23.4],[73.8,23.4],[73.8,23.5],[73.8,23.4],[73.7,23.4],[73.7,23.5],[73.7,23.4],[73.6,23.5],[73.7,23.5],[73.6,23.5],[73.6,23.6],[73.7,23.6],[73.6,23.6],[73.7,23.6],[73.6,23.6],[73.6,23.7],[73.6,23.6],[73.5,23.6],[73.5,23.7],[73.5,23.8],[73.4,23.8],[73.5,23.8],[73.5,23.9],[73.6,23.9],[73.6,24.0],[73.6,23.9],[73.7,23.9],[73.7,24.0],[73.7,23.9],[73.7,24.0],[73.7,23.9],[73.8,23.9],[73.9,23.9],[73.9,24.0],[74.0,24.0],[74.1,24.0]]]}},{"type":"Feature","properties":{"NAME_1":"Rajasthan","NAME_2":"Ganganagar","NAME_0":"India"},"geometry":{"type":"Polygon","coordinates":[[[73.9,30.0],[74.0,30.0],[74.1,30.0],[74.2,30.0],[74.3,30.0],[74.3,29.9],[74.3,29.8],[74.3,29.7],[74.2,29.7],[74.1,29.7],[74.1,29.6],[74.0,29.6],[74.0,29.7],[74.0,29.6],[74.0,29.5],[74.1,29.4],[74.1,29.3],[74.2,29.3],[74.2,29.2],[74.1,29.2],[74.2,29.2],[74.1,29.2],[74.1,29.1],[74.2,29.1],[74.1,29.1],[74.1,29.0],[74.1,28.9],[74.1,29.0],[74.0,29.0],[74.0,28.9],[74.0,29.0],[73.9,29.0],[73.9,28.9],[73.8,28.9],[73.8,29.0],[73.8,29.1],[73.8,29.0],[73.7,29.0],[73.6,29.0],[73.5,29.0],[73.4,29.0],[73.3,29.0],[73.3,28.9],[73.2,28.9],[73.2,28.8],[73.2,28.9],[73.2,28.8],[73.1,28.8],[73.0,28.7],[72.9,28.7],[72.9,28.8],[72.8,28.8],[72.7,28.8],[72.7,28.9],[72.6,28.9],[72.7,28.9],[72.8,29.0],[72.9,29.0],[73.0,29.0],[73.0,29.1],[73.0,29.2],[73.1,29.2],[73.1,29.3],[73.2,29.4],[73.2,29.5],[73.3,29.5],[73.3,29.6],[73.3,29.7],[73.3,29.8],[73.4,29.8],[73.4,29.9],[73.5,30.0],[73.6,30.0],[73.7,30.0],[73.8,30.1],[73.9,30.1],[73.9,30.2],[74.0,30.2],[74.0,30.1],[73.9,30.1],[73.9,30.0]]]}},{"type":"Feature","properties":{"NAME_1":"Rajasthan","NAME_2":"Hanumangarh","NAME_0":"India"},"geometry":{"type":"Polygon","coordinates":[[[74.4,30.0],[74.4,29.9],[74.5,29.9],[74.6,29.9],[74.5,29.9],[74.5,29.8],[74.5,29.7],[74.5,29.8],[74.6,29.8],[74.6,29.7],[74.6,29.6],[74.6,29.5],[74.5,29.5],[74.5,29.4],[74.6,29.4],[74.6,29.3],[74.6,29.4],[74.7,29.4],[74.8,29.4],[74.9,29.4],[74.9,29.3],[75.0,29.3],[74.9,29.3],[75.0,29.3],[75.1,29.3],[75.1,29.2],[75.2,29.3],[75.2,29.2],[75.2,29.3],[75.3,29.3],[75.3,29.2],[75.4,29.2],[75.4,29.3],[75.4,29.2],[75.4,29.1],[75.4,29.0],[75.5,29.0],[75.5,28.9],[75.4,29.0],[75.4,28.9],[75.3,28.9],[75.4,28.9],[75.4,29.0],[75.3,29.0],[75.3,28.9],[75.2,28.9],[75.2,28.8],[75.2,28.9],[75.1,28.9],[75.0,28.9],[74.9,28.9],[74.8,28.9],[74.8,28.8],[74.7,28.8],[74.7,28.9],[74.7,28.8],[74.6,28.8],[74.5,28.8],[74.4,28.8],[74.4,28.9],[74.3,28.8],[74.2,28.8],[74.1,28.8],[74.1,28.9],[74.1,29.0],[74.1,29.1],[74.2,29.1],[74.1,29.1],[74.1,29.2],[74.2,29.2],[74.1,29.2],[74.2,29.2],[74.2,29.3],[74.1,29.3],[74.1,29.4],[74.0,29.5],[74.0,29.6],[74.0,29.7],[74.0,29.6],[74.1,29.6],[74.1,29.7],[74.2,29.7],[74.3,29.7],[74.3,29.8],[74.3,29.9],[74.3,30.0],[74.4,30.0]]]}},{"type":"Feature","properties":{"NAME_1":"Rajasthan","NAME_2":"Jaipur","NAME_0":"India"},"geometry":{"type":"Polygon","coordinates":[[[76.2,27.8],[76.2,27.9],[76.2,27.8],[76.3,27.8],[76.2,27.8],[76.2,27.7],[76.3,27.7],[76.2,27.7],[76.2,27.6],[76.2,27.5],[76.2,27.4],[76.2,27.3],[76.1,27.3],[76.1,27.2],[76.2,27.2],[76.2,27.1],[76.2,27.2],[76.3,27.2],[76.3,27.1],[76.3,27.0],[76.2,27.0],[76.2,26.9],[76.3,26.9],[76.2,26.9],[76.2,26.8],[76.3,26.8],[76.2,26.8],[76.2,26.7],[76.2,26.6],[76.2,26.5],[76.1,26.5],[76.0,26.5],[75.9,26.5],[75.8,26.5],[75.8,26.6],[75.8,26.5],[75.7,26.5],[75.7,26.4],[75.7,26.5],[75.6,26.5],[75.6,26.4],[75.6,26.5],[75.5,26.5],[75.4,26.5],[75.3,26.5],[75.3,26.6],[75.3,26.5],[75.2,26.5],[75.1,26.5],[75.1,26.6],[75.1,26.5],[75.1,26.6],[75.1,26.7],[75.0,26.7],[74.9,26.7],[75.0,26.7],[75.0,26.8],[74.9,26.7],[74.9,26.8],[75.0,26.8],[75.0,26.9],[75.1,26.9],[75.2,26.9],[75.2,27.0],[75.3,27.0],[75.2,27.0],[75.2,27.1],[75.3,27.1],[75.4,27.1],[75.3,27.1],[75.3,27.2],[75.3,27.1],[75.3,27.2],[75.4,27.2],[75.4,27.3],[75.5,27.3],[75.6,27.3],[75.7,27.3],[75.7,27.4],[75.8,27.4],[75.9,27.4],[75.9,27.5],[76.0,27.5],[75.9,27.5],[75.9,27.6],[76.0,27.6],[75.9,27.6],[76.0,27.6],[75.9,27.6],[76.0,27.6],[76.0,27.7],[76.0,27.8],[76.1,27.8],[76.1,27.9],[76.1,27.8],[76.2,27.8]]]}},{"type":"Feature","properties":{"NAME_1":"Rajasthan","NAME_2":"Jaisalmer","NAME_0":"India"},"geometry":{"type":"Polygon","coordinates":[[[70.9,27.7],[71.0,27.7],[71.0,27.8],[71.1,27.8],[71.2,27.8],[71.3,27.8],[71.3,27.9],[71.4,27.9],[71.5,27.9],[71.6,27.9],[71.7,27.9],[71.8,27.9],[71.9,27.9],[71.9,28.0],[71.9,27.9],[72.0,27.9],[72.1,27.9],[72.2,27.9],[72.1,27.8],[72.2,27.8],[72.1,27.8],[72.1,27.7],[72.2,27.7],[72.3,27.7],[72.3,27.6],[72.3,27.5],[72.2,27.5],[72.1,27.5],[72.1,27.6],[72.0,27.6],[72.0,27.5],[71.9,27.5],[71.9,27.6],[71.9,27.5],[71.8,27.5],[71.8,27.4],[71.8,27.3],[71.8,27.2],[71.9,27.2],[72.0,27.2],[72.0,27.1],[72.1,27.1],[72.1,27.0],[72.0,27.0],[72.1,27.0],[72.0,27.0],[72.1,27.0],[72.0,26.9],[72.1,26.9],[72.1,26.8],[72.0,26.8],[72.1,26.8],[72.1,26.7],[72.0,26.7],[72.1,26.7],[72.1,26.6],[72.1,26.5],[72.0,26.5],[72.1,26.5],[72.1,26.4],[72.1,26.3],[72.0,26.3],[71.9,26.3],[71.9,26.4],[71.8,26.4],[71.8,26.3],[71.8,26.4],[71.7,26.4],[71.6,26.4],[71.6,26.5],[71.5,26.5],[71.4,26.5],[71.4,26.4],[71.3,26.4],[71.3,26.5],[71.2,26.4],[71.2,26.3],[71.1,26.3],[71.0,26.3],[71.0,26.2],[70.9,26.2],[71.0,26.2],[71.0,26.1],[71.1,26.1],[71.0,26.1],[70.9,26.1],[71.0,26.1],[71.0,26.0],[70.9,26.0],[71.0,26.0],[70.9,26.0],[70.9,26.1],[70.8,26.1],[70.7,26.1],[70.7,26.2],[70.6,26.2],[70.5,26.2],[70.4,26.2],[70.4,26.1],[70.3,26.1],[70.3,26.2],[70.3,26.1],[70.2,26.1],[70.1,26.1],[70.1,26.0],[70.1,25.9],[70.2,25.9],[70.1,25.9],[70.1,26.0],[70.1,26.1],[70.1,26.2],[70.2,26.2],[70.2,26.3],[70.2,26.4],[70.2,26.5],[70.2,26.6],[70.1,26.6],[70.0,26.6],[69.9,26.6],[69.8,26.6],[69.7,26.6],[69.7,26.7],[69.6,26.7],[69.5,26.7],[69.5,26.8],[69.5,26.9],[69.5,27.0],[69.5,27.1],[69.6,27.1],[69.6,27.2],[69.7,27.3],[69.8,27.3],[69.8,27.4],[69.9,27.4],[69.9,27.5],[70.0,27.5],[70.0,27.6],[70.1,27.6],[70.1,27.7],[70.1,27.8],[70.2,27.8],[70.2,27.9],[70.3,27.9],[70.3,28.0],[70.4,28.0],[70.5,28.0],[70.6,28.0],[70.7,27.9],[70.7,27.8],[70.7,27.7],[70.8,27.7],[70.9,27.7]]]}},{"type":"Feature","properties":{"NAME_1":"Rajasthan","NAME_2":"Jalor","NAME_0":"India"},"geometry":{"type":"Polygon","coordinates":[[[72.9,25.7],[72.9,25.6],[73.0,25.6],[73.1,25.6],[73.1,25.5],[73.1,25.4],[73.0,25.4],[73.0,25.3],[73.0,25.4],[72.9,25.4],[73.0,25.3],[73.0,25.2],[72.9,25.2],[72.9,25.3],[72.9,25.2],[72.9,25.3],[72.9,25.2],[72.9,25.3],[72.8,25.3],[72.8,25.2],[72.7,25.2],[72.7,25.1],[72.7,25.0],[72.6,25.0],[72.6,24.9],[72.5,24.9],[72.5,24.8],[72.5,24.7],[72.5,24.8],[72.4,24.8],[72.4,24.7],[72.3,24.7],[72.3,24.6],[72.2,24.6],[72.1,24.6],[72.1,24.7],[72.0,24.7],[72.0,24.6],[71.9,24.6],[71.9,24.7],[71.9,24.6],[71.8,24.6],[71.8,24.7],[71.7,24.7],[71.7,24.6],[71.6,24.6],[71.6,24.7],[71.5,24.7],[71.4,24.7],[71.4,24.6],[71.4,24.7],[71.3,24.6],[71.2,24.6],[71.2,24.7],[71.3,24.7],[71.3,24.8],[71.3,24.9],[71.4,24.9],[71.3,24.9],[71.4,24.9],[71.4,25.0],[71.5,25.0],[71.6,25.0],[71.7,25.0],[71.7,25.1],[71.8,25.1],[71.8,25.0],[71.8,25.1],[71.8,25.2],[71.9,25.2],[71.9,25.3],[72.0,25.3],[71.9,25.3],[71.9,25.4],[72.0,25.4],[72.0,25.5],[72.1,25.5],[72.1,25.4],[72.2,25.4],[72.3,25.4],[72.4,25.4],[72.4,25.5],[72.4,25.4],[72.5,25.5],[72.6,25.5],[72.6,25.6],[72.7,25.6],[72.7,25.7],[72.8,25.7],[72.7,25.8],[72.8,25.8],[72.9,25.8],[72.9,25.7]]]}},{"type":"Feature","properties":{"NAME_1":"Rajasthan","NAME_2":"Jhalawar","NAME_0":"India"},"geometry":{"type":"Polygon","coordinates":[[[76.4,24.9],[76.4,24.8],[76.4,24.7],[76.5,24.7],[76.5,24.6],[76.5,24.5],[76.6,24.5],[76.6,24.4],[76.7,24.4],[76.8,24.5],[76.8,24.4],[76.9,24.4],[76.8,24.4],[76.9,24.4],[76.8,24.4],[76.9,24.4],[76.8,24.4],[76.8,24.3],[76.9,24.3],[76.9,24.2],[76.9,24.1],[76.8,24.1],[76.8,24.2],[76.7,24.2],[76.7,24.3],[76.6,24.3],[76.6,24.2],[76.6,24.3],[76.6,24.2],[76.5,24.2],[76.4,24.2],[76.3,24.3],[76.3,24.2],[76.2,24.2],[76.2,24.3],[76.1,24.3],[76.2,24.2],[76.1,24.2],[76.1,24.1],[76.0,24.1],[76.0,24.0],[76.0,23.9],[75.9,23.9],[75.8,23.9],[75.7,23.9],[75.7,23.8],[75.6,23.8],[75.6,23.9],[75.5,23.9],[75.5,24.0],[75.6,24.0],[75.7,24.0],[75.8,24.0],[75.8,24.1],[75.7,24.1],[75.8,24.2],[75.8,24.3],[75.7,24.3],[75.7,24.4],[75.8,24.4],[75.7,24.4],[75.8,24.4],[75.8,24.5],[75.8,24.4],[75.9,24.4],[75.9,24.5],[75.9,24.6],[75.9,24.5],[76.0,24.5],[76.0,24.6],[76.1,24.6],[76.1,24.7],[76.2,24.6],[76.2,24.7],[76.2,24.8],[76.3,24.8],[76.3,24.9],[76.3,24.8],[76.3,24.9],[76.4,24.9]]]}},{"type":"Feature","properties":{"NAME_1":"Rajasthan","NAME_2":"Jhunjhunun","NAME_0":"India"},"geometry":{"type":"Polygon","coordinates":[[[75.7,28.5],[75.8,28.5],[75.8,28.4],[75.9,28.4],[75.9,28.3],[76.0,28.3],[76.0,28.2],[76.1,28.2],[76.0,28.2],[76.1,28.2],[76.1,28.1],[76.1,28.2],[76.0,28.2],[76.0,28.1],[75.9,28.1],[76.0,28.1],[76.0,28.0],[76.0,27.9],[75.9,27.9],[75.9,28.0],[75.9,27.9],[75.8,27.9],[75.8,27.8],[75.7,27.8],[75.7,27.7],[75.6,27.7],[75.5,27.7],[75.4,27.7],[75.4,27.6],[75.4,27.7],[75.4,27.6],[75.4,27.7],[75.3,27.7],[75.3,27.8],[75.2,27.8],[75.2,27.9],[75.2,28.0],[75.1,28.0],[75.1,28.1],[75.1,28.2],[75.0,28.2],[75.1,28.2],[75.0,28.2],[75.0,28.3],[75.1,28.3],[75.2,28.3],[75.2,28.4],[75.1,28.4],[75.2,28.4],[75.2,28.5],[75.3,28.5],[75.3,28.4],[75.4,28.4],[75.4,28.3],[75.4,28.4],[75.4,28.3],[75.5,28.3],[75.5,28.4],[75.6,28.4],[75.6,28.5],[75.7,28.5]]]}},{"type":"Feature","properties":{"NAME_1":"Rajasthan","NAME_2":"Jodhpur","NAME_0":"India"},"geometry":{"type":"Polygon","coordinates":[[[72.6,27.6],[72.6,27.5],[72.7,27.5],[72.7,27.6],[72.8,27.5],[72.8,27.6],[72.8,27.5],[72.9,27.5],[72.9,27.4],[73.0,27.4],[73.1,27.4],[73.1,27.3],[73.2,27.3],[73.1,27.2],[73.2,27.2],[73.2,27.1],[73.2,27.0],[73.1,27.0],[73.1,26.9],[73.2,26.9],[73.3,26.9],[73.4,26.9],[73.5,26.9],[73.6,26.9],[73.6,26.8],[73.7,26.8],[73.7,26.7],[73.6,26.7],[73.7,26.7],[73.7,26.6],[73.7,26.5],[73.8,26.5],[73.9,26.5],[73.9,26.4],[73.8,26.4],[73.9,26.4],[73.8,26.4],[73.8,26.3],[73.8,26.2],[73.8,26.1],[73.7,26.1],[73.6,26.1],[73.7,26.1],[73.6,26.1],[73.7,26.1],[73.6,26.1],[73.5,26.1],[73.4,26.1],[73.4,26.2],[73.4,26.1],[73.3,26.1],[73.4,26.1],[73.3,26.1],[73.3,26.0],[73.3,26.1],[73.2,26.1],[73.2,26.0],[73.1,26.0],[73.0,26.0],[73.0,25.9],[72.9,25.9],[72.8,25.9],[72.7,25.9],[72.7,26.0],[72.6,26.0],[72.7,26.0],[72.7,26.1],[72.7,26.2],[72.6,26.2],[72.6,26.3],[72.5,26.3],[72.4,26.3],[72.4,26.2],[72.3,26.2],[72.2,26.2],[72.2,26.3],[72.1,26.3],[72.1,26.4],[72.1,26.5],[72.0,26.5],[72.1,26.5],[72.1,26.6],[72.1,26.7],[72.0,26.7],[72.1,26.7],[72.1,26.8],[72.0,26.8],[72.1,26.8],[72.1,26.9],[72.0,26.9],[72.1,27.0],[72.0,27.0],[72.1,27.0],[72.0,27.0],[72.1,27.0],[72.1,27.1],[72.0,27.1],[72.0,27.2],[71.9,27.2],[71.8,27.2],[71.8,27.3],[71.8,27.4],[71.8,27.5],[71.9,27.5],[71.9,27.6],[71.9,27.5],[72.0,27.5],[72.0,27.6],[72.1,27.6],[72.1,27.5],[72.2,27.5],[72.3,27.5],[72.2,27.5],[72.3,27.5],[72.2,27.5],[72.3,27.5],[72.4,27.5],[72.4,27.6],[72.5,27.6],[72.6,27.6]]]}},{"type":"Feature","properties":{"NAME_1":"Rajasthan","NAME_2":"Karauli","NAME_0":"India"},"geometry":{"type":"Polygon","coordinates":[[[77.0,26.8],[77.1,26.9],[77.1,26.8],[77.2,26.8],[77.3,26.8],[77.4,26.8],[77.3,26.8],[77.3,26.7],[77.4,26.7],[77.3,26.7],[77.3,26.6],[77.4,26.6],[77.3,26.6],[77.2,26.6],[77.2,26.5],[77.2,26.4],[77.3,26.4],[77.4,26.4],[77.3,26.4],[77.3,26.3],[77.2,26.3],[77.2,26.2],[77.1,26.2],[77.0,26.2],[77.0,26.1],[76.9,26.1],[76.9,26.0],[76.8,26.0],[76.8,26.1],[76.7,26.1],[76.7,26.2],[76.6,26.2],[76.6,26.3],[76.6,26.4],[76.7,26.4],[76.8,26.4],[76.8,26.5],[76.9,26.5],[76.9,26.6],[76.9,26.5],[77.0,26.6],[76.9,26.6],[77.0,26.6],[76.9,26.6],[76.9,26.7],[76.9,26.6],[76.8,26.6],[76.7,26.5],[76.7,26.6],[76.6,26.6],[76.5,26.6],[76.4,26.6],[76.5,26.7],[76.5,26.8],[76.6,26.8],[76.7,26.8],[76.7,26.9],[76.8,26.9],[76.8,27.0],[76.9,26.9],[77.0,26.9],[77.0,26.8]]]}},{"type":"Feature","properties":{"NAME_1":"Rajasthan","NAME_2":"Kota","NAME_0":"India"},"geometry":{"type":"Polygon","coordinates":[[[76.5,25.8],[76.6,25.8],[76.5,25.8],[76.5,25.7],[76.5,25.6],[76.5,25.5],[76.6,25.5],[76.6,25.4],[76.5,25.4],[76.4,25.4],[76.3,25.4],[76.3,25.3],[76.3,25.2],[76.3,25.3],[76.3,25.2],[76.2,25.2],[76.3,25.2],[76.2,25.2],[76.2,25.1],[76.2,25.0],[76.3,25.0],[76.4,25.0],[76.4,24.9],[76.5,24.9],[76.6,24.9],[76.6,24.8],[76.5,24.8],[76.4,24.8],[76.4,24.9],[76.3,24.9],[76.3,24.8],[76.3,24.9],[76.3,24.8],[76.2,24.8],[76.2,24.7],[76.2,24.6],[76.1,24.7],[76.1,24.6],[76.0,24.6],[76.0,24.5],[75.9,24.5],[75.9,24.6],[75.9,24.5],[75.9,24.6],[75.8,24.6],[75.8,24.7],[75.8,24.8],[75.8,24.9],[75.7,24.9],[75.7,25.0],[75.6,25.0],[75.7,25.0],[75.7,25.1],[75.8,25.1],[75.7,25.1],[75.7,25.2],[75.8,25.2],[75.8,25.3],[75.8,25.2],[75.9,25.2],[75.9,25.3],[76.0,25.3],[76.0,25.2],[76.0,25.3],[76.1,25.3],[76.1,25.4],[76.1,25.3],[76.2,25.3],[76.2,25.4],[76.1,25.4],[76.2,25.4],[76.2,25.5],[76.3,25.5],[76.3,25.6],[76.3,25.7],[76.2,25.7],[76.1,25.7],[76.1,25.8],[76.2,25.8],[76.3,25.8],[76.4,25.7],[76.4,25.8],[76.5,25.8]]]}},{"type":"Feature","properties":{"NAME_1":"Rajasthan","NAME_2":"Nagaur","NAME_0":"India"},"geometry":{"type":"Polygon","coordinates":[[[74.6,27.7],[74.7,27.7],[74.7,27.6],[74.8,27.6],[74.7,27.6],[74.7,27.5],[74.8,27.5],[74.9,27.5],[74.9,27.4],[74.8,27.4],[74.9,27.4],[74.9,27.3],[75.0,27.4],[75.0,27.3],[75.0,27.4],[75.1,27.4],[75.1,27.3],[75.2,27.3],[75.1,27.3],[75.1,27.2],[75.2,27.2],[75.2,27.1],[75.3,27.1],[75.3,27.2],[75.3,27.1],[75.3,27.2],[75.3,27.1],[75.4,27.1],[75.3,27.1],[75.2,27.1],[75.2,27.0],[75.3,27.0],[75.2,27.0],[75.2,26.9],[75.1,26.9],[75.0,26.9],[75.0,27.0],[75.0,26.9],[75.0,27.0],[74.9,27.0],[74.8,27.0],[74.8,26.9],[74.8,26.8],[74.7,26.8],[74.7,26.7],[74.7,26.6],[74.6,26.6],[74.5,26.6],[74.5,26.5],[74.4,26.5],[74.3,26.5],[74.4,26.5],[74.3,26.5],[74.3,26.4],[74.3,26.5],[74.2,26.5],[74.2,26.4],[74.1,26.4],[74.1,26.5],[74.1,26.4],[74.0,26.4],[73.9,26.4],[73.9,26.5],[73.8,26.5],[73.7,26.5],[73.7,26.6],[73.7,26.7],[73.6,26.7],[73.7,26.7],[73.7,26.8],[73.6,26.8],[73.6,26.9],[73.5,26.9],[73.4,26.9],[73.3,26.9],[73.2,26.9],[73.1,26.9],[73.1,27.0],[73.2,27.0],[73.2,27.1],[73.2,27.2],[73.1,27.2],[73.2,27.3],[73.3,27.3],[73.3,27.2],[73.4,27.2],[73.4,27.3],[73.5,27.3],[73.5,27.4],[73.5,27.5],[73.6,27.5],[73.6,27.6],[73.7,27.6],[73.7,27.5],[73.8,27.5],[73.8,27.6],[73.9,27.5],[74.0,27.5],[74.1,27.5],[74.1,27.4],[74.2,27.4],[74.2,27.5],[74.2,27.6],[74.3,27.6],[74.3,27.7],[74.4,27.7],[74.5,27.7],[74.6,27.7]]]}},{"type":"Feature","properties":{"NAME_1":"Rajasthan","NAME_2":"Pali","NAME_0":"India"},"geometry":{"type":"Polygon","coordinates":[[[74.2,26.5],[74.3,26.5],[74.3,26.4],[74.3,26.3],[74.4,26.3],[74.4,26.2],[74.3,26.2],[74.3,26.1],[74.2,26.1],[74.2,26.0],[74.2,26.1],[74.2,26.0],[74.1,26.0],[74.2,26.0],[74.1,25.9],[74.2,25.9],[74.1,25.9],[74.1,25.8],[74.1,25.9],[74.1,25.8],[74.0,25.8],[74.0,25.9],[74.0,25.8],[73.9,25.8],[73.9,25.7],[73.9,25.6],[73.8,25.6],[73.8,25.5],[73.8,25.4],[73.7,25.4],[73.7,25.3],[73.6,25.3],[73.7,25.3],[73.6,25.3],[73.6,25.2],[73.5,25.2],[73.5,25.1],[73.4,25.1],[73.4,25.0],[73.3,25.0],[73.3,24.9],[73.2,24.8],[73.1,24.8],[73.2,24.8],[73.1,24.8],[73.1,24.9],[73.0,24.9],[73.0,25.0],[73.1,25.0],[73.1,25.1],[73.1,25.2],[73.0,25.2],[73.0,25.1],[73.1,25.1],[73.0,25.1],[73.0,25.2],[72.9,25.2],[73.0,25.2],[72.9,25.2],[73.0,25.2],[73.0,25.3],[72.9,25.4],[73.0,25.4],[73.0,25.3],[73.0,25.4],[73.1,25.4],[73.1,25.5],[73.1,25.6],[73.0,25.6],[72.9,25.6],[72.9,25.7],[72.9,25.8],[72.8,25.8],[72.9,25.8],[72.8,25.9],[72.9,25.9],[73.0,25.9],[73.0,26.0],[73.1,26.0],[73.2,26.0],[73.2,26.1],[73.3,26.1],[73.3,26.0],[73.3,26.1],[73.4,26.1],[73.3,26.1],[73.4,26.1],[73.4,26.2],[73.4,26.1],[73.5,26.1],[73.6,26.1],[73.7,26.1],[73.6,26.1],[73.7,26.1],[73.6,26.1],[73.7,26.1],[73.8,26.1],[73.8,26.2],[73.8,26.3],[73.8,26.4],[73.9,26.4],[73.8,26.4],[73.9,26.4],[74.0,26.4],[74.1,26.4],[74.1,26.5],[74.1,26.4],[74.2,26.4],[74.2,26.5]]]}},{"type":"Feature","properties":{"NAME_1":"Rajasthan","NAME_2":"Rajsamand","NAME_0":"India"},"geometry":{"type":"Polygon","coordinates":[[[74.1,25.9],[74.2,25.9],[74.2,25.8],[74.2,25.9],[74.2,25.8],[74.2,25.7],[74.1,25.7],[74.1,25.6],[74.1,25.5],[74.0,25.5],[74.1,25.5],[74.0,25.5],[74.0,25.4],[74.1,25.4],[74.0,25.4],[74.0,25.3],[74.1,25.3],[74.0,25.3],[74.0,25.2],[74.1,25.2],[74.1,25.3],[74.1,25.2],[74.1,25.1],[74.1,25.2],[74.1,25.1],[74.2,25.1],[74.3,25.1],[74.3,25.0],[74.2,25.0],[74.2,24.9],[74.1,24.9],[74.0,24.9],[73.9,24.9],[73.8,24.9],[73.8,24.8],[73.8,24.7],[73.7,24.7],[73.8,24.7],[73.7,24.7],[73.7,24.8],[73.6,24.8],[73.6,24.9],[73.5,24.9],[73.5,25.0],[73.5,25.1],[73.5,25.2],[73.6,25.2],[73.6,25.3],[73.7,25.3],[73.6,25.3],[73.7,25.3],[73.7,25.4],[73.8,25.4],[73.8,25.5],[73.8,25.6],[73.9,25.6],[73.9,25.7],[74.0,25.7],[74.0,25.8],[74.1,25.8],[74.1,25.9],[74.1,25.8],[74.1,25.9]]]}},{"type":"Feature","properties":{"NAME_1":"Rajasthan","NAME_2":"Sawai Madhopur","NAME_0":"India"},"geometry":{"type":"Polygon","coordinates":[[[77.0,26.6],[76.9,26.6],[77.0,26.6],[76.9,26.5],[76.9,26.6],[76.9,26.5],[76.8,26.5],[76.8,26.4],[76.7,26.4],[76.6,26.4],[76.6,26.3],[76.6,26.2],[76.7,26.2],[76.7,26.1],[76.8,26.1],[76.8,26.0],[76.8,25.9],[76.7,25.9],[76.6,25.9],[76.6,25.8],[76.5,25.8],[76.4,25.8],[76.4,25.7],[76.3,25.8],[76.2,25.8],[76.2,25.9],[76.2,26.0],[76.3,26.0],[76.2,26.0],[76.3,26.0],[76.2,26.0],[76.1,26.0],[76.1,26.1],[76.0,26.1],[76.0,26.2],[76.0,26.3],[76.1,26.2],[76.1,26.3],[76.1,26.4],[76.2,26.4],[76.1,26.4],[76.1,26.5],[76.2,26.5],[76.2,26.4],[76.3,26.4],[76.3,26.5],[76.3,26.4],[76.4,26.4],[76.4,26.5],[76.5,26.5],[76.5,26.6],[76.4,26.6],[76.4,26.5],[76.4,26.6],[76.5,26.6],[76.6,26.6],[76.7,26.6],[76.7,26.5],[76.8,26.6],[76.9,26.6],[76.9,26.7],[76.9,26.6],[77.0,26.6]]]}},{"type":"Feature","properties":{"NAME_1":"Rajasthan","NAME_2":"Sikar","NAME_0":"India"},"geometry":{"type":"Polygon","coordinates":[[[75.0,28.2],[75.1,28.2],[75.0,28.2],[75.1,28.2],[75.1,28.1],[75.1,28.0],[75.2,28.0],[75.2,27.9],[75.2,27.8],[75.3,27.8],[75.3,27.7],[75.4,27.7],[75.4,27.6],[75.4,27.7],[75.4,27.6],[75.4,27.7],[75.5,27.7],[75.6,27.7],[75.7,27.7],[75.7,27.8],[75.8,27.8],[75.8,27.9],[75.9,27.9],[76.0,27.9],[76.0,27.8],[76.1,27.9],[76.1,27.8],[76.0,27.8],[76.0,27.7],[76.0,27.6],[75.9,27.6],[76.0,27.6],[75.9,27.6],[76.0,27.6],[75.9,27.6],[75.9,27.5],[76.0,27.5],[75.9,27.5],[75.9,27.4],[75.8,27.4],[75.7,27.4],[75.7,27.3],[75.6,27.3],[75.5,27.3],[75.4,27.3],[75.4,27.2],[75.3,27.2],[75.3,27.1],[75.2,27.1],[75.2,27.2],[75.1,27.2],[75.1,27.3],[75.2,27.3],[75.1,27.3],[75.1,27.4],[75.0,27.4],[75.0,27.3],[75.0,27.4],[74.9,27.3],[74.9,27.4],[74.8,27.4],[74.9,27.4],[74.9,27.5],[74.8,27.5],[74.7,27.5],[74.7,27.6],[74.8,27.6],[74.7,27.6],[74.7,27.7],[74.7,27.8],[74.8,27.8],[74.8,27.9],[74.7,27.9],[74.8,27.9],[74.8,28.0],[74.8,28.1],[74.9,28.1],[74.9,28.2],[75.0,28.2]]]}},{"type":"Feature","properties":{"NAME_1":"Rajasthan","NAME_2":"Sirohi","NAME_0":"India"},"geometry":{"type":"Polygon","coordinates":[[[72.8,25.3],[72.9,25.3],[72.9,25.2],[72.9,25.3],[72.9,25.2],[72.9,25.3],[72.9,25.2],[73.0,25.2],[72.9,25.2],[73.0,25.2],[73.0,25.1],[73.1,25.1],[73.0,25.1],[73.0,25.2],[73.1,25.2],[73.1,25.1],[73.1,25.0],[73.0,25.0],[73.0,24.9],[73.1,24.9],[73.1,24.8],[73.2,24.8],[73.1,24.8],[73.1,24.7],[73.1,24.6],[73.0,24.5],[73.0,24.4],[73.0,24.3],[72.9,24.3],[72.9,24.4],[72.8,24.4],[72.7,24.4],[72.7,24.5],[72.6,24.5],[72.5,24.5],[72.5,24.4],[72.5,24.5],[72.5,24.4],[72.4,24.4],[72.4,24.5],[72.4,24.6],[72.3,24.6],[72.3,24.5],[72.3,24.6],[72.4,24.6],[72.3,24.6],[72.3,24.7],[72.4,24.7],[72.4,24.8],[72.5,24.8],[72.5,24.7],[72.5,24.8],[72.5,24.9],[72.6,24.9],[72.6,25.0],[72.7,25.0],[72.7,25.1],[72.7,25.2],[72.8,25.2],[72.8,25.3]]]}},{"type":"Feature","properties":{"NAME_1":"Rajasthan","NAME_2":"Tonk","NAME_0":"India"},"geometry":{"type":"Polygon","coordinates":[[[75.3,26.6],[75.3,26.5],[75.4,26.5],[75.5,26.5],[75.6,26.5],[75.6,26.4],[75.6,26.5],[75.7,26.5],[75.7,26.4],[75.7,26.5],[75.8,26.5],[75.8,26.6],[75.8,26.5],[75.9,26.5],[76.0,26.5],[76.1,26.5],[76.2,26.5],[76.1,26.5],[76.1,26.4],[76.2,26.4],[76.1,26.4],[76.1,26.3],[76.1,26.2],[76.0,26.3],[76.0,26.2],[76.0,26.1],[76.1,26.1],[76.1,26.0],[76.2,26.0],[76.3,26.0],[76.2,26.0],[76.3,26.0],[76.2,26.0],[76.2,25.9],[76.2,25.8],[76.3,25.8],[76.2,25.8],[76.1,25.8],[76.0,25.8],[76.1,25.8],[76.1,25.9],[76.0,25.9],[76.0,25.8],[75.9,25.8],[75.9,25.9],[75.8,25.9],[75.8,25.8],[75.7,25.8],[75.7,25.7],[75.6,25.7],[75.5,25.7],[75.5,25.8],[75.5,25.7],[75.4,25.7],[75.4,25.8],[75.3,25.8],[75.4,25.8],[75.3,25.8],[75.3,25.9],[75.2,25.9],[75.3,25.9],[75.3,26.0],[75.4,26.0],[75.3,26.0],[75.3,26.1],[75.3,26.2],[75.3,26.1],[75.2,26.1],[75.2,26.2],[75.1,26.2],[75.1,26.3],[75.1,26.4],[75.2,26.4],[75.2,26.5],[75.3,26.5],[75.3,26.6]]]}},{"type":"Feature","properties":{"NAME_1":"Rajasthan","NAME_2":"Udaipur","NAME_0":"India"},"geometry":{"type":"Polygon","coordinates":[[[73.5,25.1],[73.5,25.0],[73.5,24.9],[73.6,24.9],[73.6,24.8],[73.7,24.8],[73.7,24.7],[73.8,24.7],[73.7,24.7],[73.8,24.7],[73.8,24.8],[73.8,24.9],[73.9,24.9],[74.0,24.9],[74.1,24.9],[74.1,24.8],[74.1,24.7],[74.2,24.7],[74.2,24.6],[74.2,24.7],[74.3,24.7],[74.3,24.6],[74.2,24.6],[74.3,24.6],[74.3,24.5],[74.2,24.5],[74.3,24.5],[74.4,24.5],[74.3,24.5],[74.3,24.4],[74.4,24.4],[74.3,24.4],[74.4,24.4],[74.4,24.3],[74.5,24.3],[74.5,24.2],[74.6,24.2],[74.6,24.1],[74.6,24.0],[74.5,24.0],[74.5,23.9],[74.6,23.9],[74.5,23.9],[74.4,23.9],[74.3,23.9],[74.3,24.0],[74.3,23.9],[74.2,23.9],[74.2,24.0],[74.1,24.0],[74.0,24.0],[73.9,24.0],[73.9,23.9],[73.8,23.9],[73.7,23.9],[73.7,24.0],[73.7,23.9],[73.7,24.0],[73.7,23.9],[73.6,23.9],[73.6,24.0],[73.6,23.9],[73.5,23.9],[73.5,23.8],[73.4,23.8],[73.4,23.9],[73.4,24.0],[73.4,24.1],[73.3,24.1],[73.3,24.0],[73.2,24.0],[73.2,24.1],[73.1,24.1],[73.1,24.2],[73.1,24.3],[73.2,24.3],[73.2,24.4],[73.1,24.4],[73.1,24.5],[73.0,24.5],[73.1,24.6],[73.1,24.7],[73.1,24.8],[73.2,24.8],[73.3,24.9],[73.3,25.0],[73.4,25.0],[73.4,25.1],[73.5,25.1]]]}},{"type":"Feature","properties":{"NAME_1":"Sikkim","NAME_2":"East","NAME_0":"India"},"geometry":{"type":"Polygon","coordinates":[[[88.8,27.4],[88.9,27.4],[88.9,27.3],[88.8,27.3],[88.8,27.2],[88.8,27.1],[88.7,27.1],[88.7,27.2],[88.6,27.2],[88.5,27.2],[88.5,27.3],[88.4,27.3],[88.5,27.3],[88.5,27.4],[88.6,27.4],[88.7,27.4],[88.8,27.4]]]}},{"type":"Feature","properties":{"NAME_1":"Sikkim","NAME_2":"North Sikkim","NAME_0":"India"},"geometry":{"type":"Polygon","coordinates":[[[88.6,28.1],[88.7,28.1],[88.8,28.1],[88.8,28.0],[88.8,27.9],[88.9,27.9],[88.9,27.8],[88.9,27.7],[88.8,27.7],[88.8,27.6],[88.8,27.5],[88.8,27.4],[88.7,27.4],[88.6,27.4],[88.5,27.4],[88.4,27.4],[88.4,27.5],[88.3,27.5],[88.2,27.5],[88.2,27.6],[88.1,27.6],[88.1,27.7],[88.2,27.7],[88.2,27.8],[88.2,27.9],[88.1,27.9],[88.1,28.0],[88.2,28.0],[88.2,27.9],[88.2,28.0],[88.2,27.9],[88.2,28.0],[88.3,28.0],[88.4,28.0],[88.5,28.0],[88.5,28.1],[88.6,28.1]]]}},{"type":"Feature","properties":{"NAME_1":"Sikkim","NAME_2":"South Sikkim","NAME_0":"India"},"geometry":{"type":"Polygon","coordinates":[[[88.5,27.4],[88.5,27.3],[88.4,27.3],[88.5,27.3],[88.5,27.2],[88.5,27.1],[88.5,27.2],[88.5,27.1],[88.4,27.1],[88.3,27.1],[88.3,27.2],[88.3,27.3],[88.3,27.4],[88.4,27.4],[88.3,27.4],[88.3,27.5],[88.4,27.5],[88.4,27.4],[88.5,27.4]]]}},{"type":"Feature","properties":{"NAME_1":"Sikkim","NAME_2":"West Sikkim","NAME_0":"India"},"geometry":{"type":"Polygon","coordinates":[[[88.3,27.4],[88.4,27.4],[88.3,27.4],[88.3,27.3],[88.3,27.2],[88.3,27.1],[88.2,27.1],[88.1,27.1],[88.1,27.2],[88.0,27.2],[88.0,27.3],[88.1,27.3],[88.1,27.4],[88.0,27.4],[88.1,27.4],[88.0,27.4],[88.1,27.4],[88.1,27.5],[88.0,27.5],[88.1,27.5],[88.1,27.6],[88.2,27.6],[88.2,27.5],[88.3,27.5],[88.3,27.4]]]}},{"type":"Feature","properties":{"NAME_1":"Tamil Nadu","NAME_2":"Ariyalur","NAME_0":"India"},"geometry":{"type":"Polygon","coordinates":[[[79.3,11.4],[79.4,11.4],[79.4,11.3],[79.4,11.4],[79.4,11.3],[79.4,11.4],[79.4,11.3],[79.5,11.3],[79.5,11.2],[79.4,11.1],[79.4,11.0],[79.3,11.0],[79.2,11.0],[79.2,10.9],[79.1,10.9],[79.0,10.9],[78.9,10.9],[78.9,11.0],[79.0,11.0],[79.0,11.1],[79.1,11.1],[79.0,11.1],[79.1,11.1],[79.1,11.2],[79.1,11.3],[79.1,11.4],[79.2,11.4],[79.3,11.4]]]}},{"type":"Feature","properties":{"NAME_1":"Tamil Nadu","NAME_2":"Chennai","NAME_0":"India"},"geometry":{"type":"Polygon","coordinates":[[[80.2,13.1],[80.3,13.1],[80.3,13.0],[80.2,13.0],[80.2,13.1]]]}},{"type":"Feature","properties":{"NAME_1":"Tamil Nadu","NAME_2":"Coimbatore","NAME_0":"India"},"geometry":{"type":"Polygon","coordinates":[[[77.1,11.4],[77.1,11.3],[77.2,11.3],[77.3,11.3],[77.3,11.2],[77.3,11.3],[77.4,11.3],[77.3,11.3],[77.4,11.3],[77.4,11.2],[77.4,11.1],[77.5,11.1],[77.5,11.0],[77.5,10.9],[77.4,10.9],[77.3,10.9],[77.3,10.8],[77.3,10.7],[77.4,10.6],[77.4,10.5],[77.4,10.4],[77.3,10.4],[77.3,10.3],[77.3,10.2],[77.2,10.2],[77.2,10.3],[77.3,10.3],[77.2,10.3],[77.1,10.3],[77.0,10.3],[77.0,10.2],[76.9,10.2],[76.9,10.3],[76.8,10.3],[76.8,10.4],[76.8,10.5],[76.8,10.6],[76.9,10.6],[76.9,10.7],[76.9,10.8],[76.8,10.8],[76.8,10.9],[76.7,10.9],[76.6,10.9],[76.7,10.9],[76.7,11.0],[76.8,11.0],[76.7,11.0],[76.7,11.1],[76.7,11.2],[76.7,11.3],[76.7,11.2],[76.8,11.3],[76.9,11.3],[76.8,11.3],[76.9,11.3],[76.8,11.3],[76.9,11.3],[76.9,11.4],[76.9,11.3],[76.9,11.4],[76.9,11.3],[76.9,11.4],[77.0,11.4],[77.1,11.4]]]}},{"type":"Feature","properties":{"NAME_1":"Tamil Nadu","NAME_2":"Cuddalore","NAME_0":"India"},"geometry":{"type":"Polygon","coordinates":[[[79.7,11.9],[79.7,11.8],[79.7,11.9],[79.8,11.9],[79.8,11.8],[79.7,11.8],[79.8,11.8],[79.8,11.7],[79.8,11.6],[79.8,11.5],[79.8,11.4],[79.7,11.4],[79.7,11.3],[79.6,11.3],[79.6,11.2],[79.5,11.2],[79.5,11.1],[79.4,11.1],[79.5,11.2],[79.5,11.3],[79.4,11.3],[79.4,11.4],[79.4,11.3],[79.4,11.4],[79.4,11.3],[79.4,11.4],[79.3,11.4],[79.2,11.4],[79.1,11.4],[79.0,11.4],[78.9,11.4],[78.9,11.5],[78.9,11.6],[79.0,11.6],[79.1,11.6],[79.2,11.6],[79.3,11.6],[79.3,11.7],[79.4,11.7],[79.4,11.6],[79.4,11.7],[79.5,11.8],[79.4,11.8],[79.4,11.7],[79.4,11.8],[79.5,11.8],[79.4,11.8],[79.4,11.9],[79.5,11.9],[79.5,11.8],[79.6,11.8],[79.7,11.8],[79.7,11.9]]]}},{"type":"Feature","properties":{"NAME_1":"Tamil Nadu","NAME_2":"Dharmapuri","NAME_0":"India"},"geometry":{"type":"Polygon","coordinates":[[[77.9,12.9],[77.9,12.8],[78.0,12.8],[78.1,12.8],[78.2,12.8],[78.2,12.7],[78.3,12.7],[78.3,12.6],[78.4,12.6],[78.4,12.5],[78.4,12.4],[78.5,12.4],[78.6,12.4],[78.6,12.3],[78.6,12.2],[78.7,12.2],[78.6,12.2],[78.6,12.1],[78.7,12.1],[78.7,12.0],[78.7,11.9],[78.6,11.9],[78.6,11.8],[78.5,11.8],[78.4,11.8],[78.4,11.9],[78.4,11.8],[78.3,11.8],[78.3,11.9],[78.4,11.9],[78.3,11.9],[78.2,11.9],[78.3,11.9],[78.2,11.9],[78.2,12.0],[78.1,12.0],[78.1,11.9],[78.0,11.9],[77.9,11.9],[77.8,11.9],[77.7,11.9],[77.7,12.0],[77.7,12.1],[77.8,12.1],[77.7,12.1],[77.7,12.2],[77.6,12.2],[77.5,12.2],[77.5,12.3],[77.6,12.3],[77.6,12.4],[77.6,12.5],[77.6,12.6],[77.6,12.7],[77.7,12.7],[77.7,12.6],[77.7,12.7],[77.8,12.7],[77.8,12.8],[77.8,12.9],[77.9,12.9]]]}},{"type":"Feature","properties":{"NAME_1":"Tamil Nadu","NAME_2":"Dindigul","NAME_0":"India"},"geometry":{"type":"Polygon","coordinates":[[[78.2,10.8],[78.1,10.7],[78.1,10.6],[78.2,10.6],[78.1,10.6],[78.1,10.5],[78.2,10.5],[78.2,10.4],[78.3,10.4],[78.3,10.3],[78.3,10.2],[78.2,10.2],[78.2,10.1],[78.3,10.2],[78.3,10.1],[78.2,10.1],[78.1,10.1],[78.1,10.2],[78.0,10.2],[78.0,10.1],[77.9,10.1],[77.9,10.0],[77.9,10.1],[77.8,10.1],[77.8,10.0],[77.7,10.0],[77.7,10.1],[77.7,10.2],[77.6,10.2],[77.5,10.2],[77.5,10.1],[77.5,10.2],[77.5,10.1],[77.4,10.1],[77.3,10.1],[77.3,10.2],[77.3,10.3],[77.3,10.4],[77.4,10.4],[77.4,10.5],[77.4,10.6],[77.5,10.6],[77.6,10.6],[77.6,10.7],[77.7,10.7],[77.7,10.6],[77.7,10.7],[77.8,10.7],[77.8,10.6],[77.9,10.6],[78.0,10.6],[78.0,10.7],[77.9,10.7],[77.9,10.8],[77.9,10.7],[78.0,10.8],[78.0,10.7],[78.0,10.8],[78.1,10.8],[78.2,10.8]]]}},{"type":"Feature","properties":{"NAME_1":"Tamil Nadu","NAME_2":"Erode","NAME_0":"India"},"geometry":{"type":"Polygon","coordinates":[[[77.6,11.9],[77.7,11.9],[77.6,11.9],[77.6,11.8],[77.7,11.8],[77.7,11.7],[77.7,11.6],[77.7,11.7],[77.8,11.7],[77.8,11.6],[77.7,11.6],[77.7,11.5],[77.7,11.4],[77.7,11.3],[77.8,11.3],[77.8,11.2],[77.9,11.2],[77.8,11.2],[77.9,11.2],[77.9,11.1],[77.9,11.0],[77.8,11.0],[77.8,11.1],[77.8,11.0],[77.7,11.0],[77.8,11.0],[77.8,10.9],[77.7,10.9],[77.8,10.9],[77.8,10.8],[77.9,10.8],[77.8,10.8],[77.8,10.7],[77.7,10.7],[77.7,10.6],[77.7,10.7],[77.6,10.7],[77.6,10.6],[77.5,10.6],[77.4,10.6],[77.3,10.7],[77.3,10.8],[77.3,10.9],[77.4,10.9],[77.5,10.9],[77.5,11.0],[77.5,11.1],[77.4,11.1],[77.4,11.2],[77.4,11.3],[77.3,11.3],[77.4,11.3],[77.3,11.3],[77.3,11.2],[77.3,11.3],[77.2,11.3],[77.1,11.3],[77.1,11.4],[77.0,11.4],[77.0,11.5],[77.0,11.6],[76.9,11.6],[76.8,11.6],[76.9,11.6],[76.8,11.6],[76.8,11.7],[76.9,11.7],[76.9,11.8],[77.0,11.8],[77.1,11.8],[77.1,11.7],[77.1,11.8],[77.2,11.8],[77.3,11.8],[77.4,11.8],[77.5,11.8],[77.5,11.9],[77.6,11.9]]]}},{"type":"Feature","properties":{"NAME_1":"Tamil Nadu","NAME_2":"Kancheepuram","NAME_0":"India"},"geometry":{"type":"MultiPolygon","coordinates":[[[[80.1,13.1],[80.1,13.0],[80.2,13.0],[80.3,13.0],[80.3,12.9],[80.2,12.9],[80.2,12.8],[80.3,12.8],[80.2,12.8],[80.2,12.7],[80.2,12.6],[80.2,12.5],[80.1,12.5],[80.1,12.4],[80.1,12.3],[80.0,12.3],[80.1,12.3],[80.1,12.4],[80.0,12.4],[80.0,12.3],[80.1,12.3],[80.1,12.4],[80.1,12.3],[80.0,12.3],[80.1,12.3],[80.0,12.3],[80.0,12.2],[79.9,12.2],[79.8,12.2],[79.8,12.3],[79.7,12.3],[79.6,12.3],[79.6,12.4],[79.7,12.4],[79.6,12.4],[79.7,12.4],[79.7,12.5],[79.7,12.6],[79.6,12.6],[79.6,12.7],[79.7,12.7],[79.7,12.8],[79.6,12.8],[79.5,12.8],[79.6,12.8],[79.6,12.9],[79.5,12.9],[79.6,12.9],[79.7,12.9],[79.7,13.0],[79.8,13.0],[79.8,12.9],[79.8,13.0],[79.8,12.9],[79.9,12.9],[79.9,13.0],[80.0,13.0],[80.0,13.1],[80.1,13.1]]]]}},{"type":"Feature","properties":{"NAME_1":"Tamil Nadu","NAME_2":"Kanniyakumari","NAME_0":"India"},"geometry":{"type":"MultiPolygon","coordinates":[[[[77.3,8.6],[77.3,8.5],[77.4,8.5],[77.5,8.4],[77.4,8.4],[77.5,8.4],[77.5,8.3],[77.6,8.3],[77.6,8.2],[77.5,8.2],[77.5,8.1],[77.6,8.1],[77.5,8.1],[77.4,8.1],[77.3,8.1],[77.3,8.2],[77.2,8.2],[77.2,8.3],[77.1,8.3],[77.2,8.3],[77.2,8.4],[77.1,8.4],[77.1,8.3],[77.1,8.4],[77.2,8.4],[77.2,8.5],[77.3,8.5],[77.3,8.6]]]]}},{"type":"Feature","properties":{"NAME_1":"Tamil Nadu","NAME_2":"Karur","NAME_0":"India"},"geometry":{"type":"Polygon","coordinates":[[[78.0,11.1],[78.1,11.1],[78.1,11.0],[78.2,11.0],[78.2,10.9],[78.2,11.0],[78.3,11.0],[78.3,10.9],[78.4,10.9],[78.4,11.0],[78.4,10.9],[78.5,10.9],[78.4,10.9],[78.5,10.9],[78.6,10.8],[78.5,10.8],[78.6,10.8],[78.5,10.8],[78.5,10.7],[78.6,10.7],[78.5,10.7],[78.4,10.7],[78.3,10.7],[78.3,10.6],[78.2,10.6],[78.2,10.5],[78.1,10.5],[78.1,10.6],[78.2,10.6],[78.1,10.6],[78.1,10.7],[78.2,10.8],[78.1,10.8],[78.0,10.8],[78.0,10.7],[78.0,10.8],[77.9,10.7],[77.9,10.8],[77.9,10.7],[78.0,10.7],[78.0,10.6],[77.9,10.6],[77.8,10.6],[77.8,10.7],[77.8,10.8],[77.9,10.8],[77.8,10.8],[77.8,10.9],[77.7,10.9],[77.8,10.9],[77.8,11.0],[77.7,11.0],[77.8,11.0],[77.8,11.1],[77.8,11.0],[77.9,11.0],[77.9,11.1],[78.0,11.1]]]}},{"type":"Feature","properties":{"NAME_1":"Tamil Nadu","NAME_2":"Madurai","NAME_0":"India"},"geometry":{"type":"Polygon","coordinates":[[[78.4,10.3],[78.4,10.2],[78.4,10.1],[78.5,10.1],[78.4,10.1],[78.4,10.0],[78.4,9.9],[78.4,10.0],[78.4,9.9],[78.3,9.9],[78.3,9.8],[78.3,9.9],[78.2,9.9],[78.2,9.8],[78.3,9.8],[78.2,9.8],[78.2,9.9],[78.2,9.8],[78.2,9.9],[78.1,9.9],[78.1,9.8],[78.2,9.8],[78.1,9.8],[78.2,9.8],[78.1,9.8],[78.1,9.7],[78.1,9.8],[78.1,9.7],[78.0,9.7],[78.1,9.7],[78.1,9.6],[78.0,9.6],[78.0,9.7],[78.0,9.6],[77.9,9.6],[77.8,9.6],[77.7,9.7],[77.8,9.7],[77.7,9.7],[77.6,9.7],[77.5,9.6],[77.4,9.6],[77.5,9.6],[77.5,9.7],[77.6,9.7],[77.6,9.8],[77.6,9.9],[77.7,9.9],[77.7,10.0],[77.8,10.0],[77.8,10.1],[77.9,10.1],[77.9,10.0],[77.9,10.1],[78.0,10.1],[78.0,10.2],[78.1,10.2],[78.1,10.1],[78.2,10.1],[78.3,10.1],[78.3,10.2],[78.2,10.1],[78.2,10.2],[78.3,10.2],[78.3,10.3],[78.4,10.3]]]}},{"type":"Feature","properties":{"NAME_1":"Tamil Nadu","NAME_2":"Nagapattinam","NAME_0":"India"},"geometry":{"type":"MultiPolygon","coordinates":[[[[79.7,10.9],[79.8,10.9],[79.8,10.8],[79.9,10.8],[79.9,10.7],[79.9,10.6],[79.9,10.5],[79.9,10.4],[79.9,10.3],[79.8,10.3],[79.7,10.3],[79.8,10.3],[79.7,10.3],[79.8,10.3],[79.7,10.3],[79.8,10.3],[79.7,10.3],[79.6,10.3],[79.6,10.4],[79.7,10.5],[79.7,10.6],[79.7,10.7],[79.8,10.7],[79.7,10.7],[79.8,10.7],[79.7,10.7],[79.8,10.7],[79.8,10.8],[79.7,10.8],[79.8,10.8],[79.7,10.8],[79.6,10.8],[79.7,10.9]]],[[[79.8,11.4],[79.8,11.3],[79.8,11.2],[79.9,11.2],[79.9,11.1],[79.9,11.0],[79.8,11.0],[79.7,11.0],[79.6,11.0],[79.5,11.0],[79.5,10.9],[79.5,11.0],[79.5,11.1],[79.6,11.1],[79.5,11.1],[79.5,11.2],[79.6,11.2],[79.6,11.3],[79.7,11.3],[79.7,11.4],[79.8,11.4]]]]}},{"type":"Feature","properties":{"NAME_1":"Tamil Nadu","NAME_2":"Namakkal","NAME_0":"India"},"geometry":{"type":"Polygon","coordinates":[[[78.4,11.6],[78.4,11.5],[78.4,11.6],[78.4,11.5],[78.5,11.5],[78.4,11.5],[78.5,11.5],[78.4,11.5],[78.4,11.4],[78.5,11.4],[78.4,11.3],[78.5,11.3],[78.4,11.3],[78.4,11.2],[78.4,11.1],[78.3,11.1],[78.3,11.0],[78.3,11.1],[78.2,11.1],[78.2,11.0],[78.2,11.1],[78.2,11.0],[78.2,11.1],[78.2,11.0],[78.1,11.0],[78.1,11.1],[78.0,11.1],[77.9,11.1],[77.9,11.2],[77.8,11.2],[77.9,11.2],[77.8,11.2],[77.8,11.3],[77.7,11.3],[77.7,11.4],[77.7,11.5],[77.7,11.4],[77.8,11.4],[77.8,11.5],[77.8,11.4],[77.8,11.5],[77.8,11.4],[77.9,11.4],[77.9,11.5],[78.0,11.5],[78.1,11.5],[78.2,11.5],[78.3,11.5],[78.3,11.6],[78.3,11.5],[78.3,11.6],[78.4,11.6]]]}},{"type":"Feature","properties":{"NAME_1":"Tamil Nadu","NAME_2":"Nilgiris","NAME_0":"India"},"geometry":{"type":"Polygon","coordinates":[[[76.5,11.7],[76.5,11.6],[76.6,11.6],[76.7,11.6],[76.8,11.6],[76.9,11.6],[77.0,11.6],[77.0,11.5],[77.0,11.4],[76.9,11.4],[76.9,11.3],[76.9,11.4],[76.9,11.3],[76.9,11.4],[76.9,11.3],[76.8,11.3],[76.9,11.3],[76.8,11.3],[76.9,11.3],[76.8,11.3],[76.7,11.2],[76.7,11.3],[76.7,11.2],[76.6,11.2],[76.5,11.2],[76.4,11.2],[76.5,11.3],[76.5,11.4],[76.5,11.3],[76.5,11.4],[76.4,11.4],[76.4,11.5],[76.3,11.5],[76.3,11.4],[76.3,11.5],[76.2,11.5],[76.2,11.6],[76.3,11.6],[76.4,11.6],[76.4,11.7],[76.5,11.7]]]}},{"type":"Feature","properties":{"NAME_1":"Tamil Nadu","NAME_2":"Perambalur","NAME_0":"India"},"geometry":{"type":"Polygon","coordinates":[[[78.9,11.5],[78.9,11.4],[79.0,11.4],[79.1,11.4],[79.2,11.4],[79.1,11.4],[79.1,11.3],[79.1,11.2],[79.1,11.1],[79.0,11.1],[79.1,11.1],[79.0,11.1],[79.0,11.0],[79.0,11.1],[78.9,11.1],[78.8,11.1],[78.7,11.1],[78.7,11.0],[78.7,11.1],[78.7,11.2],[78.6,11.2],[78.7,11.2],[78.7,11.3],[78.6,11.3],[78.7,11.3],[78.7,11.4],[78.6,11.4],[78.7,11.4],[78.8,11.4],[78.8,11.5],[78.9,11.5]]]}},{"type":"Feature","properties":{"NAME_1":"Tamil Nadu","NAME_2":"Pudukkottai","NAME_0":"India"},"geometry":{"type":"Polygon","coordinates":[[[78.7,10.7],[78.7,10.6],[78.8,10.6],[78.8,10.7],[78.9,10.7],[78.9,10.6],[79.0,10.6],[79.0,10.7],[79.1,10.7],[79.1,10.6],[79.0,10.6],[79.1,10.6],[79.2,10.6],[79.2,10.5],[79.1,10.5],[79.2,10.5],[79.2,10.4],[79.1,10.4],[79.1,10.3],[79.1,10.2],[79.2,10.2],[79.1,10.2],[79.1,10.1],[79.2,10.1],[79.3,10.1],[79.3,10.0],[79.2,10.0],[79.2,9.9],[79.1,9.9],[79.1,9.8],[79.0,9.8],[79.0,9.9],[79.0,10.0],[78.9,10.0],[78.9,10.1],[79.0,10.1],[78.9,10.1],[78.8,10.1],[78.8,10.2],[78.7,10.2],[78.8,10.2],[78.7,10.2],[78.8,10.2],[78.7,10.2],[78.7,10.1],[78.7,10.2],[78.7,10.1],[78.7,10.2],[78.6,10.2],[78.7,10.2],[78.6,10.2],[78.6,10.3],[78.6,10.2],[78.5,10.2],[78.4,10.2],[78.4,10.3],[78.5,10.3],[78.5,10.4],[78.6,10.4],[78.6,10.5],[78.5,10.5],[78.4,10.5],[78.5,10.5],[78.4,10.5],[78.4,10.6],[78.5,10.6],[78.5,10.7],[78.6,10.7],[78.6,10.6],[78.6,10.7],[78.6,10.6],[78.7,10.6],[78.7,10.7]]]}},{"type":"Feature","properties":{"NAME_1":"Tamil Nadu","NAME_2":"Ramanathapuram","NAME_0":"India"},"geometry":{"type":"MultiPolygon","coordinates":[[[[79.3,9.3],[79.3,9.2],[79.4,9.2],[79.3,9.2],[79.3,9.3],[79.2,9.3],[79.3,9.3]]],[[[78.4,9.1],[78.3,9.1],[78.3,9.2],[78.3,9.3],[78.3,9.2],[78.3,9.3],[78.4,9.3],[78.3,9.3],[78.4,9.3],[78.3,9.3],[78.3,9.4],[78.2,9.4],[78.3,9.4],[78.3,9.5],[78.3,9.4],[78.3,9.5],[78.3,9.4],[78.3,9.5],[78.4,9.5],[78.4,9.6],[78.5,9.6],[78.6,9.6],[78.6,9.5],[78.7,9.5],[78.7,9.6],[78.8,9.6],[78.8,9.7],[78.7,9.7],[78.7,9.8],[78.7,9.9],[78.8,9.9],[78.8,9.8],[78.8,9.7],[78.9,9.7],[78.9,9.8],[78.9,9.9],[79.0,9.9],[79.0,9.8],[79.1,9.8],[79.0,9.8],[79.0,9.7],[79.0,9.6],[78.9,9.6],[78.9,9.5],[78.9,9.4],[79.0,9.4],[79.0,9.3],[79.1,9.3],[79.2,9.3],[79.1,9.3],[79.0,9.3],[78.9,9.3],[78.9,9.2],[78.9,9.3],[78.9,9.2],[78.8,9.2],[78.8,9.3],[78.8,9.2],[78.7,9.2],[78.6,9.2],[78.7,9.2],[78.6,9.2],[78.6,9.1],[78.5,9.1],[78.5,9.2],[78.5,9.1],[78.4,9.1]]]]}},{"type":"Feature","properties":{"NAME_1":"Tamil Nadu","NAME_2":"Salem","NAME_0":"India"},"geometry":{"type":"Polygon","coordinates":[[[78.2,12.0],[78.2,11.9],[78.3,11.9],[78.2,11.9],[78.3,11.9],[78.4,11.9],[78.3,11.9],[78.3,11.8],[78.4,11.8],[78.4,11.9],[78.4,11.8],[78.5,11.8],[78.6,11.8],[78.6,11.9],[78.6,11.8],[78.7,11.8],[78.6,11.8],[78.6,11.7],[78.6,11.6],[78.7,11.6],[78.7,11.7],[78.8,11.7],[78.8,11.6],[78.8,11.5],[78.8,11.4],[78.7,11.4],[78.6,11.4],[78.7,11.4],[78.6,11.4],[78.6,11.3],[78.5,11.3],[78.5,11.4],[78.4,11.4],[78.4,11.5],[78.5,11.5],[78.4,11.5],[78.5,11.5],[78.4,11.5],[78.4,11.6],[78.4,11.5],[78.4,11.6],[78.3,11.6],[78.3,11.5],[78.3,11.6],[78.3,11.5],[78.2,11.5],[78.1,11.5],[78.0,11.5],[77.9,11.5],[77.9,11.4],[77.8,11.4],[77.8,11.5],[77.8,11.4],[77.8,11.5],[77.8,11.4],[77.7,11.4],[77.7,11.5],[77.7,11.4],[77.7,11.5],[77.7,11.6],[77.8,11.6],[77.8,11.7],[77.7,11.7],[77.7,11.6],[77.7,11.7],[77.7,11.8],[77.6,11.8],[77.6,11.9],[77.7,11.9],[77.8,11.9],[77.9,11.9],[78.0,11.9],[78.1,11.9],[78.1,12.0],[78.2,12.0]]]}},{"type":"Feature","properties":{"NAME_1":"Tamil Nadu","NAME_2":"Sivaganga","NAME_0":"India"},"geometry":{"type":"Polygon","coordinates":[[[78.5,10.4],[78.5,10.3],[78.4,10.3],[78.4,10.2],[78.5,10.2],[78.6,10.2],[78.6,10.3],[78.6,10.2],[78.7,10.2],[78.6,10.2],[78.7,10.2],[78.7,10.1],[78.7,10.2],[78.7,10.1],[78.7,10.2],[78.8,10.2],[78.7,10.2],[78.8,10.2],[78.7,10.2],[78.8,10.2],[78.8,10.1],[78.9,10.1],[79.0,10.1],[78.9,10.1],[78.9,10.0],[79.0,10.0],[79.0,9.9],[78.9,9.9],[78.9,9.8],[78.9,9.7],[78.8,9.7],[78.8,9.8],[78.8,9.9],[78.7,9.9],[78.7,9.8],[78.7,9.7],[78.8,9.7],[78.8,9.6],[78.7,9.6],[78.7,9.5],[78.6,9.5],[78.6,9.6],[78.5,9.6],[78.4,9.6],[78.3,9.6],[78.3,9.7],[78.3,9.6],[78.3,9.7],[78.2,9.7],[78.2,9.8],[78.2,9.7],[78.1,9.7],[78.1,9.8],[78.2,9.8],[78.1,9.8],[78.2,9.8],[78.1,9.8],[78.1,9.9],[78.2,9.9],[78.2,9.8],[78.2,9.9],[78.2,9.8],[78.3,9.8],[78.2,9.8],[78.2,9.9],[78.3,9.9],[78.3,9.8],[78.3,9.9],[78.4,9.9],[78.4,10.0],[78.4,9.9],[78.4,10.0],[78.4,10.1],[78.5,10.1],[78.4,10.1],[78.4,10.2],[78.4,10.3],[78.4,10.4],[78.5,10.4]]]}},{"type":"Feature","properties":{"NAME_1":"Tamil Nadu","NAME_2":"Thanjavur","NAME_0":"India"},"geometry":{"type":"MultiPolygon","coordinates":[[[[79.5,10.3],[79.4,10.3],[79.3,10.3],[79.3,10.2],[79.2,10.2],[79.2,10.1],[79.1,10.1],[79.1,10.2],[79.2,10.2],[79.1,10.2],[79.1,10.3],[79.1,10.4],[79.2,10.4],[79.2,10.5],[79.1,10.5],[79.2,10.5],[79.2,10.6],[79.1,10.6],[79.0,10.6],[79.1,10.6],[79.1,10.7],[79.0,10.7],[79.0,10.6],[78.9,10.6],[78.9,10.7],[78.8,10.7],[78.9,10.7],[78.9,10.8],[78.8,10.8],[78.9,10.8],[78.8,10.8],[78.9,10.8],[78.9,10.9],[79.0,10.9],[79.1,10.9],[79.2,10.9],[79.2,11.0],[79.3,11.0],[79.4,11.0],[79.4,11.1],[79.5,11.1],[79.5,11.2],[79.5,11.1],[79.6,11.1],[79.5,11.1],[79.5,11.0],[79.5,10.9],[79.4,10.8],[79.4,10.9],[79.4,10.8],[79.4,10.9],[79.3,10.9],[79.3,10.8],[79.3,10.7],[79.3,10.6],[79.4,10.6],[79.4,10.5],[79.5,10.5],[79.4,10.5],[79.5,10.5],[79.5,10.4],[79.4,10.4],[79.5,10.4],[79.4,10.4],[79.5,10.4],[79.4,10.4],[79.5,10.4],[79.5,10.3]]]]}},{"type":"Feature","properties":{"NAME_1":"Tamil Nadu","NAME_2":"Theni","NAME_0":"India"},"geometry":{"type":"Polygon","coordinates":[[[77.6,10.2],[77.7,10.2],[77.7,10.1],[77.7,10.0],[77.7,9.9],[77.6,9.9],[77.6,9.8],[77.6,9.7],[77.5,9.7],[77.5,9.6],[77.4,9.6],[77.5,9.6],[77.5,9.5],[77.4,9.5],[77.3,9.5],[77.3,9.6],[77.4,9.6],[77.3,9.6],[77.2,9.6],[77.2,9.7],[77.2,9.8],[77.2,9.9],[77.3,10.0],[77.2,10.0],[77.3,10.0],[77.2,10.0],[77.2,10.1],[77.3,10.1],[77.4,10.1],[77.5,10.1],[77.5,10.2],[77.5,10.1],[77.5,10.2],[77.6,10.2]]]}},{"type":"Feature","properties":{"NAME_1":"Tamil Nadu","NAME_2":"Thiruvallur","NAME_0":"India"},"geometry":{"type":"MultiPolygon","coordinates":[[[[80.1,13.5],[80.2,13.5],[80.3,13.5],[80.3,13.4],[80.3,13.3],[80.3,13.2],[80.3,13.1],[80.2,13.1],[80.2,13.0],[80.1,13.0],[80.1,13.1],[80.0,13.1],[80.0,13.0],[79.9,13.0],[79.9,12.9],[79.8,12.9],[79.8,13.0],[79.8,12.9],[79.8,13.0],[79.7,13.0],[79.7,13.1],[79.7,13.2],[79.7,13.1],[79.7,13.2],[79.6,13.2],[79.6,13.1],[79.5,13.1],[79.4,13.1],[79.3,13.0],[79.3,13.1],[79.4,13.1],[79.3,13.1],[79.3,13.2],[79.4,13.2],[79.4,13.3],[79.5,13.3],[79.6,13.3],[79.6,13.2],[79.6,13.3],[79.7,13.3],[79.7,13.2],[79.8,13.2],[79.7,13.2],[79.7,13.3],[79.8,13.3],[79.9,13.3],[79.9,13.4],[80.0,13.4],[79.9,13.4],[80.0,13.4],[80.0,13.5],[80.1,13.5]]]]}},{"type":"Feature","properties":{"NAME_1":"Tamil Nadu","NAME_2":"Thiruvarur","NAME_0":"India"},"geometry":{"type":"MultiPolygon","coordinates":[[[[79.7,11.0],[79.7,10.9],[79.7,11.0],[79.7,10.9],[79.6,10.8],[79.7,10.8],[79.8,10.8],[79.7,10.8],[79.8,10.8],[79.8,10.7],[79.7,10.7],[79.8,10.7],[79.7,10.7],[79.8,10.7],[79.7,10.7],[79.7,10.6],[79.7,10.5],[79.6,10.4],[79.6,10.3],[79.6,10.4],[79.6,10.3],[79.7,10.3],[79.6,10.3],[79.5,10.3],[79.6,10.3],[79.5,10.3],[79.5,10.4],[79.4,10.4],[79.5,10.4],[79.4,10.4],[79.5,10.4],[79.4,10.4],[79.5,10.4],[79.5,10.5],[79.4,10.5],[79.5,10.5],[79.4,10.5],[79.4,10.6],[79.3,10.6],[79.3,10.7],[79.3,10.8],[79.3,10.9],[79.4,10.9],[79.4,10.8],[79.4,10.9],[79.4,10.8],[79.5,10.9],[79.5,11.0],[79.5,10.9],[79.5,11.0],[79.6,11.0],[79.7,11.0]]]]}},{"type":"Feature","properties":{"NAME_1":"Tamil Nadu","NAME_2":"Thoothukudi","NAME_0":"India"},"geometry":{"type":"MultiPolygon","coordinates":[[[[78.2,9.4],[78.1,9.3],[78.2,9.3],[78.3,9.3],[78.3,9.2],[78.3,9.1],[78.4,9.1],[78.3,9.1],[78.3,9.0],[78.2,9.0],[78.2,8.9],[78.2,8.8],[78.2,8.7],[78.2,8.8],[78.2,8.7],[78.2,8.8],[78.2,8.7],[78.2,8.8],[78.2,8.7],[78.1,8.7],[78.1,8.6],[78.1,8.5],[78.1,8.4],[78.0,8.4],[78.1,8.4],[78.0,8.4],[78.0,8.3],[77.9,8.3],[77.8,8.3],[77.8,8.4],[77.8,8.5],[77.8,8.6],[77.8,8.7],[77.8,8.8],[77.8,8.9],[77.7,8.9],[77.7,9.0],[77.7,9.1],[77.7,9.2],[77.8,9.2],[77.9,9.2],[78.0,9.2],[78.0,9.3],[78.1,9.3],[78.1,9.4],[78.2,9.4]]]]}},{"type":"Feature","properties":{"NAME_1":"Tamil Nadu","NAME_2":"Tiruchchirappalli","NAME_0":"India"},"geometry":{"type":"Polygon","coordinates":[[[78.5,11.4],[78.5,11.3],[78.6,11.3],[78.6,11.4],[78.7,11.4],[78.7,11.3],[78.6,11.3],[78.7,11.3],[78.7,11.2],[78.6,11.2],[78.7,11.2],[78.7,11.1],[78.7,11.0],[78.7,11.1],[78.8,11.1],[78.9,11.1],[79.0,11.1],[79.0,11.0],[78.9,11.0],[78.9,10.9],[79.0,10.9],[78.9,10.9],[78.9,10.8],[78.8,10.8],[78.9,10.8],[78.8,10.8],[78.9,10.8],[78.9,10.7],[78.8,10.7],[78.9,10.7],[78.8,10.7],[78.8,10.6],[78.7,10.6],[78.7,10.7],[78.7,10.6],[78.6,10.6],[78.6,10.7],[78.6,10.6],[78.6,10.7],[78.5,10.7],[78.5,10.6],[78.4,10.6],[78.4,10.5],[78.5,10.5],[78.4,10.5],[78.5,10.5],[78.6,10.5],[78.6,10.4],[78.5,10.4],[78.4,10.4],[78.4,10.3],[78.3,10.3],[78.3,10.4],[78.2,10.4],[78.2,10.5],[78.2,10.6],[78.3,10.6],[78.3,10.7],[78.4,10.7],[78.5,10.7],[78.6,10.7],[78.5,10.7],[78.5,10.8],[78.6,10.8],[78.5,10.8],[78.6,10.8],[78.5,10.9],[78.4,10.9],[78.5,10.9],[78.4,10.9],[78.4,11.0],[78.4,10.9],[78.3,10.9],[78.3,11.0],[78.2,11.0],[78.2,10.9],[78.2,11.0],[78.2,11.1],[78.2,11.0],[78.2,11.1],[78.2,11.0],[78.2,11.1],[78.3,11.1],[78.3,11.0],[78.3,11.1],[78.4,11.1],[78.4,11.2],[78.4,11.3],[78.5,11.3],[78.4,11.3],[78.5,11.4]]]}},{"type":"Feature","properties":{"NAME_1":"Tamil Nadu","NAME_2":"Tirunelveli Kattabo","NAME_0":"India"},"geometry":{"type":"MultiPolygon","coordinates":[[[[78.0,8.3],[77.9,8.3],[77.8,8.3],[77.8,8.2],[77.7,8.2],[77.6,8.2],[77.6,8.1],[77.5,8.1],[77.5,8.2],[77.6,8.2],[77.6,8.3],[77.5,8.3],[77.5,8.4],[77.4,8.4],[77.5,8.4],[77.4,8.5],[77.3,8.5],[77.3,8.6],[77.2,8.6],[77.2,8.7],[77.2,8.8],[77.2,8.9],[77.2,9.0],[77.1,9.0],[77.2,9.0],[77.2,9.1],[77.3,9.1],[77.2,9.2],[77.3,9.2],[77.2,9.2],[77.3,9.2],[77.3,9.3],[77.3,9.4],[77.4,9.4],[77.4,9.3],[77.5,9.3],[77.4,9.3],[77.5,9.3],[77.5,9.4],[77.5,9.3],[77.6,9.3],[77.7,9.3],[77.7,9.2],[77.8,9.2],[77.8,9.3],[77.8,9.2],[77.7,9.2],[77.7,9.1],[77.7,9.0],[77.7,8.9],[77.8,8.9],[77.8,8.8],[77.8,8.7],[77.8,8.6],[77.8,8.5],[77.8,8.4],[77.8,8.3],[77.9,8.3],[78.0,8.3]]]]}},{"type":"Feature","properties":{"NAME_1":"Tamil Nadu","NAME_2":"Tiruvannamalai","NAME_0":"India"},"geometry":{"type":"Polygon","coordinates":[[[79.5,12.9],[79.5,12.8],[79.6,12.8],[79.7,12.8],[79.7,12.7],[79.6,12.7],[79.6,12.6],[79.7,12.6],[79.7,12.5],[79.7,12.4],[79.6,12.4],[79.7,12.4],[79.6,12.4],[79.6,12.3],[79.6,12.4],[79.6,12.3],[79.5,12.4],[79.5,12.3],[79.5,12.4],[79.5,12.3],[79.5,12.4],[79.4,12.4],[79.3,12.4],[79.2,12.4],[79.2,12.3],[79.3,12.3],[79.2,12.3],[79.2,12.2],[79.2,12.1],[79.3,12.1],[79.2,12.1],[79.2,12.0],[79.2,12.1],[79.2,12.0],[79.1,12.0],[79.1,12.1],[79.0,12.1],[79.0,12.0],[79.1,12.0],[79.0,12.0],[79.0,12.1],[79.0,12.0],[79.0,12.1],[78.9,12.1],[78.9,12.0],[78.8,12.0],[78.7,12.0],[78.7,12.1],[78.6,12.1],[78.6,12.2],[78.7,12.2],[78.6,12.2],[78.7,12.3],[78.7,12.4],[78.8,12.4],[78.8,12.5],[78.8,12.6],[78.9,12.6],[78.9,12.7],[79.0,12.7],[79.0,12.6],[79.0,12.7],[79.1,12.7],[79.2,12.7],[79.1,12.8],[79.2,12.8],[79.2,12.7],[79.2,12.8],[79.3,12.8],[79.2,12.8],[79.3,12.8],[79.3,12.7],[79.4,12.7],[79.3,12.7],[79.4,12.6],[79.3,12.6],[79.4,12.6],[79.4,12.7],[79.5,12.7],[79.4,12.7],[79.5,12.7],[79.5,12.8],[79.4,12.8],[79.5,12.8],[79.5,12.9]]]}},{"type":"Feature","properties":{"NAME_1":"Tamil Nadu","NAME_2":"Vellore","NAME_0":"India"},"geometry":{"type":"Polygon","coordinates":[[[79.7,13.2],[79.7,13.1],[79.7,13.2],[79.7,13.1],[79.7,13.0],[79.8,13.0],[79.7,13.0],[79.7,12.9],[79.6,12.9],[79.5,12.9],[79.6,12.9],[79.6,12.8],[79.5,12.8],[79.5,12.9],[79.5,12.8],[79.4,12.8],[79.5,12.8],[79.5,12.7],[79.4,12.7],[79.5,12.7],[79.4,12.7],[79.4,12.6],[79.3,12.6],[79.4,12.6],[79.3,12.7],[79.4,12.7],[79.3,12.7],[79.3,12.8],[79.2,12.8],[79.3,12.8],[79.2,12.8],[79.2,12.7],[79.2,12.8],[79.1,12.8],[79.2,12.7],[79.1,12.7],[79.0,12.7],[79.0,12.6],[79.0,12.7],[78.9,12.7],[78.9,12.6],[78.8,12.6],[78.8,12.5],[78.8,12.4],[78.7,12.4],[78.7,12.3],[78.6,12.2],[78.6,12.3],[78.6,12.4],[78.5,12.4],[78.4,12.4],[78.4,12.5],[78.4,12.6],[78.5,12.6],[78.5,12.7],[78.6,12.7],[78.5,12.7],[78.6,12.7],[78.5,12.7],[78.6,12.7],[78.5,12.7],[78.6,12.7],[78.6,12.8],[78.6,12.9],[78.6,13.0],[78.7,13.0],[78.7,13.1],[78.7,13.0],[78.8,13.0],[78.8,13.1],[78.9,13.1],[78.9,13.0],[78.9,13.1],[79.0,13.1],[79.0,13.0],[79.1,13.0],[79.2,13.0],[79.2,13.1],[79.3,13.1],[79.3,13.0],[79.4,13.1],[79.5,13.1],[79.6,13.1],[79.6,13.2],[79.7,13.2]]]}},{"type":"Feature","properties":{"NAME_1":"Tamil Nadu","NAME_2":"Villupuram","NAME_0":"India"},"geometry":{"type":"MultiPolygon","coordinates":[[[[79.3,12.4],[79.4,12.4],[79.5,12.4],[79.5,12.3],[79.5,12.4],[79.5,12.3],[79.5,12.4],[79.6,12.3],[79.6,12.4],[79.6,12.3],[79.7,12.3],[79.8,12.3],[79.8,12.2],[79.9,12.2],[80.0,12.2],[80.0,12.3],[80.0,12.2],[79.9,12.2],[79.9,12.1],[79.9,12.0],[79.8,12.0],[79.8,11.9],[79.8,12.0],[79.8,11.9],[79.7,11.9],[79.7,12.0],[79.8,12.0],[79.7,12.0],[79.6,12.0],[79.7,12.0],[79.7,11.9],[79.7,11.8],[79.6,11.8],[79.5,11.8],[79.5,11.9],[79.4,11.9],[79.4,11.8],[79.5,11.8],[79.4,11.8],[79.4,11.7],[79.4,11.8],[79.5,11.8],[79.4,11.7],[79.4,11.6],[79.4,11.7],[79.3,11.7],[79.3,11.6],[79.2,11.6],[79.1,11.6],[79.0,11.6],[78.9,11.6],[78.9,11.5],[78.8,11.5],[78.8,11.6],[78.8,11.7],[78.7,11.7],[78.7,11.6],[78.6,11.6],[78.6,11.7],[78.6,11.8],[78.7,11.8],[78.6,11.8],[78.6,11.9],[78.7,11.9],[78.7,12.0],[78.8,12.0],[78.9,12.0],[78.9,12.1],[79.0,12.1],[79.0,12.0],[79.0,12.1],[79.0,12.0],[79.1,12.0],[79.0,12.0],[79.0,12.1],[79.1,12.1],[79.1,12.0],[79.2,12.0],[79.2,12.1],[79.2,12.0],[79.2,12.1],[79.3,12.1],[79.2,12.1],[79.2,12.2],[79.2,12.3],[79.3,12.3],[79.2,12.3],[79.2,12.4],[79.3,12.4]]]]}},{"type":"Feature","properties":{"NAME_1":"Tamil Nadu","NAME_2":"Virudhunagar","NAME_0":"India"},"geometry":{"type":"Polygon","coordinates":[[[78.1,9.8],[78.1,9.7],[78.1,9.8],[78.1,9.7],[78.2,9.7],[78.2,9.8],[78.2,9.7],[78.3,9.7],[78.3,9.6],[78.3,9.7],[78.3,9.6],[78.4,9.6],[78.4,9.5],[78.3,9.5],[78.3,9.4],[78.3,9.5],[78.3,9.4],[78.3,9.5],[78.3,9.4],[78.2,9.4],[78.3,9.4],[78.3,9.3],[78.4,9.3],[78.3,9.3],[78.4,9.3],[78.3,9.3],[78.3,9.2],[78.3,9.3],[78.2,9.3],[78.1,9.3],[78.2,9.4],[78.1,9.4],[78.1,9.3],[78.0,9.3],[78.0,9.2],[77.9,9.2],[77.8,9.2],[77.8,9.3],[77.8,9.2],[77.7,9.2],[77.7,9.3],[77.6,9.3],[77.5,9.3],[77.5,9.4],[77.5,9.3],[77.4,9.3],[77.5,9.3],[77.4,9.3],[77.4,9.4],[77.3,9.4],[77.4,9.4],[77.4,9.5],[77.5,9.5],[77.5,9.6],[77.6,9.7],[77.7,9.7],[77.8,9.7],[77.7,9.7],[77.8,9.6],[77.9,9.6],[78.0,9.6],[78.0,9.7],[78.0,9.6],[78.1,9.6],[78.1,9.7],[78.0,9.7],[78.1,9.7],[78.1,9.8]]]}},{"type":"Feature","properties":{"NAME_1":"Tripura","NAME_2":"Dhalai","NAME_0":"India"},"geometry":{"type":"Polygon","coordinates":[[[91.8,24.2],[91.9,24.2],[91.8,24.2],[91.9,24.2],[91.8,24.2],[91.9,24.2],[91.9,24.1],[92.0,24.1],[92.1,24.1],[92.1,24.0],[92.1,23.9],[92.2,23.9],[92.2,23.8],[92.2,23.7],[92.1,23.7],[92.1,23.6],[92.1,23.7],[92.0,23.7],[91.9,23.7],[92.0,23.6],[92.0,23.5],[91.9,23.5],[91.9,23.4],[91.9,23.5],[91.8,23.5],[91.8,23.6],[91.8,23.7],[91.8,23.8],[91.8,23.9],[91.8,24.0],[91.8,24.1],[91.8,24.2],[91.7,24.2],[91.8,24.2]]]}},{"type":"Feature","properties":{"NAME_1":"Tripura","NAME_2":"North Tripura","NAME_0":"India"},"geometry":{"type":"Polygon","coordinates":[[[92.2,24.5],[92.2,24.4],[92.3,24.4],[92.2,24.2],[92.2,24.3],[92.3,24.3],[92.3,24.2],[92.3,24.1],[92.3,24.0],[92.3,23.9],[92.3,23.8],[92.3,23.7],[92.2,23.7],[92.2,23.8],[92.2,23.9],[92.1,23.9],[92.1,24.0],[92.1,24.1],[92.0,24.1],[91.9,24.1],[91.9,24.2],[91.9,24.3],[91.9,24.4],[92.0,24.4],[92.0,24.3],[92.0,24.4],[92.1,24.4],[92.2,24.4],[92.2,24.5]]]}},{"type":"Feature","properties":{"NAME_1":"Tripura","NAME_2":"South Tripura","NAME_0":"India"},"geometry":{"type":"Polygon","coordinates":[[[91.7,23.8],[91.7,23.7],[91.8,23.7],[91.8,23.6],[91.8,23.5],[91.9,23.5],[91.9,23.4],[91.8,23.4],[91.8,23.3],[91.8,23.2],[91.8,23.1],[91.8,23.0],[91.7,23.0],[91.6,23.0],[91.6,22.9],[91.6,23.0],[91.5,23.0],[91.6,23.0],[91.5,23.0],[91.6,23.0],[91.5,23.0],[91.5,23.1],[91.5,23.2],[91.5,23.1],[91.5,23.2],[91.5,23.3],[91.4,23.3],[91.4,23.2],[91.4,23.1],[91.3,23.1],[91.3,23.2],[91.3,23.3],[91.4,23.3],[91.4,23.4],[91.4,23.5],[91.4,23.6],[91.5,23.6],[91.5,23.7],[91.6,23.7],[91.6,23.8],[91.7,23.8]]]}},{"type":"Feature","properties":{"NAME_1":"Tripura","NAME_2":"West Tripura","NAME_0":"India"},"geometry":{"type":"Polygon","coordinates":[[[91.7,24.2],[91.7,24.1],[91.8,24.1],[91.8,24.0],[91.8,23.9],[91.8,23.8],[91.8,23.7],[91.7,23.7],[91.7,23.8],[91.6,23.8],[91.6,23.7],[91.5,23.7],[91.5,23.6],[91.4,23.6],[91.4,23.5],[91.4,23.4],[91.4,23.3],[91.3,23.3],[91.3,23.4],[91.3,23.5],[91.2,23.5],[91.2,23.6],[91.2,23.7],[91.2,23.6],[91.2,23.7],[91.2,23.8],[91.2,23.7],[91.2,23.8],[91.3,23.8],[91.3,23.9],[91.2,23.9],[91.3,23.9],[91.3,24.0],[91.4,24.0],[91.4,24.1],[91.5,24.1],[91.6,24.1],[91.6,24.2],[91.7,24.2],[91.6,24.2],[91.7,24.2]]]}},{"type":"Feature","properties":{"NAME_1":"Uttar Pradesh","NAME_2":"Agra","NAME_0":"India"},"geometry":{"type":"Polygon","coordinates":[[[77.9,27.3],[77.9,27.2],[77.9,27.3],[78.0,27.3],[78.0,27.2],[78.0,27.3],[78.0,27.2],[78.1,27.2],[78.2,27.2],[78.2,27.1],[78.3,27.1],[78.2,27.1],[78.3,27.1],[78.4,27.1],[78.3,27.1],[78.4,27.1],[78.4,27.0],[78.5,27.0],[78.5,26.9],[78.5,27.0],[78.6,27.0],[78.6,26.9],[78.6,27.0],[78.6,26.9],[78.7,26.9],[78.8,26.9],[78.8,26.8],[78.7,26.8],[78.6,26.8],[78.5,26.8],[78.4,26.8],[78.4,26.9],[78.3,26.9],[78.3,26.8],[78.2,26.8],[78.2,26.9],[78.3,26.9],[78.2,26.9],[78.2,27.0],[78.2,26.9],[78.2,27.0],[78.1,27.0],[78.1,26.9],[78.0,26.9],[77.9,26.9],[77.8,26.9],[77.7,26.9],[77.6,26.8],[77.5,26.8],[77.4,26.7],[77.5,26.8],[77.4,26.8],[77.4,26.9],[77.5,26.9],[77.6,26.9],[77.6,27.0],[77.7,27.0],[77.8,27.0],[77.7,27.0],[77.7,27.1],[77.7,27.0],[77.6,27.0],[77.6,27.1],[77.5,27.1],[77.6,27.1],[77.6,27.2],[77.7,27.2],[77.6,27.2],[77.7,27.2],[77.7,27.3],[77.7,27.2],[77.8,27.2],[77.8,27.3],[77.9,27.3]]]}},{"type":"Feature","properties":{"NAME_1":"Uttar Pradesh","NAME_2":"Aligarh","NAME_0":"India"},"geometry":{"type":"Polygon","coordinates":[[[77.8,28.1],[77.9,28.1],[78.0,28.1],[78.1,28.1],[78.2,28.1],[78.3,28.1],[78.3,28.2],[78.4,28.2],[78.4,28.1],[78.5,28.1],[78.6,28.1],[78.6,28.0],[78.6,27.9],[78.5,27.9],[78.5,27.8],[78.4,27.8],[78.4,27.7],[78.3,27.7],[78.2,27.7],[78.2,27.8],[78.1,27.8],[78.0,27.8],[78.0,27.7],[78.0,27.6],[78.0,27.7],[78.0,27.6],[77.9,27.6],[77.8,27.6],[77.9,27.6],[77.8,27.6],[77.8,27.7],[77.8,27.8],[77.8,27.9],[77.7,27.9],[77.7,28.0],[77.7,27.9],[77.7,28.0],[77.6,28.0],[77.6,27.9],[77.5,27.9],[77.5,28.0],[77.5,28.1],[77.6,28.1],[77.7,28.1],[77.8,28.2],[77.8,28.1],[77.8,28.2],[77.8,28.1]]]}},{"type":"Feature","properties":{"NAME_1":"Uttar Pradesh","NAME_2":"Allahabad","NAME_0":"India"},"geometry":{"type":"Polygon","coordinates":[[[81.9,25.7],[82.0,25.7],[82.0,25.8],[82.0,25.7],[82.1,25.7],[82.1,25.6],[82.2,25.6],[82.3,25.6],[82.3,25.5],[82.3,25.6],[82.3,25.5],[82.3,25.4],[82.3,25.3],[82.2,25.3],[82.2,25.2],[82.3,25.2],[82.3,25.1],[82.3,25.0],[82.2,25.0],[82.2,24.9],[82.1,24.9],[82.1,24.8],[82.0,24.8],[82.0,24.9],[82.0,24.8],[81.9,24.8],[81.9,24.9],[81.9,25.0],[81.8,25.0],[81.7,25.0],[81.7,25.1],[81.7,25.0],[81.7,25.1],[81.6,25.1],[81.6,25.2],[81.5,25.2],[81.6,25.2],[81.5,25.3],[81.6,25.3],[81.6,25.4],[81.7,25.4],[81.7,25.3],[81.8,25.3],[81.8,25.4],[81.9,25.4],[81.9,25.5],[81.8,25.5],[81.7,25.5],[81.6,25.5],[81.6,25.6],[81.6,25.7],[81.6,25.6],[81.6,25.7],[81.6,25.6],[81.7,25.6],[81.7,25.7],[81.8,25.7],[81.8,25.8],[81.8,25.7],[81.9,25.7],[81.9,25.8],[81.9,25.7]]]}},{"type":"Feature","properties":{"NAME_1":"Uttar Pradesh","NAME_2":"Ambedkar Nagar","NAME_0":"India"},"geometry":{"type":"Polygon","coordinates":[[[82.6,26.6],[82.7,26.6],[82.8,26.6],[82.9,26.5],[83.0,26.5],[83.0,26.4],[83.1,26.4],[83.1,26.3],[83.0,26.3],[83.0,26.4],[82.9,26.4],[83.0,26.4],[82.9,26.5],[82.9,26.4],[82.9,26.3],[82.9,26.2],[82.8,26.2],[82.7,26.2],[82.7,26.3],[82.6,26.3],[82.6,26.2],[82.6,26.3],[82.6,26.2],[82.6,26.3],[82.5,26.3],[82.4,26.3],[82.4,26.4],[82.3,26.4],[82.2,26.4],[82.3,26.4],[82.3,26.5],[82.3,26.6],[82.4,26.6],[82.4,26.5],[82.4,26.6],[82.4,26.5],[82.4,26.6],[82.5,26.6],[82.4,26.6],[82.5,26.6],[82.4,26.6],[82.5,26.6],[82.5,26.7],[82.5,26.6],[82.6,26.6]]]}},{"type":"Feature","properties":{"NAME_1":"Uttar Pradesh","NAME_2":"Auraiya","NAME_0":"India"},"geometry":{"type":"Polygon","coordinates":[[[79.4,26.9],[79.5,26.9],[79.6,26.9],[79.7,26.9],[79.7,26.8],[79.7,26.7],[79.7,26.6],[79.6,26.6],[79.6,26.5],[79.6,26.4],[79.5,26.4],[79.4,26.4],[79.3,26.4],[79.2,26.4],[79.1,26.4],[79.1,26.5],[79.1,26.4],[79.1,26.5],[79.0,26.5],[79.1,26.5],[79.2,26.5],[79.2,26.6],[79.3,26.6],[79.3,26.7],[79.3,26.8],[79.3,26.9],[79.4,27.0],[79.4,26.9]]]}},{"type":"Feature","properties":{"NAME_1":"Uttar Pradesh","NAME_2":"Azamgarh","NAME_0":"India"},"geometry":{"type":"Polygon","coordinates":[[[83.0,26.4],[82.9,26.4],[83.0,26.4],[83.0,26.3],[83.1,26.3],[83.1,26.4],[83.2,26.4],[83.3,26.4],[83.3,26.3],[83.3,26.4],[83.3,26.3],[83.4,26.3],[83.5,26.3],[83.4,26.2],[83.4,26.1],[83.3,26.1],[83.2,26.1],[83.3,26.1],[83.2,26.1],[83.2,26.0],[83.2,25.9],[83.3,25.9],[83.3,25.8],[83.2,25.8],[83.2,25.7],[83.1,25.7],[83.1,25.6],[83.1,25.7],[83.0,25.7],[82.9,25.7],[82.9,25.8],[82.8,25.8],[82.7,25.8],[82.8,25.8],[82.8,25.9],[82.7,25.9],[82.8,25.9],[82.7,25.9],[82.7,26.0],[82.7,26.1],[82.7,26.2],[82.7,26.3],[82.7,26.2],[82.8,26.2],[82.9,26.2],[82.9,26.3],[82.9,26.4],[82.9,26.5],[83.0,26.4]]]}},{"type":"Feature","properties":{"NAME_1":"Uttar Pradesh","NAME_2":"Badaun","NAME_0":"India"},"geometry":{"type":"Polygon","coordinates":[[[78.9,28.5],[78.9,28.4],[79.0,28.4],[79.1,28.4],[79.1,28.3],[79.1,28.2],[79.2,28.2],[79.3,28.2],[79.4,28.2],[79.4,28.1],[79.5,28.1],[79.5,28.0],[79.5,27.9],[79.5,27.8],[79.5,27.9],[79.4,27.9],[79.4,27.8],[79.3,27.8],[79.3,27.7],[79.2,27.7],[79.3,27.7],[79.2,27.7],[79.2,27.8],[79.1,27.8],[79.1,27.9],[79.1,27.8],[79.0,27.8],[79.0,27.9],[78.9,27.9],[78.8,27.9],[78.8,28.0],[78.7,28.0],[78.6,28.0],[78.6,28.1],[78.6,28.0],[78.6,28.1],[78.5,28.1],[78.5,28.2],[78.4,28.2],[78.4,28.3],[78.3,28.3],[78.3,28.4],[78.3,28.5],[78.4,28.5],[78.4,28.4],[78.5,28.4],[78.6,28.4],[78.6,28.3],[78.6,28.4],[78.6,28.3],[78.6,28.4],[78.7,28.4],[78.8,28.4],[78.7,28.4],[78.8,28.4],[78.8,28.5],[78.9,28.5]]]}},{"type":"Feature","properties":{"NAME_1":"Uttar Pradesh","NAME_2":"Baghpat","NAME_0":"India"},"geometry":{"type":"Polygon","coordinates":[[[77.5,29.2],[77.5,29.1],[77.4,29.1],[77.4,29.0],[77.5,29.0],[77.5,28.9],[77.4,28.9],[77.4,28.8],[77.3,28.8],[77.2,28.8],[77.2,28.9],[77.2,29.0],[77.2,29.1],[77.1,29.1],[77.1,29.2],[77.1,29.3],[77.2,29.3],[77.3,29.3],[77.3,29.2],[77.4,29.2],[77.4,29.3],[77.4,29.2],[77.5,29.2]]]}},{"type":"Feature","properties":{"NAME_1":"Uttar Pradesh","NAME_2":"Bahraich","NAME_0":"India"},"geometry":{"type":"MultiPolygon","coordinates":[[[[81.7,28.0],[81.8,27.9],[81.7,27.9],[81.7,28.0]]],[[[81.3,28.2],[81.3,28.1],[81.4,28.1],[81.4,28.2],[81.5,28.2],[81.5,28.1],[81.5,28.0],[81.6,28.0],[81.7,28.0],[81.6,28.0],[81.6,27.9],[81.5,27.9],[81.5,27.8],[81.6,27.8],[81.6,27.7],[81.5,27.7],[81.6,27.7],[81.5,27.7],[81.4,27.7],[81.5,27.7],[81.5,27.6],[81.6,27.6],[81.5,27.6],[81.6,27.6],[81.5,27.6],[81.6,27.6],[81.6,27.5],[81.7,27.5],[81.7,27.4],[81.8,27.4],[81.7,27.4],[81.7,27.3],[81.7,27.2],[81.6,27.2],[81.6,27.1],[81.5,27.1],[81.4,27.1],[81.4,27.2],[81.5,27.2],[81.4,27.2],[81.4,27.3],[81.4,27.4],[81.3,27.4],[81.3,27.5],[81.3,27.6],[81.3,27.7],[81.3,27.8],[81.3,27.9],[81.3,28.0],[81.2,28.0],[81.2,28.1],[81.1,28.1],[81.2,28.1],[81.1,28.1],[81.1,28.2],[81.0,28.3],[81.1,28.3],[81.0,28.3],[81.1,28.3],[81.0,28.4],[81.1,28.4],[81.2,28.4],[81.2,28.3],[81.3,28.2]]]]}},{"type":"Feature","properties":{"NAME_1":"Uttar Pradesh","NAME_2":"Ballia","NAME_0":"India"},"geometry":{"type":"Polygon","coordinates":[[[83.8,26.2],[83.9,26.2],[83.9,26.1],[84.0,26.1],[84.1,26.1],[84.1,26.0],[84.2,26.0],[84.3,26.0],[84.3,25.9],[84.3,26.0],[84.4,26.0],[84.4,25.9],[84.5,25.9],[84.5,25.8],[84.6,25.8],[84.6,25.7],[84.5,25.7],[84.4,25.7],[84.3,25.7],[84.2,25.7],[84.1,25.7],[84.1,25.6],[84.0,25.6],[83.9,25.6],[83.9,25.7],[84.0,25.7],[83.9,25.7],[84.0,25.7],[83.9,25.7],[83.9,25.8],[83.9,25.7],[83.9,25.8],[83.8,25.8],[83.7,25.8],[83.7,25.9],[83.7,25.8],[83.7,25.9],[83.8,25.9],[83.8,26.0],[83.7,26.0],[83.7,26.1],[83.8,26.1],[83.8,26.2]]]}},{"type":"Feature","properties":{"NAME_1":"Uttar Pradesh","NAME_2":"Balrampur","NAME_0":"India"},"geometry":{"type":"Polygon","coordinates":[[[82.3,27.8],[82.4,27.7],[82.5,27.7],[82.6,27.7],[82.7,27.7],[82.7,27.6],[82.8,27.6],[82.7,27.6],[82.8,27.6],[82.7,27.6],[82.7,27.5],[82.8,27.5],[82.7,27.5],[82.7,27.4],[82.8,27.4],[82.7,27.4],[82.6,27.4],[82.7,27.4],[82.6,27.4],[82.5,27.4],[82.5,27.3],[82.5,27.2],[82.6,27.2],[82.5,27.2],[82.4,27.2],[82.5,27.2],[82.5,27.1],[82.4,27.1],[82.3,27.1],[82.2,27.2],[82.3,27.2],[82.3,27.3],[82.2,27.3],[82.1,27.3],[82.1,27.4],[82.0,27.5],[82.1,27.5],[82.0,27.5],[82.0,27.6],[82.1,27.6],[82.1,27.7],[82.1,27.8],[82.2,27.8],[82.3,27.8]]]}},{"type":"Feature","properties":{"NAME_1":"Uttar Pradesh","NAME_2":"Banda","NAME_0":"India"},"geometry":{"type":"Polygon","coordinates":[[[80.5,25.8],[80.6,25.8],[80.5,25.7],[80.6,25.7],[80.7,25.7],[80.8,25.7],[80.9,25.7],[80.9,25.6],[81.0,25.6],[81.0,25.5],[80.9,25.5],[80.9,25.4],[80.8,25.4],[80.8,25.3],[80.7,25.3],[80.8,25.3],[80.8,25.2],[80.8,25.3],[80.7,25.3],[80.7,25.2],[80.8,25.2],[80.7,25.2],[80.7,25.1],[80.6,25.1],[80.6,25.2],[80.6,25.1],[80.5,25.1],[80.5,25.0],[80.5,25.1],[80.4,25.1],[80.4,25.0],[80.3,25.0],[80.3,25.1],[80.4,25.1],[80.4,25.2],[80.4,25.3],[80.3,25.3],[80.3,25.4],[80.2,25.4],[80.1,25.4],[80.1,25.3],[80.1,25.4],[80.1,25.5],[80.2,25.4],[80.2,25.5],[80.2,25.6],[80.3,25.6],[80.3,25.7],[80.3,25.8],[80.2,25.8],[80.3,25.8],[80.3,25.9],[80.3,25.8],[80.3,25.9],[80.4,25.9],[80.5,25.9],[80.5,25.8]]]}},{"type":"Feature","properties":{"NAME_1":"Uttar Pradesh","NAME_2":"Bara Banki","NAME_0":"India"},"geometry":{"type":"Polygon","coordinates":[[[81.3,27.3],[81.4,27.3],[81.4,27.2],[81.5,27.2],[81.4,27.2],[81.4,27.1],[81.5,27.1],[81.6,27.1],[81.6,27.0],[81.7,27.0],[81.7,26.9],[81.8,26.9],[81.8,26.8],[81.9,26.8],[81.8,26.8],[81.8,26.7],[81.7,26.7],[81.7,26.6],[81.6,26.6],[81.7,26.6],[81.6,26.6],[81.6,26.7],[81.6,26.6],[81.5,26.6],[81.6,26.6],[81.5,26.6],[81.5,26.5],[81.5,26.6],[81.5,26.5],[81.5,26.6],[81.4,26.6],[81.3,26.6],[81.3,26.5],[81.3,26.6],[81.3,26.5],[81.3,26.6],[81.2,26.6],[81.2,26.7],[81.2,26.8],[81.1,26.8],[81.2,26.8],[81.1,26.8],[81.2,26.8],[81.1,26.8],[81.1,26.9],[81.0,26.9],[81.0,27.0],[81.1,27.0],[81.0,27.0],[81.0,27.1],[81.0,27.2],[81.0,27.1],[80.9,27.1],[80.9,27.2],[81.0,27.2],[81.1,27.2],[81.1,27.3],[81.2,27.3],[81.2,27.2],[81.2,27.3],[81.3,27.3],[81.3,27.4],[81.3,27.3]]]}},{"type":"Feature","properties":{"NAME_1":"Uttar Pradesh","NAME_2":"Bareilly","NAME_0":"India"},"geometry":{"type":"Polygon","coordinates":[[[79.6,28.9],[79.5,28.9],[79.6,28.8],[79.6,28.9],[79.6,28.8],[79.7,28.8],[79.7,28.7],[79.6,28.7],[79.6,28.6],[79.7,28.6],[79.7,28.5],[79.7,28.4],[79.7,28.5],[79.7,28.4],[79.7,28.3],[79.7,28.2],[79.6,28.2],[79.6,28.1],[79.5,28.1],[79.5,28.0],[79.5,28.1],[79.4,28.1],[79.4,28.2],[79.3,28.2],[79.2,28.2],[79.1,28.2],[79.1,28.3],[79.1,28.4],[79.0,28.4],[79.0,28.5],[79.1,28.5],[79.2,28.5],[79.2,28.6],[79.2,28.7],[79.3,28.7],[79.4,28.7],[79.4,28.8],[79.3,28.8],[79.4,28.8],[79.4,28.9],[79.5,28.9],[79.6,28.9]]]}},{"type":"Feature","properties":{"NAME_1":"Uttar Pradesh","NAME_2":"Basti","NAME_0":"India"},"geometry":{"type":"Polygon","coordinates":[[[82.7,27.0],[82.8,27.0],[82.8,26.9],[82.8,27.0],[82.9,27.0],[82.9,26.9],[82.8,26.9],[82.9,26.9],[82.8,26.9],[82.9,26.9],[82.8,26.9],[82.8,26.8],[82.9,26.8],[83.0,26.7],[82.9,26.7],[83.0,26.7],[82.9,26.7],[82.9,26.6],[82.9,26.5],[82.8,26.6],[82.7,26.6],[82.6,26.6],[82.5,26.6],[82.5,26.7],[82.4,26.7],[82.4,26.6],[82.4,26.7],[82.3,26.7],[82.3,26.8],[82.3,26.7],[82.2,26.7],[82.2,26.8],[82.2,26.9],[82.3,26.9],[82.3,27.0],[82.3,26.9],[82.4,26.9],[82.4,27.0],[82.4,26.9],[82.5,26.9],[82.5,27.0],[82.6,27.0],[82.7,27.0]]]}},{"type":"Feature","properties":{"NAME_1":"Uttar Pradesh","NAME_2":"Bijnor","NAME_0":"India"},"geometry":{"type":"Polygon","coordinates":[[[78.4,29.8],[78.5,29.8],[78.5,29.7],[78.5,29.6],[78.6,29.6],[78.6,29.5],[78.7,29.5],[78.8,29.5],[78.9,29.5],[78.9,29.4],[78.8,29.4],[78.8,29.3],[78.7,29.3],[78.8,29.3],[78.7,29.3],[78.7,29.2],[78.6,29.2],[78.7,29.2],[78.6,29.2],[78.7,29.2],[78.7,29.1],[78.6,29.1],[78.5,29.1],[78.4,29.1],[78.4,29.0],[78.3,29.0],[78.3,29.1],[78.3,29.0],[78.3,29.1],[78.3,29.0],[78.3,29.1],[78.2,29.0],[78.2,29.1],[78.2,29.0],[78.2,29.1],[78.2,29.0],[78.2,29.1],[78.1,29.1],[78.1,29.2],[78.1,29.3],[78.1,29.4],[78.0,29.4],[78.1,29.4],[78.0,29.4],[78.0,29.5],[78.0,29.6],[78.1,29.6],[78.1,29.7],[78.2,29.7],[78.3,29.7],[78.3,29.8],[78.4,29.8]]]}},{"type":"Feature","properties":{"NAME_1":"Uttar Pradesh","NAME_2":"Bulandshahr","NAME_0":"India"},"geometry":{"type":"Polygon","coordinates":[[[78.0,28.7],[78.1,28.7],[78.1,28.6],[78.2,28.6],[78.2,28.5],[78.3,28.5],[78.3,28.4],[78.3,28.3],[78.4,28.3],[78.4,28.2],[78.5,28.2],[78.5,28.1],[78.4,28.1],[78.4,28.2],[78.3,28.2],[78.3,28.1],[78.2,28.1],[78.1,28.1],[78.0,28.1],[77.9,28.1],[77.8,28.1],[77.8,28.2],[77.8,28.1],[77.8,28.2],[77.7,28.2],[77.7,28.3],[77.7,28.4],[77.6,28.4],[77.6,28.5],[77.7,28.5],[77.7,28.6],[77.8,28.6],[77.8,28.7],[77.9,28.6],[77.9,28.7],[78.0,28.7]]]}},{"type":"Feature","properties":{"NAME_1":"Uttar Pradesh","NAME_2":"Chandauli","NAME_0":"India"},"geometry":{"type":"Polygon","coordinates":[[[83.2,25.5],[83.3,25.5],[83.4,25.5],[83.4,25.4],[83.5,25.4],[83.5,25.3],[83.4,25.3],[83.4,25.2],[83.4,25.3],[83.4,25.2],[83.3,25.2],[83.4,25.2],[83.4,25.1],[83.3,25.1],[83.3,25.0],[83.4,25.0],[83.4,24.9],[83.4,24.8],[83.3,24.8],[83.3,24.7],[83.2,24.7],[83.1,24.7],[83.1,24.8],[83.1,24.9],[83.1,25.0],[83.1,25.1],[83.2,25.1],[83.2,25.2],[83.1,25.2],[83.0,25.2],[83.1,25.2],[83.1,25.3],[83.0,25.3],[83.1,25.3],[83.2,25.3],[83.2,25.4],[83.1,25.4],[83.1,25.5],[83.2,25.5]]]}},{"type":"Feature","properties":{"NAME_1":"Uttar Pradesh","NAME_2":"Chitrakoot","NAME_0":"India"},"geometry":{"type":"Polygon","coordinates":[[[81.1,25.5],[81.2,25.5],[81.2,25.4],[81.1,25.4],[81.2,25.4],[81.2,25.3],[81.3,25.3],[81.3,25.4],[81.4,25.3],[81.5,25.3],[81.6,25.2],[81.5,25.2],[81.5,25.1],[81.5,25.2],[81.5,25.1],[81.4,25.1],[81.4,25.2],[81.3,25.2],[81.3,25.1],[81.3,25.2],[81.3,25.1],[81.2,25.1],[81.3,25.1],[81.2,25.0],[81.2,24.9],[81.2,25.0],[81.2,24.9],[81.1,24.9],[81.1,25.0],[81.0,25.0],[81.0,24.9],[81.0,25.0],[81.0,24.9],[80.9,24.9],[80.9,25.0],[80.9,24.9],[80.8,24.9],[80.8,25.0],[80.9,25.0],[80.8,25.0],[80.8,25.1],[80.9,25.1],[80.9,25.2],[80.8,25.2],[80.8,25.1],[80.7,25.1],[80.8,25.1],[80.7,25.1],[80.7,25.2],[80.8,25.2],[80.7,25.2],[80.7,25.3],[80.8,25.3],[80.8,25.2],[80.8,25.3],[80.7,25.3],[80.8,25.3],[80.8,25.4],[80.9,25.4],[80.9,25.5],[81.0,25.5],[81.1,25.5]]]}},{"type":"Feature","properties":{"NAME_1":"Uttar Pradesh","NAME_2":"Deoria","NAME_0":"India"},"geometry":{"type":"Polygon","coordinates":[[[83.8,26.7],[83.9,26.7],[83.9,26.8],[83.9,26.7],[84.0,26.7],[84.0,26.6],[84.0,26.5],[83.9,26.5],[83.9,26.4],[84.0,26.4],[84.1,26.4],[84.2,26.4],[84.2,26.3],[84.2,26.2],[84.1,26.3],[84.1,26.2],[84.0,26.2],[84.0,26.1],[83.9,26.1],[83.9,26.2],[83.8,26.2],[83.7,26.3],[83.7,26.2],[83.6,26.2],[83.6,26.3],[83.7,26.3],[83.6,26.3],[83.6,26.4],[83.5,26.4],[83.6,26.4],[83.5,26.4],[83.5,26.5],[83.6,26.5],[83.6,26.6],[83.6,26.7],[83.7,26.7],[83.8,26.7],[83.8,26.8],[83.8,26.7]]]}},{"type":"Feature","properties":{"NAME_1":"Uttar Pradesh","NAME_2":"Etah","NAME_0":"India"},"geometry":{"type":"Polygon","coordinates":[[[78.6,28.0],[78.7,28.0],[78.8,28.0],[78.8,27.9],[78.9,27.9],[79.0,27.9],[79.0,27.8],[79.1,27.8],[79.1,27.9],[79.1,27.8],[79.2,27.8],[79.2,27.7],[79.1,27.7],[79.1,27.6],[79.2,27.6],[79.2,27.5],[79.3,27.5],[79.2,27.5],[79.3,27.5],[79.3,27.4],[79.2,27.4],[79.3,27.4],[79.3,27.3],[79.2,27.3],[79.2,27.4],[79.1,27.4],[79.0,27.4],[78.9,27.4],[78.9,27.5],[78.9,27.4],[78.8,27.4],[78.8,27.3],[78.7,27.4],[78.7,27.3],[78.7,27.4],[78.6,27.4],[78.6,27.5],[78.7,27.5],[78.6,27.5],[78.5,27.5],[78.5,27.4],[78.5,27.5],[78.5,27.4],[78.5,27.3],[78.5,27.4],[78.4,27.4],[78.4,27.3],[78.4,27.4],[78.3,27.4],[78.3,27.3],[78.3,27.4],[78.2,27.4],[78.2,27.5],[78.3,27.5],[78.3,27.6],[78.3,27.5],[78.3,27.6],[78.4,27.6],[78.5,27.6],[78.5,27.7],[78.5,27.8],[78.5,27.9],[78.6,27.9],[78.6,28.0],[78.6,28.1],[78.6,28.0]]]}},{"type":"Feature","properties":{"NAME_1":"Uttar Pradesh","NAME_2":"Etawah","NAME_0":"India"},"geometry":{"type":"Polygon","coordinates":[[[79.2,27.0],[79.3,27.0],[79.3,26.9],[79.3,26.8],[79.3,26.7],[79.3,26.6],[79.2,26.6],[79.2,26.5],[79.1,26.5],[79.0,26.5],[79.0,26.6],[79.0,26.5],[79.0,26.6],[79.0,26.5],[79.0,26.6],[79.0,26.7],[78.9,26.7],[79.0,26.7],[78.9,26.7],[78.8,26.7],[78.8,26.8],[78.8,26.9],[78.7,26.9],[78.8,26.9],[78.8,27.0],[78.9,27.0],[79.0,27.0],[79.0,26.9],[79.0,27.0],[79.1,27.0],[79.2,27.0]]]}},{"type":"Feature","properties":{"NAME_1":"Uttar Pradesh","NAME_2":"Faizabad","NAME_0":"India"},"geometry":{"type":"Polygon","coordinates":[[[81.9,26.8],[82.0,26.8],[82.1,26.8],[82.2,26.8],[82.2,26.7],[82.3,26.7],[82.3,26.8],[82.3,26.7],[82.4,26.7],[82.4,26.6],[82.4,26.7],[82.5,26.7],[82.5,26.6],[82.4,26.6],[82.5,26.6],[82.4,26.6],[82.5,26.6],[82.4,26.6],[82.4,26.5],[82.4,26.6],[82.4,26.5],[82.4,26.6],[82.3,26.6],[82.3,26.5],[82.3,26.4],[82.2,26.4],[82.1,26.4],[82.1,26.5],[82.1,26.4],[82.1,26.5],[82.0,26.5],[81.9,26.5],[81.8,26.5],[81.7,26.5],[81.7,26.6],[81.7,26.7],[81.8,26.7],[81.8,26.8],[81.9,26.8],[81.8,26.8],[81.9,26.8]]]}},{"type":"Feature","properties":{"NAME_1":"Uttar Pradesh","NAME_2":"Farrukhabad","NAME_0":"India"},"geometry":{"type":"Polygon","coordinates":[[[79.2,27.7],[79.3,27.7],[79.2,27.7],[79.3,27.7],[79.4,27.7],[79.4,27.6],[79.4,27.7],[79.4,27.6],[79.5,27.6],[79.6,27.6],[79.7,27.5],[79.6,27.5],[79.7,27.5],[79.7,27.4],[79.7,27.3],[79.7,27.2],[79.6,27.2],[79.5,27.2],[79.4,27.2],[79.3,27.2],[79.3,27.3],[79.2,27.3],[79.3,27.3],[79.3,27.4],[79.2,27.4],[79.3,27.4],[79.3,27.5],[79.2,27.5],[79.3,27.5],[79.2,27.5],[79.2,27.6],[79.1,27.6],[79.1,27.7],[79.2,27.7]]]}},{"type":"Feature","properties":{"NAME_1":"Uttar Pradesh","NAME_2":"Fatehpur","NAME_0":"India"},"geometry":{"type":"Polygon","coordinates":[[[80.6,26.2],[80.6,26.1],[80.7,26.1],[80.8,26.1],[80.8,26.0],[80.9,26.0],[80.9,26.1],[81.0,26.1],[81.0,26.0],[81.1,26.0],[81.2,25.9],[81.3,25.9],[81.3,25.8],[81.2,25.8],[81.2,25.7],[81.2,25.6],[81.3,25.6],[81.3,25.5],[81.2,25.5],[81.3,25.5],[81.2,25.5],[81.2,25.4],[81.2,25.5],[81.1,25.5],[81.0,25.5],[81.0,25.6],[80.9,25.6],[80.9,25.7],[80.8,25.7],[80.7,25.7],[80.6,25.7],[80.5,25.7],[80.6,25.8],[80.5,25.8],[80.5,25.9],[80.4,25.9],[80.3,25.9],[80.2,25.9],[80.2,26.0],[80.3,26.0],[80.2,26.0],[80.3,26.0],[80.2,26.0],[80.3,26.0],[80.2,26.1],[80.3,26.1],[80.4,26.1],[80.4,26.2],[80.5,26.2],[80.6,26.2]]]}},{"type":"Feature","properties":{"NAME_1":"Uttar Pradesh","NAME_2":"Firozabad","NAME_0":"India"},"geometry":{"type":"Polygon","coordinates":[[[78.6,27.5],[78.7,27.5],[78.6,27.5],[78.6,27.4],[78.7,27.4],[78.7,27.3],[78.7,27.2],[78.8,27.2],[78.7,27.2],[78.8,27.2],[78.8,27.1],[78.8,27.2],[78.8,27.1],[78.8,27.0],[78.8,26.9],[78.7,26.9],[78.6,26.9],[78.6,27.0],[78.6,26.9],[78.6,27.0],[78.5,27.0],[78.5,26.9],[78.5,27.0],[78.4,27.0],[78.4,27.1],[78.3,27.1],[78.4,27.1],[78.3,27.1],[78.2,27.1],[78.3,27.1],[78.2,27.1],[78.2,27.2],[78.1,27.2],[78.0,27.2],[78.0,27.3],[78.0,27.2],[78.0,27.3],[78.0,27.4],[78.0,27.3],[78.1,27.3],[78.1,27.4],[78.0,27.4],[78.1,27.4],[78.2,27.4],[78.3,27.4],[78.3,27.3],[78.3,27.4],[78.4,27.4],[78.4,27.3],[78.4,27.4],[78.5,27.4],[78.5,27.3],[78.5,27.4],[78.5,27.5],[78.5,27.4],[78.5,27.5],[78.6,27.5]]]}},{"type":"Feature","properties":{"NAME_1":"Uttar Pradesh","NAME_2":"Gautam Buddha Nagar","NAME_0":"India"},"geometry":{"type":"Polygon","coordinates":[[[77.4,28.7],[77.4,28.6],[77.5,28.6],[77.5,28.7],[77.5,28.6],[77.5,28.7],[77.5,28.6],[77.6,28.6],[77.7,28.6],[77.7,28.5],[77.6,28.5],[77.6,28.4],[77.7,28.4],[77.7,28.3],[77.7,28.2],[77.8,28.2],[77.7,28.1],[77.6,28.1],[77.5,28.1],[77.5,28.2],[77.5,28.3],[77.5,28.4],[77.4,28.4],[77.4,28.5],[77.3,28.5],[77.3,28.6],[77.3,28.7],[77.4,28.7]]]}},{"type":"Feature","properties":{"NAME_1":"Uttar Pradesh","NAME_2":"Ghaziabad","NAME_0":"India"},"geometry":{"type":"Polygon","coordinates":[[[77.5,28.9],[77.6,28.9],[77.7,28.9],[77.7,28.8],[77.7,28.7],[77.7,28.8],[77.8,28.8],[77.9,28.8],[77.9,28.9],[77.9,28.8],[77.9,28.9],[78.0,28.8],[78.0,28.9],[78.1,28.9],[78.1,28.8],[78.1,28.7],[78.2,28.7],[78.2,28.6],[78.1,28.6],[78.1,28.7],[78.0,28.7],[77.9,28.7],[77.9,28.6],[77.8,28.7],[77.8,28.6],[77.7,28.6],[77.6,28.6],[77.5,28.6],[77.5,28.7],[77.5,28.6],[77.5,28.7],[77.5,28.6],[77.4,28.6],[77.4,28.7],[77.3,28.7],[77.3,28.8],[77.2,28.8],[77.3,28.8],[77.4,28.8],[77.4,28.9],[77.5,28.9]]]}},{"type":"Feature","properties":{"NAME_1":"Uttar Pradesh","NAME_2":"Ghazipur","NAME_0":"India"},"geometry":{"type":"Polygon","coordinates":[[[83.7,25.9],[83.7,25.8],[83.7,25.9],[83.7,25.8],[83.8,25.8],[83.9,25.8],[83.9,25.7],[83.9,25.8],[83.9,25.7],[84.0,25.7],[83.9,25.7],[84.0,25.7],[83.9,25.7],[83.9,25.6],[83.9,25.5],[83.8,25.5],[83.8,25.4],[83.7,25.4],[83.8,25.4],[83.7,25.4],[83.6,25.4],[83.7,25.4],[83.6,25.4],[83.6,25.3],[83.5,25.3],[83.5,25.4],[83.4,25.4],[83.4,25.5],[83.3,25.5],[83.2,25.5],[83.1,25.5],[83.2,25.5],[83.1,25.5],[83.1,25.6],[83.1,25.7],[83.1,25.6],[83.1,25.7],[83.2,25.7],[83.2,25.8],[83.3,25.8],[83.4,25.8],[83.5,25.9],[83.5,25.8],[83.5,25.9],[83.6,25.9],[83.7,25.9]]]}},{"type":"Feature","properties":{"NAME_1":"Uttar Pradesh","NAME_2":"Gonda","NAME_0":"India"},"geometry":{"type":"Polygon","coordinates":[[[82.0,27.4],[82.1,27.4],[82.1,27.3],[82.2,27.3],[82.3,27.3],[82.3,27.2],[82.2,27.2],[82.3,27.1],[82.4,27.1],[82.5,27.1],[82.5,27.2],[82.5,27.1],[82.6,27.1],[82.5,27.1],[82.6,27.1],[82.6,27.0],[82.5,27.0],[82.5,26.9],[82.4,26.9],[82.4,27.0],[82.4,26.9],[82.3,26.9],[82.3,27.0],[82.3,26.9],[82.2,26.9],[82.2,26.8],[82.1,26.8],[82.0,26.8],[81.9,26.8],[81.8,26.8],[81.8,26.9],[81.7,26.9],[81.7,27.0],[81.6,27.0],[81.6,27.1],[81.5,27.1],[81.6,27.1],[81.6,27.2],[81.7,27.2],[81.7,27.3],[81.8,27.3],[81.9,27.3],[81.9,27.4],[82.0,27.4]]]}},{"type":"Feature","properties":{"NAME_1":"Uttar Pradesh","NAME_2":"Gorakhpur","NAME_0":"India"},"geometry":{"type":"Polygon","coordinates":[[[83.2,27.0],[83.3,27.0],[83.3,26.9],[83.3,27.0],[83.4,27.0],[83.4,26.9],[83.4,27.0],[83.5,27.0],[83.5,26.9],[83.5,26.8],[83.6,26.8],[83.6,26.7],[83.6,26.6],[83.6,26.5],[83.5,26.5],[83.5,26.4],[83.6,26.4],[83.5,26.4],[83.6,26.4],[83.6,26.3],[83.7,26.3],[83.6,26.3],[83.6,26.2],[83.6,26.3],[83.5,26.3],[83.4,26.3],[83.3,26.3],[83.3,26.4],[83.3,26.3],[83.3,26.4],[83.2,26.4],[83.1,26.4],[83.1,26.5],[83.2,26.5],[83.1,26.5],[83.1,26.6],[83.1,26.7],[83.1,26.8],[83.1,26.9],[83.2,26.9],[83.2,27.0],[83.2,26.9],[83.2,27.0]]]}},{"type":"Feature","properties":{"NAME_1":"Uttar Pradesh","NAME_2":"Hamirpur","NAME_0":"India"},"geometry":{"type":"Polygon","coordinates":[[[80.0,26.1],[80.1,26.1],[80.1,26.0],[80.2,26.0],[80.2,25.9],[80.3,25.9],[80.3,25.8],[80.3,25.9],[80.3,25.8],[80.2,25.8],[80.3,25.8],[80.3,25.7],[80.3,25.6],[80.2,25.6],[80.2,25.5],[80.2,25.4],[80.1,25.5],[80.1,25.4],[80.0,25.4],[80.0,25.5],[80.0,25.6],[79.9,25.6],[79.8,25.6],[79.8,25.5],[79.8,25.6],[79.8,25.5],[79.7,25.5],[79.7,25.6],[79.7,25.5],[79.6,25.5],[79.5,25.5],[79.4,25.5],[79.4,25.6],[79.4,25.7],[79.4,25.8],[79.5,25.8],[79.5,25.9],[79.5,25.8],[79.6,25.8],[79.6,25.9],[79.5,25.9],[79.6,25.9],[79.7,25.9],[79.8,25.9],[79.9,25.9],[79.8,26.0],[79.9,26.0],[79.9,26.1],[79.9,26.2],[80.0,26.2],[80.0,26.1],[79.9,26.1],[80.0,26.1]]]}},{"type":"Feature","properties":{"NAME_1":"Uttar Pradesh","NAME_2":"Hardoi","NAME_0":"India"},"geometry":{"type":"Polygon","coordinates":[[[80.1,27.8],[80.2,27.8],[80.2,27.7],[80.3,27.7],[80.3,27.6],[80.3,27.5],[80.4,27.5],[80.4,27.4],[80.5,27.4],[80.4,27.4],[80.5,27.4],[80.4,27.3],[80.5,27.3],[80.5,27.4],[80.5,27.3],[80.6,27.3],[80.6,27.2],[80.7,27.2],[80.8,27.2],[80.8,27.1],[80.7,27.1],[80.6,27.1],[80.6,27.0],[80.5,27.0],[80.4,27.0],[80.4,26.9],[80.3,26.9],[80.3,27.0],[80.2,27.0],[80.1,27.0],[80.1,26.9],[80.0,26.9],[80.0,27.0],[80.0,27.1],[79.9,27.1],[79.9,27.2],[79.8,27.2],[79.9,27.2],[79.8,27.2],[79.7,27.2],[79.7,27.3],[79.7,27.4],[79.7,27.5],[79.7,27.6],[79.7,27.7],[79.8,27.7],[79.9,27.7],[80.0,27.7],[80.1,27.7],[80.1,27.8],[80.0,27.8],[80.1,27.8]]]}},{"type":"Feature","properties":{"NAME_1":"Uttar Pradesh","NAME_2":"Hathras","NAME_0":"India"},"geometry":{"type":"Polygon","coordinates":[[[78.5,27.8],[78.5,27.7],[78.5,27.6],[78.4,27.6],[78.3,27.6],[78.3,27.5],[78.3,27.6],[78.3,27.5],[78.2,27.5],[78.2,27.4],[78.1,27.4],[78.0,27.4],[78.1,27.4],[78.1,27.3],[78.0,27.3],[78.0,27.4],[78.0,27.3],[77.9,27.3],[77.9,27.4],[77.9,27.5],[77.9,27.6],[78.0,27.6],[78.0,27.7],[78.0,27.6],[78.0,27.7],[78.0,27.8],[78.1,27.8],[78.2,27.8],[78.2,27.7],[78.3,27.7],[78.4,27.7],[78.4,27.8],[78.5,27.8]]]}},{"type":"Feature","properties":{"NAME_1":"Uttar Pradesh","NAME_2":"Jalaun","NAME_0":"India"},"geometry":{"type":"Polygon","coordinates":[[[79.3,26.4],[79.4,26.4],[79.5,26.4],[79.5,26.3],[79.5,26.4],[79.6,26.4],[79.6,26.3],[79.5,26.3],[79.6,26.3],[79.6,26.2],[79.7,26.2],[79.8,26.2],[79.7,26.1],[79.8,26.1],[79.9,26.1],[79.9,26.0],[79.8,26.0],[79.9,25.9],[79.8,25.9],[79.7,25.9],[79.6,25.9],[79.5,25.9],[79.6,25.9],[79.6,25.8],[79.5,25.8],[79.5,25.9],[79.5,25.8],[79.4,25.8],[79.3,25.8],[79.2,25.8],[79.1,25.8],[79.1,25.9],[79.0,25.9],[79.1,25.9],[79.0,25.9],[78.9,26.0],[79.0,26.0],[78.9,26.0],[79.0,26.0],[79.0,26.1],[78.9,26.1],[79.0,26.1],[79.0,26.2],[79.1,26.2],[79.1,26.3],[79.0,26.3],[79.1,26.3],[79.1,26.4],[79.2,26.4],[79.3,26.4]]]}},{"type":"Feature","properties":{"NAME_1":"Uttar Pradesh","NAME_2":"Jaunpur","NAME_0":"India"},"geometry":{"type":"Polygon","coordinates":[[[82.6,26.2],[82.7,26.2],[82.7,26.1],[82.7,26.0],[82.7,25.9],[82.8,25.9],[82.7,25.9],[82.8,25.9],[82.8,25.8],[82.7,25.8],[82.8,25.8],[82.9,25.8],[82.9,25.7],[83.0,25.7],[83.1,25.7],[83.1,25.6],[83.0,25.5],[83.0,25.6],[83.0,25.5],[83.0,25.6],[83.0,25.5],[82.9,25.5],[82.9,25.6],[82.8,25.6],[82.8,25.5],[82.7,25.5],[82.7,25.4],[82.6,25.4],[82.6,25.5],[82.6,25.4],[82.6,25.5],[82.5,25.5],[82.5,25.4],[82.5,25.5],[82.4,25.5],[82.3,25.5],[82.3,25.6],[82.3,25.5],[82.3,25.6],[82.2,25.6],[82.1,25.6],[82.1,25.7],[82.2,25.7],[82.2,25.8],[82.3,25.8],[82.3,25.9],[82.3,25.8],[82.3,25.9],[82.4,25.9],[82.3,25.9],[82.3,26.0],[82.4,26.0],[82.5,26.0],[82.5,26.1],[82.4,26.1],[82.5,26.1],[82.6,26.1],[82.6,26.2]]]}},{"type":"Feature","properties":{"NAME_1":"Uttar Pradesh","NAME_2":"Jhansi","NAME_0":"India"},"geometry":{"type":"Polygon","coordinates":[[[78.9,26.0],[79.0,25.9],[79.1,25.9],[79.0,25.9],[79.1,25.9],[79.1,25.8],[79.2,25.8],[79.3,25.8],[79.4,25.8],[79.4,25.7],[79.4,25.6],[79.4,25.5],[79.3,25.4],[79.3,25.3],[79.3,25.2],[79.3,25.1],[79.3,25.2],[79.2,25.2],[79.2,25.1],[79.2,25.2],[79.2,25.1],[79.1,25.1],[79.1,25.2],[79.1,25.1],[79.0,25.1],[79.0,25.2],[79.1,25.2],[79.0,25.2],[79.0,25.3],[79.0,25.2],[78.9,25.2],[78.9,25.3],[78.9,25.2],[78.9,25.3],[79.0,25.3],[78.9,25.3],[78.8,25.2],[78.8,25.3],[78.8,25.4],[78.9,25.4],[79.0,25.4],[78.9,25.4],[79.0,25.4],[78.9,25.4],[78.9,25.5],[78.9,25.6],[78.9,25.5],[78.9,25.6],[78.9,25.5],[78.8,25.5],[78.9,25.5],[78.8,25.4],[78.8,25.5],[78.7,25.5],[78.7,25.4],[78.8,25.4],[78.7,25.4],[78.8,25.4],[78.7,25.4],[78.7,25.3],[78.7,25.4],[78.6,25.4],[78.6,25.3],[78.5,25.4],[78.5,25.3],[78.4,25.3],[78.5,25.3],[78.6,25.3],[78.6,25.2],[78.5,25.2],[78.5,25.1],[78.4,25.1],[78.4,25.2],[78.4,25.3],[78.3,25.3],[78.3,25.4],[78.3,25.5],[78.4,25.5],[78.4,25.4],[78.4,25.5],[78.4,25.6],[78.5,25.6],[78.6,25.6],[78.7,25.6],[78.8,25.6],[78.8,25.7],[78.7,25.7],[78.8,25.8],[78.9,25.8],[78.8,25.8],[78.8,25.9],[78.9,25.9],[78.9,26.0],[78.9,25.9],[78.9,26.0]]]}},{"type":"Feature","properties":{"NAME_1":"Uttar Pradesh","NAME_2":"Jyotiba Phule Nagar","NAME_0":"India"},"geometry":{"type":"Polygon","coordinates":[[[78.6,29.2],[78.7,29.2],[78.7,29.1],[78.7,29.0],[78.6,29.0],[78.7,29.0],[78.7,28.9],[78.6,28.9],[78.6,28.8],[78.5,28.8],[78.4,28.8],[78.4,28.7],[78.4,28.6],[78.4,28.5],[78.3,28.5],[78.3,28.4],[78.3,28.5],[78.2,28.5],[78.2,28.6],[78.2,28.7],[78.1,28.7],[78.1,28.8],[78.1,28.9],[78.0,28.9],[78.0,29.0],[78.1,29.0],[78.1,29.1],[78.2,29.1],[78.2,29.0],[78.2,29.1],[78.2,29.0],[78.2,29.1],[78.2,29.0],[78.3,29.1],[78.3,29.0],[78.3,29.1],[78.3,29.0],[78.3,29.1],[78.3,29.0],[78.4,29.0],[78.4,29.1],[78.5,29.1],[78.6,29.1],[78.7,29.1],[78.7,29.2],[78.6,29.2]]]}},{"type":"Feature","properties":{"NAME_1":"Uttar Pradesh","NAME_2":"Kannauj","NAME_0":"India"},"geometry":{"type":"Polygon","coordinates":[[[79.4,27.2],[79.5,27.2],[79.6,27.2],[79.7,27.2],[79.8,27.2],[79.9,27.2],[79.8,27.2],[79.9,27.2],[79.9,27.1],[80.0,27.1],[80.0,27.0],[80.0,26.9],[80.0,27.0],[79.9,27.0],[79.9,26.9],[80.0,26.9],[79.9,26.9],[79.9,26.8],[79.8,26.8],[79.9,26.8],[79.8,26.8],[79.7,26.8],[79.7,26.9],[79.6,26.9],[79.5,26.9],[79.4,26.9],[79.4,27.0],[79.3,26.9],[79.3,27.0],[79.4,27.0],[79.4,27.1],[79.4,27.2]]]}},{"type":"Feature","properties":{"NAME_1":"Uttar Pradesh","NAME_2":"Kanpur Dehat","NAME_0":"India"},"geometry":{"type":"Polygon","coordinates":[[[80.0,27.0],[80.0,26.9],[80.1,26.9],[80.1,26.8],[80.1,26.7],[80.2,26.7],[80.3,26.7],[80.3,26.6],[80.2,26.6],[80.3,26.6],[80.2,26.6],[80.2,26.5],[80.1,26.5],[80.1,26.4],[80.1,26.3],[80.2,26.3],[80.1,26.3],[80.2,26.3],[80.3,26.3],[80.4,26.3],[80.4,26.2],[80.5,26.2],[80.4,26.2],[80.4,26.1],[80.3,26.1],[80.2,26.1],[80.3,26.0],[80.2,26.0],[80.3,26.0],[80.2,26.0],[80.3,26.0],[80.2,26.0],[80.2,25.9],[80.2,26.0],[80.1,26.0],[80.1,26.1],[80.0,26.1],[79.9,26.1],[80.0,26.1],[80.0,26.2],[79.9,26.2],[79.9,26.1],[79.8,26.1],[79.7,26.1],[79.8,26.2],[79.7,26.2],[79.6,26.2],[79.6,26.3],[79.5,26.3],[79.6,26.3],[79.6,26.4],[79.5,26.4],[79.5,26.3],[79.5,26.4],[79.6,26.4],[79.6,26.5],[79.6,26.6],[79.7,26.6],[79.7,26.7],[79.7,26.8],[79.8,26.8],[79.9,26.8],[79.8,26.8],[79.9,26.8],[79.9,26.9],[80.0,26.9],[79.9,26.9],[79.9,27.0],[80.0,27.0],[80.0,26.9],[80.0,27.0]]]}},{"type":"Feature","properties":{"NAME_1":"Uttar Pradesh","NAME_2":"Kanpur","NAME_0":"India"},"geometry":{"type":"Polygon","coordinates":[[[80.3,26.6],[80.3,26.5],[80.4,26.5],[80.4,26.4],[80.5,26.4],[80.5,26.3],[80.6,26.3],[80.6,26.2],[80.5,26.2],[80.4,26.2],[80.4,26.3],[80.3,26.3],[80.2,26.3],[80.1,26.3],[80.2,26.3],[80.1,26.3],[80.1,26.4],[80.1,26.5],[80.2,26.5],[80.2,26.6],[80.3,26.6],[80.2,26.6],[80.3,26.6]]]}},{"type":"Feature","properties":{"NAME_1":"Uttar Pradesh","NAME_2":"Kaushambi","NAME_0":"India"},"geometry":{"type":"Polygon","coordinates":[[[81.3,25.8],[81.4,25.8],[81.4,25.7],[81.5,25.6],[81.6,25.6],[81.6,25.5],[81.7,25.5],[81.8,25.5],[81.9,25.5],[81.9,25.4],[81.8,25.4],[81.8,25.3],[81.7,25.3],[81.7,25.4],[81.6,25.4],[81.6,25.3],[81.5,25.3],[81.4,25.3],[81.3,25.4],[81.3,25.3],[81.2,25.3],[81.2,25.4],[81.1,25.4],[81.2,25.4],[81.2,25.5],[81.2,25.4],[81.2,25.5],[81.3,25.5],[81.2,25.5],[81.3,25.5],[81.3,25.6],[81.2,25.6],[81.2,25.7],[81.2,25.8],[81.3,25.8]]]}},{"type":"Feature","properties":{"NAME_1":"Uttar Pradesh","NAME_2":"Kushinagar","NAME_0":"India"},"geometry":{"type":"Polygon","coordinates":[[[83.9,27.3],[83.9,27.2],[84.0,27.2],[84.0,27.1],[83.9,27.1],[84.0,27.1],[84.0,27.0],[84.0,26.9],[84.1,26.9],[84.0,26.9],[84.1,26.9],[84.2,26.8],[84.2,26.9],[84.3,26.8],[84.2,26.8],[84.3,26.8],[84.2,26.8],[84.2,26.7],[84.3,26.7],[84.3,26.8],[84.3,26.7],[84.4,26.7],[84.4,26.6],[84.3,26.6],[84.2,26.6],[84.1,26.6],[84.2,26.6],[84.1,26.6],[84.0,26.6],[84.0,26.7],[83.9,26.7],[83.9,26.8],[83.9,26.7],[83.8,26.7],[83.8,26.8],[83.8,26.7],[83.7,26.7],[83.6,26.7],[83.6,26.8],[83.5,26.8],[83.5,26.9],[83.6,26.9],[83.6,27.0],[83.7,27.0],[83.7,26.9],[83.7,27.0],[83.8,27.0],[83.7,27.0],[83.7,27.1],[83.8,27.1],[83.7,27.1],[83.8,27.1],[83.8,27.2],[83.8,27.3],[83.8,27.2],[83.8,27.3],[83.8,27.2],[83.8,27.3],[83.9,27.3]]]}},{"type":"Feature","properties":{"NAME_1":"Uttar Pradesh","NAME_2":"Lakhimpur Kheri","NAME_0":"India"},"geometry":{"type":"Polygon","coordinates":[[[80.6,28.7],[80.6,28.6],[80.6,28.7],[80.6,28.6],[80.7,28.6],[80.8,28.6],[80.8,28.5],[80.9,28.5],[81.0,28.5],[81.0,28.4],[81.0,28.5],[81.0,28.4],[81.0,28.5],[81.0,28.4],[81.1,28.4],[81.0,28.4],[81.1,28.3],[81.0,28.3],[81.1,28.3],[81.0,28.3],[81.1,28.2],[81.1,28.1],[81.2,28.1],[81.1,28.1],[81.2,28.1],[81.2,28.0],[81.3,28.0],[81.3,27.9],[81.3,27.8],[81.3,27.7],[81.2,27.7],[81.3,27.7],[81.2,27.7],[81.2,27.8],[81.1,27.8],[81.0,27.8],[81.0,27.9],[80.9,27.9],[80.9,27.8],[80.9,27.9],[80.9,27.8],[80.9,27.9],[80.9,27.8],[80.8,27.8],[80.7,27.8],[80.6,27.8],[80.5,27.8],[80.4,27.8],[80.4,27.7],[80.4,27.8],[80.4,27.7],[80.3,27.7],[80.2,27.7],[80.2,27.8],[80.1,27.8],[80.0,27.8],[80.0,27.9],[80.1,27.9],[80.0,27.9],[80.1,27.9],[80.1,28.0],[80.2,28.0],[80.2,28.1],[80.2,28.2],[80.3,28.2],[80.3,28.3],[80.4,28.3],[80.4,28.4],[80.3,28.4],[80.3,28.5],[80.4,28.5],[80.4,28.6],[80.3,28.6],[80.3,28.7],[80.4,28.7],[80.4,28.6],[80.5,28.6],[80.5,28.7],[80.6,28.7]]]}},{"type":"Feature","properties":{"NAME_1":"Uttar Pradesh","NAME_2":"Lalitpur","NAME_0":"India"},"geometry":{"type":"Polygon","coordinates":[[[78.6,25.1],[78.6,25.0],[78.6,24.9],[78.7,24.9],[78.8,24.9],[78.8,24.8],[78.8,24.7],[78.7,24.7],[78.7,24.6],[78.8,24.6],[78.9,24.6],[78.9,24.5],[79.0,24.5],[78.9,24.5],[78.9,24.4],[79.0,24.4],[79.0,24.3],[78.9,24.3],[78.9,24.2],[78.8,24.2],[78.8,24.3],[78.8,24.2],[78.7,24.2],[78.7,24.3],[78.7,24.2],[78.7,24.3],[78.6,24.3],[78.6,24.4],[78.5,24.4],[78.5,24.3],[78.4,24.3],[78.3,24.3],[78.3,24.4],[78.4,24.4],[78.3,24.4],[78.3,24.5],[78.2,24.5],[78.3,24.6],[78.3,24.7],[78.2,24.7],[78.2,24.8],[78.2,24.9],[78.3,24.9],[78.3,25.0],[78.3,25.1],[78.4,25.1],[78.5,25.1],[78.5,25.2],[78.6,25.2],[78.6,25.1]]]}},{"type":"Feature","properties":{"NAME_1":"Uttar Pradesh","NAME_2":"Lucknow","NAME_0":"India"},"geometry":{"type":"Polygon","coordinates":[[[80.9,27.2],[80.9,27.1],[81.0,27.1],[81.0,27.2],[81.0,27.1],[81.0,27.0],[81.1,27.0],[81.0,27.0],[81.0,26.9],[81.1,26.9],[81.1,26.8],[81.2,26.8],[81.1,26.8],[81.2,26.8],[81.1,26.8],[81.2,26.8],[81.2,26.7],[81.2,26.6],[81.1,26.6],[81.1,26.5],[81.0,26.5],[81.0,26.6],[81.0,26.5],[81.0,26.6],[80.9,26.6],[80.8,26.7],[80.7,26.7],[80.7,26.8],[80.7,26.9],[80.6,26.9],[80.6,27.0],[80.6,26.9],[80.6,27.0],[80.6,27.1],[80.7,27.1],[80.8,27.1],[80.9,27.1],[80.9,27.2]]]}},{"type":"Feature","properties":{"NAME_1":"Uttar Pradesh","NAME_2":"Maharajganj","NAME_0":"India"},"geometry":{"type":"Polygon","coordinates":[[[83.6,27.5],[83.7,27.4],[83.8,27.4],[83.9,27.4],[83.9,27.3],[83.8,27.3],[83.9,27.3],[83.8,27.3],[83.8,27.2],[83.8,27.3],[83.8,27.2],[83.8,27.3],[83.8,27.2],[83.8,27.1],[83.7,27.1],[83.8,27.1],[83.7,27.1],[83.7,27.0],[83.8,27.0],[83.7,27.0],[83.7,26.9],[83.7,27.0],[83.6,27.0],[83.6,26.9],[83.5,26.9],[83.5,27.0],[83.4,27.0],[83.4,26.9],[83.4,27.0],[83.3,27.0],[83.3,26.9],[83.3,27.0],[83.2,27.0],[83.1,27.0],[83.2,27.0],[83.1,27.0],[83.1,27.1],[83.1,27.2],[83.2,27.2],[83.1,27.2],[83.1,27.1],[83.2,27.1],[83.2,27.2],[83.2,27.3],[83.3,27.3],[83.4,27.3],[83.4,27.4],[83.4,27.5],[83.5,27.5],[83.6,27.5]]]}},{"type":"Feature","properties":{"NAME_1":"Uttar Pradesh","NAME_2":"Mahoba","NAME_0":"India"},"geometry":{"type":"Polygon","coordinates":[[[80.0,25.6],[80.0,25.5],[80.0,25.4],[80.1,25.4],[80.1,25.3],[80.0,25.3],[79.9,25.3],[79.9,25.2],[79.9,25.3],[79.9,25.2],[79.9,25.3],[79.9,25.2],[79.8,25.2],[79.9,25.2],[79.9,25.1],[79.8,25.1],[79.9,25.1],[79.8,25.1],[79.7,25.1],[79.6,25.1],[79.6,25.2],[79.6,25.1],[79.6,25.2],[79.5,25.2],[79.5,25.1],[79.4,25.1],[79.4,25.2],[79.4,25.3],[79.4,25.2],[79.4,25.3],[79.5,25.3],[79.4,25.3],[79.3,25.3],[79.3,25.4],[79.4,25.5],[79.5,25.5],[79.6,25.5],[79.7,25.5],[79.7,25.6],[79.7,25.5],[79.8,25.5],[79.8,25.6],[79.8,25.5],[79.8,25.6],[79.9,25.6],[80.0,25.6]]]}},{"type":"Feature","properties":{"NAME_1":"Uttar Pradesh","NAME_2":"Mainpuri","NAME_0":"India"},"geometry":{"type":"Polygon","coordinates":[[[78.9,27.5],[78.9,27.4],[79.0,27.4],[79.1,27.4],[79.2,27.4],[79.2,27.3],[79.3,27.3],[79.3,27.2],[79.4,27.2],[79.4,27.1],[79.4,27.0],[79.3,27.0],[79.2,27.0],[79.1,27.0],[79.0,27.0],[79.0,26.9],[79.0,27.0],[78.9,27.0],[78.8,27.0],[78.8,27.1],[78.8,27.2],[78.8,27.1],[78.8,27.2],[78.7,27.2],[78.8,27.2],[78.7,27.2],[78.7,27.3],[78.7,27.4],[78.8,27.3],[78.8,27.4],[78.9,27.4],[78.9,27.5]]]}},{"type":"Feature","properties":{"NAME_1":"Uttar Pradesh","NAME_2":"Mathura","NAME_0":"India"},"geometry":{"type":"MultiPolygon","coordinates":[[[[77.7,27.9],[77.7,28.0],[77.7,27.9],[77.8,27.9],[77.8,27.8],[77.8,27.7],[77.8,27.6],[77.9,27.6],[77.8,27.6],[77.9,27.6],[77.9,27.5],[77.9,27.4],[77.9,27.3],[78.0,27.3],[77.9,27.3],[77.9,27.2],[77.9,27.3],[77.8,27.3],[77.8,27.2],[77.7,27.2],[77.7,27.3],[77.7,27.2],[77.6,27.2],[77.6,27.3],[77.5,27.3],[77.5,27.4],[77.4,27.4],[77.4,27.5],[77.3,27.5],[77.3,27.6],[77.4,27.6],[77.3,27.6],[77.3,27.7],[77.3,27.8],[77.3,27.9],[77.4,27.9],[77.5,27.9],[77.6,27.9],[77.6,28.0],[77.7,28.0],[77.7,27.9]]]]}},{"type":"Feature","properties":{"NAME_1":"Uttar Pradesh","NAME_2":"Mau","NAME_0":"India"},"geometry":{"type":"Polygon","coordinates":[[[83.6,26.3],[83.6,26.2],[83.7,26.2],[83.7,26.3],[83.8,26.2],[83.8,26.1],[83.7,26.1],[83.7,26.0],[83.8,26.0],[83.8,25.9],[83.7,25.9],[83.6,25.9],[83.5,25.9],[83.5,25.8],[83.5,25.9],[83.4,25.8],[83.3,25.8],[83.3,25.9],[83.2,25.9],[83.2,26.0],[83.2,26.1],[83.3,26.1],[83.2,26.1],[83.3,26.1],[83.4,26.1],[83.4,26.2],[83.5,26.3],[83.6,26.3]]]}},{"type":"Feature","properties":{"NAME_1":"Uttar Pradesh","NAME_2":"Meerut","NAME_0":"India"},"geometry":{"type":"Polygon","coordinates":[[[78.1,29.3],[78.1,29.2],[78.1,29.1],[78.1,29.0],[78.0,29.0],[78.0,28.9],[78.1,28.9],[78.0,28.9],[78.0,28.8],[77.9,28.9],[77.9,28.8],[77.9,28.9],[77.9,28.8],[77.8,28.8],[77.7,28.8],[77.7,28.7],[77.7,28.8],[77.7,28.9],[77.6,28.9],[77.5,28.9],[77.4,28.9],[77.5,28.9],[77.5,29.0],[77.4,29.0],[77.4,29.1],[77.5,29.1],[77.5,29.2],[77.6,29.2],[77.6,29.3],[77.6,29.2],[77.7,29.3],[77.7,29.2],[77.8,29.2],[77.9,29.2],[78.0,29.2],[78.0,29.3],[78.1,29.3]]]}},{"type":"Feature","properties":{"NAME_1":"Uttar Pradesh","NAME_2":"Mirzapur","NAME_0":"India"},"geometry":{"type":"Polygon","coordinates":[[[82.3,25.3],[82.3,25.2],[82.4,25.2],[82.4,25.3],[82.4,25.2],[82.5,25.2],[82.6,25.2],[82.6,25.3],[82.6,25.2],[82.6,25.3],[82.7,25.3],[82.7,25.2],[82.8,25.3],[82.8,25.2],[82.8,25.3],[82.8,25.2],[82.9,25.2],[83.0,25.2],[83.1,25.2],[83.2,25.2],[83.2,25.1],[83.1,25.1],[83.1,25.0],[83.1,24.9],[83.1,24.8],[83.0,24.8],[83.0,24.9],[82.9,24.9],[82.9,24.8],[82.9,24.9],[82.9,24.8],[82.8,24.8],[82.8,24.9],[82.8,24.8],[82.7,24.8],[82.6,24.8],[82.5,24.8],[82.5,24.7],[82.4,24.7],[82.4,24.6],[82.3,24.6],[82.3,24.7],[82.2,24.7],[82.2,24.8],[82.2,24.7],[82.2,24.8],[82.1,24.8],[82.1,24.9],[82.2,24.9],[82.2,25.0],[82.3,25.0],[82.3,25.1],[82.3,25.2],[82.2,25.2],[82.2,25.3],[82.3,25.3]]]}},{"type":"Feature","properties":{"NAME_1":"Uttar Pradesh","NAME_2":"Moradabad","NAME_0":"India"},"geometry":{"type":"Polygon","coordinates":[[[78.8,29.3],[78.9,29.3],[78.9,29.2],[78.9,29.1],[78.9,29.2],[78.9,29.1],[78.9,29.2],[79.0,29.2],[79.0,29.1],[79.0,29.2],[78.9,29.1],[79.0,29.1],[78.9,29.1],[78.9,29.0],[78.9,28.9],[78.9,28.8],[79.0,28.8],[78.9,28.8],[79.0,28.8],[78.9,28.8],[78.9,28.7],[78.8,28.7],[78.9,28.7],[78.8,28.7],[78.8,28.6],[78.9,28.6],[78.9,28.5],[78.9,28.6],[78.9,28.5],[78.8,28.5],[78.8,28.4],[78.7,28.4],[78.8,28.4],[78.7,28.4],[78.6,28.4],[78.6,28.3],[78.6,28.4],[78.6,28.3],[78.6,28.4],[78.5,28.4],[78.4,28.4],[78.4,28.5],[78.4,28.6],[78.4,28.7],[78.4,28.8],[78.5,28.8],[78.6,28.8],[78.6,28.9],[78.7,28.9],[78.7,29.0],[78.6,29.0],[78.7,29.0],[78.7,29.1],[78.7,29.2],[78.6,29.2],[78.7,29.2],[78.7,29.3],[78.8,29.3]]]}},{"type":"Feature","properties":{"NAME_1":"Uttar Pradesh","NAME_2":"Muzaffarnagar","NAME_0":"India"},"geometry":{"type":"Polygon","coordinates":[[[77.9,29.7],[78.0,29.7],[77.9,29.7],[78.0,29.7],[78.0,29.6],[77.9,29.6],[78.0,29.6],[77.9,29.6],[78.0,29.6],[78.0,29.5],[78.0,29.4],[78.1,29.4],[78.0,29.4],[78.1,29.4],[78.1,29.3],[78.0,29.3],[78.0,29.2],[77.9,29.2],[77.8,29.2],[77.7,29.2],[77.7,29.3],[77.6,29.2],[77.6,29.3],[77.6,29.2],[77.5,29.2],[77.4,29.2],[77.4,29.3],[77.4,29.2],[77.3,29.2],[77.3,29.3],[77.2,29.3],[77.1,29.3],[77.2,29.3],[77.1,29.3],[77.1,29.4],[77.1,29.5],[77.1,29.6],[77.1,29.7],[77.2,29.7],[77.3,29.7],[77.4,29.7],[77.5,29.7],[77.5,29.6],[77.6,29.6],[77.7,29.6],[77.8,29.6],[77.8,29.7],[77.9,29.7]]]}},{"type":"Feature","properties":{"NAME_1":"Uttar Pradesh","NAME_2":"Pilibhit","NAME_0":"India"},"geometry":{"type":"Polygon","coordinates":[[[79.7,28.9],[79.8,28.9],[79.8,28.8],[79.9,28.8],[79.8,28.8],[79.9,28.8],[79.9,28.7],[80.0,28.7],[80.0,28.8],[80.1,28.8],[80.2,28.8],[80.3,28.8],[80.3,28.7],[80.3,28.6],[80.4,28.6],[80.4,28.5],[80.3,28.5],[80.2,28.5],[80.2,28.4],[80.1,28.4],[80.1,28.3],[80.0,28.4],[80.0,28.3],[79.9,28.3],[79.9,28.2],[80.0,28.2],[80.0,28.1],[79.9,28.1],[79.9,28.2],[79.8,28.2],[79.7,28.2],[79.7,28.3],[79.7,28.4],[79.7,28.5],[79.7,28.4],[79.7,28.5],[79.7,28.6],[79.6,28.6],[79.6,28.7],[79.7,28.7],[79.7,28.8],[79.6,28.8],[79.6,28.9],[79.7,28.8],[79.7,28.9]]]}},{"type":"Feature","properties":{"NAME_1":"Uttar Pradesh","NAME_2":"Pratapgarh","NAME_0":"India"},"geometry":{"type":"Polygon","coordinates":[[[81.6,26.1],[81.7,26.1],[81.8,26.1],[81.8,26.0],[81.8,26.1],[81.8,26.0],[81.9,26.1],[82.0,26.1],[82.1,26.1],[82.2,26.1],[82.2,26.0],[82.2,26.1],[82.3,26.0],[82.3,26.1],[82.3,26.0],[82.4,26.0],[82.3,26.0],[82.3,25.9],[82.4,25.9],[82.3,25.9],[82.3,25.8],[82.3,25.9],[82.3,25.8],[82.2,25.8],[82.2,25.7],[82.1,25.7],[82.0,25.7],[82.0,25.8],[82.0,25.7],[81.9,25.7],[81.9,25.8],[81.9,25.7],[81.8,25.7],[81.8,25.8],[81.8,25.7],[81.7,25.7],[81.7,25.6],[81.6,25.6],[81.6,25.7],[81.6,25.6],[81.6,25.7],[81.6,25.6],[81.5,25.6],[81.4,25.7],[81.4,25.8],[81.3,25.8],[81.3,25.9],[81.4,25.9],[81.5,25.9],[81.5,26.0],[81.5,25.9],[81.5,26.0],[81.6,26.0],[81.5,26.0],[81.6,26.0],[81.5,26.0],[81.5,26.1],[81.6,26.1],[81.5,26.1],[81.6,26.1],[81.6,26.2],[81.6,26.1]]]}},{"type":"Feature","properties":{"NAME_1":"Uttar Pradesh","NAME_2":"Rae Bareli","NAME_0":"India"},"geometry":{"type":"Polygon","coordinates":[[[81.2,26.6],[81.3,26.6],[81.3,26.5],[81.3,26.6],[81.3,26.5],[81.3,26.6],[81.4,26.6],[81.5,26.6],[81.5,26.5],[81.5,26.6],[81.5,26.5],[81.6,26.5],[81.5,26.5],[81.6,26.5],[81.6,26.4],[81.5,26.4],[81.6,26.4],[81.5,26.4],[81.6,26.4],[81.6,26.3],[81.5,26.3],[81.6,26.3],[81.5,26.3],[81.6,26.3],[81.6,26.2],[81.6,26.1],[81.5,26.1],[81.6,26.1],[81.5,26.1],[81.5,26.0],[81.6,26.0],[81.5,26.0],[81.6,26.0],[81.5,26.0],[81.5,25.9],[81.5,26.0],[81.5,25.9],[81.4,25.9],[81.3,25.9],[81.3,25.8],[81.3,25.9],[81.2,25.9],[81.1,26.0],[81.0,26.0],[81.0,26.1],[80.9,26.1],[80.9,26.0],[80.8,26.0],[80.8,26.1],[80.7,26.1],[80.7,26.2],[80.8,26.2],[80.8,26.3],[80.9,26.3],[80.8,26.3],[80.8,26.4],[80.9,26.4],[80.9,26.3],[80.9,26.4],[80.9,26.3],[80.9,26.4],[80.9,26.3],[81.0,26.3],[81.0,26.4],[81.0,26.5],[81.1,26.5],[81.1,26.6],[81.2,26.6]]]}},{"type":"Feature","properties":{"NAME_1":"Uttar Pradesh","NAME_2":"Rampur","NAME_0":"India"},"geometry":{"type":"Polygon","coordinates":[[[79.0,29.2],[79.1,29.2],[79.1,29.1],[79.2,29.1],[79.2,29.0],[79.3,29.0],[79.4,29.0],[79.4,28.9],[79.4,28.8],[79.3,28.8],[79.4,28.8],[79.4,28.7],[79.3,28.7],[79.2,28.7],[79.2,28.6],[79.2,28.5],[79.1,28.5],[79.0,28.5],[79.0,28.4],[78.9,28.4],[78.9,28.5],[78.9,28.6],[78.9,28.5],[78.9,28.6],[78.8,28.6],[78.8,28.7],[78.9,28.7],[78.8,28.7],[78.9,28.7],[78.9,28.8],[79.0,28.8],[78.9,28.8],[79.0,28.8],[78.9,28.8],[78.9,28.9],[78.9,29.0],[78.9,29.1],[79.0,29.1],[78.9,29.1],[79.0,29.2],[79.0,29.1],[79.0,29.2],[79.0,29.1],[79.0,29.2],[79.0,29.1],[79.0,29.2]]]}},{"type":"Feature","properties":{"NAME_1":"Uttar Pradesh","NAME_2":"Saharanpur","NAME_0":"India"},"geometry":{"type":"Polygon","coordinates":[[[77.6,30.4],[77.7,30.4],[77.7,30.3],[77.8,30.3],[77.9,30.3],[77.9,30.2],[77.9,30.1],[77.8,30.1],[77.8,30.0],[77.7,30.0],[77.7,29.9],[77.7,29.8],[77.8,29.8],[77.8,29.7],[77.8,29.6],[77.7,29.6],[77.6,29.6],[77.5,29.6],[77.5,29.7],[77.4,29.7],[77.3,29.7],[77.2,29.7],[77.1,29.7],[77.1,29.8],[77.2,29.8],[77.2,29.9],[77.2,30.0],[77.3,30.0],[77.3,30.1],[77.4,30.1],[77.4,30.2],[77.5,30.2],[77.5,30.3],[77.6,30.3],[77.6,30.4]]]}},{"type":"Feature","properties":{"NAME_1":"Uttar Pradesh","NAME_2":"Sant Kabir Nagar","NAME_0":"India"},"geometry":{"type":"Polygon","coordinates":[[[83.1,27.1],[83.1,27.0],[83.2,27.0],[83.1,27.0],[83.2,27.0],[83.2,26.9],[83.2,27.0],[83.2,26.9],[83.1,26.9],[83.1,26.8],[83.1,26.7],[83.1,26.6],[83.1,26.5],[83.2,26.5],[83.1,26.5],[83.1,26.4],[83.0,26.4],[83.0,26.5],[82.9,26.5],[82.9,26.6],[82.9,26.7],[83.0,26.7],[82.9,26.7],[83.0,26.7],[82.9,26.8],[82.8,26.8],[82.8,26.9],[82.9,26.9],[82.8,26.9],[82.9,26.9],[82.8,26.9],[82.9,26.9],[83.0,26.9],[83.0,27.0],[83.1,27.0],[83.1,27.1]]]}},{"type":"Feature","properties":{"NAME_1":"Uttar Pradesh","NAME_2":"Sant Ravi Das Nagar","NAME_0":"India"},"geometry":{"type":"Polygon","coordinates":[[[82.4,25.5],[82.5,25.5],[82.5,25.4],[82.5,25.5],[82.6,25.5],[82.6,25.4],[82.6,25.5],[82.6,25.4],[82.7,25.4],[82.7,25.3],[82.6,25.3],[82.6,25.2],[82.6,25.3],[82.6,25.2],[82.5,25.2],[82.4,25.2],[82.4,25.3],[82.4,25.2],[82.3,25.2],[82.3,25.3],[82.2,25.3],[82.2,25.2],[82.3,25.2],[82.2,25.2],[82.2,25.3],[82.3,25.3],[82.3,25.4],[82.3,25.5],[82.4,25.5]]]}},{"type":"Feature","properties":{"NAME_1":"Uttar Pradesh","NAME_2":"Shahjahanpur","NAME_0":"India"},"geometry":{"type":"Polygon","coordinates":[[[80.3,28.4],[80.4,28.4],[80.4,28.3],[80.3,28.3],[80.3,28.2],[80.2,28.2],[80.2,28.1],[80.2,28.0],[80.1,28.0],[80.1,27.9],[80.0,27.9],[80.1,27.9],[80.0,27.9],[80.0,27.8],[80.1,27.8],[80.0,27.8],[80.1,27.8],[80.1,27.7],[80.0,27.7],[79.9,27.7],[79.8,27.7],[79.7,27.7],[79.7,27.6],[79.7,27.5],[79.6,27.5],[79.7,27.5],[79.6,27.6],[79.5,27.6],[79.4,27.6],[79.4,27.7],[79.4,27.6],[79.4,27.7],[79.3,27.7],[79.3,27.8],[79.4,27.8],[79.4,27.9],[79.5,27.9],[79.5,27.8],[79.5,27.9],[79.5,28.0],[79.5,28.1],[79.6,28.1],[79.6,28.2],[79.7,28.2],[79.7,28.3],[79.7,28.2],[79.8,28.2],[79.9,28.2],[79.9,28.1],[80.0,28.1],[80.0,28.2],[79.9,28.2],[79.9,28.3],[80.0,28.3],[80.0,28.4],[80.1,28.3],[80.1,28.4],[80.2,28.4],[80.2,28.5],[80.3,28.5],[80.3,28.4]]]}},{"type":"Feature","properties":{"NAME_1":"Uttar Pradesh","NAME_2":"Shravasti","NAME_0":"India"},"geometry":{"type":"MultiPolygon","coordinates":[[[[81.8,27.9],[81.9,27.9],[82.0,27.9],[82.1,27.9],[82.2,27.9],[82.2,27.8],[82.1,27.8],[82.1,27.7],[82.1,27.6],[82.0,27.6],[82.0,27.5],[82.1,27.5],[82.0,27.5],[82.1,27.4],[82.0,27.4],[81.9,27.4],[81.9,27.3],[81.8,27.3],[81.7,27.3],[81.7,27.4],[81.8,27.4],[81.7,27.4],[81.7,27.5],[81.6,27.5],[81.6,27.6],[81.5,27.6],[81.6,27.6],[81.5,27.6],[81.6,27.6],[81.5,27.6],[81.5,27.7],[81.4,27.7],[81.5,27.7],[81.6,27.7],[81.5,27.7],[81.6,27.7],[81.6,27.8],[81.5,27.8],[81.5,27.9],[81.6,27.9],[81.6,28.0],[81.7,28.0],[81.7,27.9],[81.8,27.9]]]]}},{"type":"Feature","properties":{"NAME_1":"Uttar Pradesh","NAME_2":"Siddharth Nagar","NAME_0":"India"},"geometry":{"type":"Polygon","coordinates":[[[82.7,27.5],[82.8,27.5],[82.9,27.5],[83.0,27.5],[83.0,27.4],[83.1,27.5],[83.2,27.5],[83.2,27.4],[83.3,27.4],[83.3,27.3],[83.2,27.3],[83.2,27.2],[83.2,27.1],[83.1,27.1],[83.1,27.2],[83.2,27.2],[83.1,27.2],[83.1,27.1],[83.1,27.0],[83.0,27.0],[83.0,26.9],[82.9,26.9],[82.9,27.0],[82.8,27.0],[82.8,26.9],[82.8,27.0],[82.7,27.0],[82.6,27.0],[82.6,27.1],[82.5,27.1],[82.6,27.1],[82.5,27.1],[82.5,27.2],[82.4,27.2],[82.5,27.2],[82.6,27.2],[82.5,27.2],[82.5,27.3],[82.5,27.4],[82.6,27.4],[82.7,27.4],[82.6,27.4],[82.7,27.4],[82.8,27.4],[82.7,27.4],[82.7,27.5]]]}},{"type":"Feature","properties":{"NAME_1":"Uttar Pradesh","NAME_2":"Sitapur","NAME_0":"India"},"geometry":{"type":"Polygon","coordinates":[[[81.0,27.9],[81.0,27.8],[81.1,27.8],[81.2,27.8],[81.2,27.7],[81.3,27.7],[81.2,27.7],[81.3,27.7],[81.3,27.6],[81.3,27.5],[81.3,27.4],[81.4,27.4],[81.4,27.3],[81.3,27.3],[81.3,27.4],[81.3,27.3],[81.2,27.3],[81.2,27.2],[81.2,27.3],[81.1,27.3],[81.1,27.2],[81.0,27.2],[80.9,27.2],[80.9,27.1],[80.8,27.1],[80.8,27.2],[80.7,27.2],[80.6,27.2],[80.6,27.3],[80.5,27.3],[80.5,27.4],[80.5,27.3],[80.4,27.3],[80.5,27.4],[80.4,27.4],[80.5,27.4],[80.4,27.4],[80.4,27.5],[80.3,27.5],[80.3,27.6],[80.3,27.7],[80.4,27.7],[80.4,27.8],[80.4,27.7],[80.4,27.8],[80.5,27.8],[80.6,27.8],[80.7,27.8],[80.8,27.8],[80.9,27.8],[80.9,27.9],[80.9,27.8],[80.9,27.9],[80.9,27.8],[80.9,27.9],[81.0,27.9]]]}},{"type":"Feature","properties":{"NAME_1":"Uttar Pradesh","NAME_2":"Sonbhadra","NAME_0":"India"},"geometry":{"type":"Polygon","coordinates":[[[83.0,24.8],[83.1,24.8],[83.1,24.7],[83.2,24.7],[83.3,24.7],[83.3,24.8],[83.4,24.8],[83.4,24.7],[83.5,24.7],[83.5,24.6],[83.5,24.5],[83.4,24.5],[83.4,24.4],[83.5,24.4],[83.4,24.4],[83.4,24.3],[83.4,24.2],[83.4,24.1],[83.3,24.1],[83.3,24.0],[83.2,24.0],[83.2,23.9],[83.1,23.9],[83.0,23.9],[82.9,23.9],[82.8,23.9],[82.8,24.0],[82.7,24.0],[82.8,24.0],[82.8,24.1],[82.7,24.1],[82.7,24.2],[82.7,24.1],[82.7,24.2],[82.8,24.2],[82.7,24.3],[82.8,24.3],[82.8,24.4],[82.7,24.4],[82.7,24.5],[82.7,24.6],[82.7,24.5],[82.8,24.5],[82.8,24.6],[82.7,24.6],[82.7,24.7],[82.6,24.7],[82.5,24.7],[82.5,24.8],[82.6,24.8],[82.7,24.8],[82.8,24.8],[82.8,24.9],[82.8,24.8],[82.9,24.8],[82.9,24.9],[82.9,24.8],[82.9,24.9],[83.0,24.9],[83.0,24.8]]]}},{"type":"Feature","properties":{"NAME_1":"Uttar Pradesh","NAME_2":"Sultanpur","NAME_0":"India"},"geometry":{"type":"Polygon","coordinates":[[[81.6,26.6],[81.7,26.6],[81.6,26.6],[81.7,26.6],[81.7,26.5],[81.8,26.5],[81.9,26.5],[82.0,26.5],[82.1,26.5],[82.1,26.4],[82.1,26.5],[82.1,26.4],[82.2,26.4],[82.3,26.4],[82.4,26.4],[82.4,26.3],[82.5,26.3],[82.6,26.3],[82.6,26.2],[82.6,26.3],[82.6,26.2],[82.6,26.3],[82.7,26.3],[82.7,26.2],[82.6,26.2],[82.6,26.1],[82.5,26.1],[82.4,26.1],[82.5,26.1],[82.5,26.0],[82.4,26.0],[82.3,26.0],[82.3,26.1],[82.3,26.0],[82.2,26.1],[82.2,26.0],[82.2,26.1],[82.1,26.1],[82.0,26.1],[81.9,26.1],[81.8,26.0],[81.8,26.1],[81.8,26.0],[81.8,26.1],[81.7,26.1],[81.6,26.1],[81.6,26.2],[81.6,26.3],[81.5,26.3],[81.6,26.3],[81.5,26.3],[81.6,26.3],[81.6,26.4],[81.5,26.4],[81.6,26.4],[81.5,26.4],[81.6,26.4],[81.6,26.5],[81.5,26.5],[81.6,26.5],[81.5,26.5],[81.5,26.6],[81.6,26.6],[81.5,26.6],[81.6,26.6],[81.6,26.7],[81.6,26.6]]]}},{"type":"Feature","properties":{"NAME_1":"Uttar Pradesh","NAME_2":"Unnao","NAME_0":"India"},"geometry":{"type":"Polygon","coordinates":[[[80.3,27.0],[80.3,26.9],[80.4,26.9],[80.4,27.0],[80.5,27.0],[80.6,27.0],[80.6,26.9],[80.6,27.0],[80.6,26.9],[80.7,26.9],[80.7,26.8],[80.7,26.7],[80.8,26.7],[80.9,26.6],[81.0,26.6],[81.0,26.5],[81.0,26.6],[81.0,26.5],[81.0,26.4],[81.0,26.3],[80.9,26.3],[80.9,26.4],[80.9,26.3],[80.9,26.4],[80.9,26.3],[80.9,26.4],[80.8,26.4],[80.8,26.3],[80.9,26.3],[80.8,26.3],[80.8,26.2],[80.7,26.2],[80.7,26.1],[80.6,26.1],[80.6,26.2],[80.6,26.3],[80.5,26.3],[80.5,26.4],[80.4,26.4],[80.4,26.5],[80.3,26.5],[80.3,26.6],[80.3,26.7],[80.2,26.7],[80.1,26.7],[80.1,26.8],[80.1,26.9],[80.0,26.9],[80.1,26.9],[80.1,27.0],[80.2,27.0],[80.3,27.0]]]}},{"type":"Feature","properties":{"NAME_1":"Uttar Pradesh","NAME_2":"Varanasi","NAME_0":"India"},"geometry":{"type":"Polygon","coordinates":[[[83.1,25.6],[83.1,25.5],[83.2,25.5],[83.1,25.5],[83.2,25.5],[83.1,25.5],[83.1,25.4],[83.2,25.4],[83.2,25.3],[83.1,25.3],[83.0,25.3],[83.1,25.3],[83.1,25.2],[83.0,25.2],[82.9,25.2],[82.8,25.2],[82.8,25.3],[82.8,25.2],[82.8,25.3],[82.7,25.2],[82.7,25.3],[82.7,25.4],[82.7,25.5],[82.8,25.5],[82.8,25.6],[82.9,25.6],[82.9,25.5],[83.0,25.5],[83.0,25.6],[83.0,25.5],[83.0,25.6],[83.0,25.5],[83.1,25.6]]]}},{"type":"Feature","properties":{"NAME_1":"Uttaranchal","NAME_2":"Almora","NAME_0":"India"},"geometry":{"type":"Polygon","coordinates":[[[79.5,29.9],[79.6,29.8],[79.7,29.8],[79.7,29.7],[79.8,29.7],[79.9,29.7],[80.0,29.7],[80.0,29.6],[80.0,29.5],[80.1,29.5],[80.0,29.5],[79.9,29.5],[79.8,29.5],[79.8,29.4],[79.8,29.5],[79.8,29.4],[79.7,29.4],[79.7,29.5],[79.6,29.5],[79.6,29.6],[79.6,29.5],[79.6,29.6],[79.6,29.5],[79.5,29.5],[79.5,29.6],[79.5,29.5],[79.4,29.5],[79.4,29.6],[79.3,29.6],[79.2,29.6],[79.2,29.5],[79.1,29.5],[79.1,29.6],[79.0,29.6],[79.1,29.6],[79.1,29.7],[79.1,29.8],[79.1,29.9],[79.2,29.9],[79.2,30.0],[79.2,29.9],[79.2,30.0],[79.3,30.0],[79.3,29.9],[79.3,30.0],[79.3,29.9],[79.4,29.9],[79.4,30.0],[79.5,30.0],[79.5,29.9]]]}},{"type":"Feature","properties":{"NAME_1":"Uttaranchal","NAME_2":"Bageshwar","NAME_0":"India"},"geometry":{"type":"Polygon","coordinates":[[[80.0,30.3],[80.1,30.3],[80.1,30.2],[80.1,30.1],[80.1,30.0],[80.1,29.9],[80.0,29.9],[80.0,29.8],[79.9,29.8],[79.8,29.8],[79.8,29.7],[79.9,29.7],[79.8,29.7],[79.7,29.7],[79.7,29.8],[79.6,29.8],[79.5,29.9],[79.5,30.0],[79.6,30.0],[79.7,30.0],[79.8,30.0],[79.8,30.1],[79.8,30.2],[79.8,30.3],[79.9,30.3],[80.0,30.3]]]}},{"type":"Feature","properties":{"NAME_1":"Uttaranchal","NAME_2":"Chamoli","NAME_0":"India"},"geometry":{"type":"Polygon","coordinates":[[[79.4,31.1],[79.4,31.0],[79.5,31.0],[79.6,31.0],[79.6,30.9],[79.6,31.0],[79.7,31.0],[79.6,31.0],[79.7,31.0],[79.8,31.0],[79.9,31.0],[79.9,30.9],[80.0,30.9],[80.0,30.8],[80.1,30.8],[80.1,30.7],[80.0,30.7],[80.0,30.6],[80.0,30.5],[80.0,30.4],[80.0,30.3],[79.9,30.3],[79.8,30.3],[79.8,30.2],[79.8,30.1],[79.8,30.0],[79.7,30.0],[79.6,30.0],[79.5,30.0],[79.4,30.0],[79.4,29.9],[79.3,29.9],[79.3,30.0],[79.3,29.9],[79.3,30.0],[79.2,30.0],[79.2,30.1],[79.1,30.1],[79.1,30.2],[79.0,30.2],[79.0,30.3],[79.1,30.3],[79.0,30.3],[79.0,30.4],[79.1,30.3],[79.1,30.4],[79.2,30.4],[79.2,30.5],[79.2,30.6],[79.3,30.6],[79.3,30.7],[79.3,30.8],[79.2,30.8],[79.2,30.9],[79.3,30.9],[79.3,31.0],[79.2,31.0],[79.3,31.0],[79.4,31.1]]]}},{"type":"Feature","properties":{"NAME_1":"Uttaranchal","NAME_2":"Champawat","NAME_0":"India"},"geometry":{"type":"Polygon","coordinates":[[[80.1,29.5],[80.2,29.5],[80.2,29.4],[80.3,29.4],[80.3,29.3],[80.3,29.2],[80.2,29.2],[80.3,29.2],[80.3,29.1],[80.2,29.1],[80.1,29.1],[80.0,29.1],[79.9,29.1],[80.0,29.1],[79.9,29.1],[79.9,29.2],[79.9,29.3],[79.8,29.3],[79.9,29.3],[79.9,29.4],[79.8,29.4],[79.8,29.5],[79.9,29.5],[80.0,29.5],[80.1,29.5]]]}},{"type":"Feature","properties":{"NAME_1":"Uttaranchal","NAME_2":"Dehra Dun","NAME_0":"India"},"geometry":{"type":"Polygon","coordinates":[[[78.0,31.0],[78.0,30.9],[78.0,30.8],[78.1,30.8],[78.1,30.7],[78.0,30.7],[78.0,30.6],[78.0,30.7],[78.0,30.6],[78.0,30.5],[77.9,30.5],[78.0,30.5],[78.1,30.5],[78.2,30.5],[78.2,30.4],[78.1,30.4],[78.1,30.3],[78.2,30.3],[78.3,30.3],[78.3,30.2],[78.2,30.2],[78.2,30.1],[78.3,30.1],[78.2,30.1],[78.2,30.0],[78.2,29.9],[78.2,30.0],[78.1,30.0],[78.1,30.1],[78.0,30.1],[78.0,30.2],[77.9,30.2],[77.9,30.3],[77.9,30.2],[77.9,30.3],[77.8,30.3],[77.7,30.3],[77.7,30.4],[77.6,30.4],[77.6,30.5],[77.7,30.4],[77.7,30.5],[77.8,30.5],[77.8,30.6],[77.7,30.6],[77.8,30.6],[77.8,30.7],[77.7,30.7],[77.7,30.8],[77.7,30.9],[77.8,30.9],[77.8,31.0],[77.9,31.0],[77.9,30.9],[77.9,31.0],[78.0,31.0]]]}},{"type":"Feature","properties":{"NAME_1":"Uttaranchal","NAME_2":"Haridwar","NAME_0":"India"},"geometry":{"type":"Polygon","coordinates":[[[78.0,30.1],[78.1,30.1],[78.1,30.0],[78.2,30.0],[78.2,29.9],[78.2,30.0],[78.2,29.9],[78.3,29.9],[78.3,29.8],[78.3,29.7],[78.2,29.7],[78.1,29.7],[78.1,29.6],[78.0,29.6],[78.0,29.5],[78.0,29.6],[77.9,29.6],[78.0,29.6],[77.9,29.6],[78.0,29.6],[78.0,29.7],[77.9,29.7],[78.0,29.7],[77.9,29.7],[77.8,29.7],[77.8,29.8],[77.7,29.8],[77.7,29.9],[77.7,30.0],[77.8,30.0],[77.8,30.1],[77.9,30.1],[77.9,30.2],[77.9,30.3],[77.9,30.2],[78.0,30.2],[78.0,30.1]]]}},{"type":"Feature","properties":{"NAME_1":"Uttaranchal","NAME_2":"Naini Tal","NAME_0":"India"},"geometry":{"type":"Polygon","coordinates":[[[79.3,29.6],[79.4,29.6],[79.4,29.5],[79.5,29.5],[79.5,29.6],[79.5,29.5],[79.6,29.5],[79.6,29.6],[79.6,29.5],[79.6,29.6],[79.6,29.5],[79.7,29.5],[79.7,29.4],[79.8,29.4],[79.8,29.5],[79.8,29.4],[79.9,29.4],[79.9,29.3],[79.8,29.3],[79.9,29.3],[79.9,29.2],[79.9,29.1],[80.0,29.1],[79.9,29.1],[80.0,29.1],[79.9,29.0],[79.8,29.0],[79.7,29.0],[79.7,29.1],[79.6,29.1],[79.5,29.1],[79.4,29.1],[79.3,29.1],[79.3,29.2],[79.2,29.2],[79.3,29.2],[79.2,29.2],[79.2,29.3],[79.1,29.3],[79.0,29.3],[79.0,29.4],[78.9,29.4],[78.8,29.4],[78.9,29.4],[78.9,29.5],[79.0,29.5],[79.0,29.6],[79.1,29.6],[79.1,29.5],[79.2,29.5],[79.2,29.6],[79.3,29.6]]]}},{"type":"Feature","properties":{"NAME_1":"Uttaranchal","NAME_2":"Pauri Garhwal","NAME_0":"India"},"geometry":{"type":"Polygon","coordinates":[[[79.1,30.3],[79.0,30.3],[79.0,30.2],[79.1,30.2],[79.1,30.1],[79.2,30.1],[79.2,30.0],[79.2,29.9],[79.2,30.0],[79.2,29.9],[79.1,29.9],[79.1,29.8],[79.1,29.7],[79.1,29.6],[79.0,29.6],[79.0,29.5],[78.9,29.5],[78.8,29.5],[78.7,29.5],[78.6,29.5],[78.6,29.6],[78.5,29.6],[78.5,29.7],[78.5,29.8],[78.4,29.8],[78.3,29.8],[78.3,29.9],[78.2,29.9],[78.2,30.0],[78.2,30.1],[78.3,30.1],[78.4,30.1],[78.5,30.1],[78.6,30.1],[78.6,30.2],[78.7,30.2],[78.8,30.2],[78.8,30.3],[78.9,30.3],[79.0,30.3],[79.1,30.3]]]}},{"type":"Feature","properties":{"NAME_1":"Uttaranchal","NAME_2":"Pithoragarh","NAME_0":"India"},"geometry":{"type":"Polygon","coordinates":[[[80.1,30.8],[80.2,30.8],[80.2,30.7],[80.2,30.6],[80.3,30.6],[80.3,30.5],[80.4,30.5],[80.5,30.5],[80.6,30.5],[80.6,30.4],[80.7,30.4],[80.8,30.4],[80.8,30.3],[80.9,30.3],[81.0,30.3],[81.0,30.2],[80.9,30.2],[80.9,30.1],[80.8,30.1],[80.8,30.0],[80.7,30.0],[80.6,30.0],[80.6,29.9],[80.6,29.8],[80.6,29.9],[80.5,29.8],[80.4,29.8],[80.4,29.7],[80.4,29.8],[80.4,29.7],[80.4,29.6],[80.3,29.6],[80.3,29.5],[80.4,29.5],[80.3,29.5],[80.3,29.4],[80.3,29.5],[80.3,29.4],[80.3,29.5],[80.3,29.4],[80.2,29.4],[80.2,29.5],[80.1,29.5],[80.0,29.5],[80.0,29.6],[80.0,29.7],[79.9,29.7],[79.8,29.7],[79.8,29.8],[79.9,29.8],[80.0,29.8],[80.0,29.9],[80.1,29.9],[80.1,30.0],[80.1,30.1],[80.1,30.2],[80.1,30.3],[80.0,30.3],[80.0,30.4],[80.0,30.5],[80.0,30.6],[80.0,30.7],[80.1,30.7],[80.1,30.8]]]}},{"type":"Feature","properties":{"NAME_1":"Uttaranchal","NAME_2":"Rudra Prayag","NAME_0":"India"},"geometry":{"type":"Polygon","coordinates":[[[79.3,30.7],[79.3,30.6],[79.2,30.6],[79.2,30.5],[79.2,30.4],[79.1,30.4],[79.1,30.3],[79.0,30.4],[79.0,30.3],[79.0,30.4],[79.0,30.5],[79.0,30.6],[78.9,30.6],[78.9,30.7],[79.0,30.7],[79.0,30.8],[79.1,30.8],[79.2,30.8],[79.2,30.7],[79.3,30.7]]]}},{"type":"Feature","properties":{"NAME_1":"Uttaranchal","NAME_2":"Tehri Garhwal","NAME_0":"India"},"geometry":{"type":"Polygon","coordinates":[[[78.9,30.9],[79.0,30.9],[79.0,30.8],[79.0,30.7],[78.9,30.7],[78.9,30.6],[79.0,30.6],[79.0,30.5],[79.0,30.4],[79.0,30.3],[78.9,30.3],[78.8,30.3],[78.8,30.2],[78.7,30.2],[78.6,30.2],[78.6,30.1],[78.5,30.1],[78.4,30.1],[78.3,30.1],[78.2,30.1],[78.2,30.2],[78.3,30.2],[78.3,30.3],[78.2,30.3],[78.1,30.3],[78.1,30.4],[78.2,30.4],[78.2,30.5],[78.1,30.5],[78.0,30.5],[77.9,30.5],[78.0,30.5],[78.0,30.6],[78.1,30.6],[78.2,30.6],[78.3,30.6],[78.3,30.5],[78.4,30.5],[78.4,30.6],[78.5,30.6],[78.5,30.5],[78.5,30.6],[78.6,30.6],[78.6,30.7],[78.7,30.7],[78.8,30.7],[78.8,30.8],[78.8,30.9],[78.9,30.9]]]}},{"type":"Feature","properties":{"NAME_1":"Uttaranchal","NAME_2":"Udham Singh Nagar","NAME_0":"India"},"geometry":{"type":"Polygon","coordinates":[[[78.8,29.4],[78.9,29.4],[79.0,29.4],[79.0,29.3],[79.1,29.3],[79.2,29.3],[79.2,29.2],[79.3,29.2],[79.2,29.2],[79.3,29.2],[79.3,29.1],[79.4,29.1],[79.5,29.1],[79.6,29.1],[79.7,29.1],[79.7,29.0],[79.8,29.0],[79.9,29.0],[80.0,29.1],[80.1,29.1],[80.2,29.1],[80.1,29.1],[80.1,29.0],[80.1,28.9],[80.1,28.8],[80.0,28.8],[80.0,28.7],[79.9,28.7],[79.9,28.8],[79.8,28.8],[79.9,28.8],[79.8,28.8],[79.8,28.9],[79.7,28.9],[79.7,28.8],[79.6,28.9],[79.6,28.8],[79.5,28.9],[79.6,28.9],[79.5,28.9],[79.4,28.9],[79.4,29.0],[79.3,29.0],[79.2,29.0],[79.2,29.1],[79.1,29.1],[79.1,29.2],[79.0,29.2],[79.0,29.1],[79.0,29.2],[79.0,29.1],[79.0,29.2],[78.9,29.2],[78.9,29.1],[78.9,29.2],[78.9,29.1],[78.9,29.2],[78.9,29.3],[78.8,29.3],[78.7,29.3],[78.8,29.3],[78.8,29.4]]]}},{"type":"Feature","properties":{"NAME_1":"Uttaranchal","NAME_2":"Uttarkashi","NAME_0":"India"},"geometry":{"type":"Polygon","coordinates":[[[79.2,31.4],[79.2,31.3],[79.2,31.2],[79.3,31.2],[79.3,31.1],[79.4,31.1],[79.3,31.0],[79.2,31.0],[79.3,31.0],[79.3,30.9],[79.2,30.9],[79.2,30.8],[79.3,30.8],[79.3,30.7],[79.2,30.7],[79.2,30.8],[79.1,30.8],[79.0,30.8],[79.0,30.9],[78.9,30.9],[78.8,30.9],[78.8,30.8],[78.8,30.7],[78.7,30.7],[78.6,30.7],[78.6,30.6],[78.5,30.6],[78.5,30.5],[78.5,30.6],[78.4,30.6],[78.4,30.5],[78.3,30.5],[78.3,30.6],[78.2,30.6],[78.1,30.6],[78.0,30.6],[78.0,30.7],[78.0,30.6],[78.0,30.7],[78.1,30.7],[78.1,30.8],[78.0,30.8],[78.0,30.9],[78.0,31.0],[77.9,31.0],[77.9,30.9],[77.9,31.0],[77.8,31.0],[77.8,30.9],[77.7,30.9],[77.7,31.0],[77.8,31.0],[77.8,31.1],[77.9,31.1],[77.9,31.2],[78.0,31.2],[78.1,31.2],[78.2,31.2],[78.2,31.3],[78.3,31.3],[78.4,31.3],[78.4,31.2],[78.4,31.3],[78.4,31.2],[78.5,31.2],[78.6,31.2],[78.7,31.2],[78.8,31.2],[78.8,31.1],[78.9,31.1],[79.0,31.1],[79.0,31.2],[78.9,31.2],[78.9,31.3],[79.0,31.3],[79.0,31.4],[79.0,31.5],[79.1,31.5],[79.1,31.4],[79.2,31.4]]]}},{"type":"Feature","properties":{"NAME_1":"West Bengal","NAME_2":"Bankura","NAME_0":"India"},"geometry":{"type":"Polygon","coordinates":[[[86.9,23.6],[87.0,23.6],[87.1,23.6],[87.2,23.6],[87.2,23.5],[87.3,23.5],[87.4,23.4],[87.5,23.4],[87.5,23.3],[87.6,23.3],[87.6,23.2],[87.7,23.2],[87.6,23.2],[87.7,23.2],[87.7,23.1],[87.8,23.1],[87.7,23.1],[87.7,23.0],[87.6,23.0],[87.7,23.0],[87.7,22.9],[87.6,22.9],[87.5,22.9],[87.4,22.9],[87.3,22.9],[87.2,22.9],[87.1,22.9],[87.1,22.8],[87.0,22.8],[87.1,22.8],[87.1,22.7],[87.0,22.7],[87.0,22.6],[87.0,22.7],[86.9,22.7],[86.9,22.6],[87.0,22.6],[86.9,22.6],[86.9,22.7],[86.8,22.7],[86.7,22.7],[86.7,22.8],[86.6,22.8],[86.7,22.8],[86.7,22.9],[86.7,23.0],[86.7,23.1],[86.7,23.2],[86.8,23.2],[86.8,23.3],[86.8,23.4],[86.9,23.4],[86.8,23.4],[86.8,23.5],[86.9,23.5],[86.9,23.6]]]}},{"type":"Feature","properties":{"NAME_1":"West Bengal","NAME_2":"Barddhaman","NAME_0":"India"},"geometry":{"type":"Polygon","coordinates":[[[86.9,23.9],[86.9,23.8],[87.0,23.8],[87.0,23.9],[87.0,23.8],[87.1,23.8],[87.1,23.7],[87.2,23.7],[87.3,23.7],[87.4,23.7],[87.4,23.6],[87.5,23.6],[87.6,23.6],[87.7,23.6],[87.8,23.6],[87.8,23.5],[87.9,23.5],[87.9,23.6],[87.9,23.5],[87.9,23.6],[87.9,23.5],[87.9,23.6],[88.0,23.6],[87.9,23.6],[87.9,23.7],[88.0,23.7],[88.0,23.8],[87.9,23.8],[88.0,23.8],[88.1,23.8],[88.0,23.8],[88.0,23.7],[88.1,23.7],[88.1,23.8],[88.1,23.7],[88.2,23.7],[88.2,23.8],[88.2,23.7],[88.1,23.7],[88.1,23.6],[88.2,23.6],[88.3,23.6],[88.3,23.5],[88.4,23.5],[88.3,23.5],[88.3,23.4],[88.4,23.4],[88.3,23.4],[88.3,23.3],[88.4,23.3],[88.4,23.2],[88.4,23.1],[88.3,23.1],[88.2,23.1],[88.2,23.2],[88.2,23.1],[88.1,23.1],[88.1,23.0],[88.0,23.0],[88.0,22.9],[88.0,23.0],[87.9,23.0],[87.9,22.9],[87.9,23.0],[87.9,22.9],[87.8,22.9],[87.8,23.0],[87.8,22.9],[87.8,23.0],[87.7,23.0],[87.7,23.1],[87.8,23.1],[87.7,23.1],[87.7,23.2],[87.6,23.2],[87.7,23.2],[87.6,23.2],[87.6,23.3],[87.5,23.3],[87.5,23.4],[87.4,23.4],[87.3,23.5],[87.2,23.5],[87.2,23.6],[87.1,23.6],[87.0,23.6],[86.9,23.6],[86.9,23.7],[86.8,23.7],[86.8,23.8],[86.9,23.8],[86.9,23.9]]]}},{"type":"Feature","properties":{"NAME_1":"West Bengal","NAME_2":"Birbhum","NAME_0":"India"},"geometry":{"type":"Polygon","coordinates":[[[87.8,24.6],[87.9,24.6],[87.9,24.5],[88.0,24.5],[88.0,24.4],[88.0,24.3],[88.0,24.2],[87.9,24.2],[87.9,24.1],[87.9,24.0],[87.9,23.9],[87.8,23.9],[87.9,23.9],[87.9,23.8],[87.9,23.9],[87.9,23.8],[88.0,23.8],[87.9,23.8],[88.0,23.8],[88.0,23.7],[87.9,23.7],[87.9,23.6],[88.0,23.6],[87.9,23.6],[87.9,23.5],[87.9,23.6],[87.9,23.5],[87.9,23.6],[87.9,23.5],[87.8,23.5],[87.8,23.6],[87.7,23.6],[87.6,23.6],[87.5,23.6],[87.4,23.6],[87.4,23.7],[87.3,23.7],[87.2,23.7],[87.1,23.7],[87.1,23.8],[87.2,23.8],[87.1,23.8],[87.1,23.9],[87.2,23.9],[87.2,23.8],[87.2,23.9],[87.2,23.8],[87.3,23.8],[87.2,23.9],[87.3,23.9],[87.3,24.0],[87.2,24.0],[87.3,24.0],[87.4,24.0],[87.5,24.0],[87.4,24.0],[87.5,24.0],[87.5,24.1],[87.6,24.1],[87.6,24.2],[87.7,24.2],[87.7,24.1],[87.7,24.2],[87.6,24.2],[87.7,24.2],[87.7,24.3],[87.8,24.3],[87.8,24.4],[87.8,24.5],[87.8,24.6]]]}},{"type":"Feature","properties":{"NAME_1":"West Bengal","NAME_2":"Dakshin Dinajpur","NAME_0":"India"},"geometry":{"type":"Polygon","coordinates":[[[88.5,25.6],[88.5,25.5],[88.6,25.5],[88.7,25.5],[88.6,25.5],[88.7,25.5],[88.8,25.5],[88.8,25.4],[88.9,25.4],[88.9,25.3],[89.0,25.3],[89.0,25.2],[88.9,25.2],[88.8,25.2],[88.7,25.2],[88.6,25.2],[88.5,25.2],[88.4,25.2],[88.5,25.2],[88.5,25.3],[88.4,25.3],[88.3,25.3],[88.2,25.3],[88.2,25.4],[88.3,25.4],[88.3,25.5],[88.4,25.5],[88.4,25.6],[88.5,25.6]]]}},{"type":"Feature","properties":{"NAME_1":"West Bengal","NAME_2":"Darjiling","NAME_0":"India"},"geometry":{"type":"Polygon","coordinates":[[[88.1,27.1],[88.2,27.1],[88.3,27.1],[88.4,27.1],[88.5,27.1],[88.5,27.2],[88.5,27.1],[88.5,27.2],[88.6,27.2],[88.7,27.2],[88.7,27.1],[88.8,27.1],[88.9,27.1],[88.9,27.0],[88.8,27.0],[88.8,26.9],[88.7,26.9],[88.7,27.0],[88.6,27.0],[88.6,26.9],[88.5,26.9],[88.5,26.8],[88.4,26.8],[88.4,26.7],[88.4,26.6],[88.4,26.5],[88.3,26.5],[88.2,26.5],[88.2,26.4],[88.2,26.5],[88.2,26.6],[88.2,26.5],[88.1,26.5],[88.1,26.6],[88.2,26.6],[88.2,26.7],[88.2,26.8],[88.2,26.9],[88.1,26.9],[88.1,27.0],[88.0,27.0],[88.0,27.1],[88.0,27.2],[88.1,27.2],[88.1,27.1]]]}},{"type":"Feature","properties":{"NAME_1":"West Bengal","NAME_2":"East Midnapore","NAME_0":"India"},"geometry":{"type":"MultiPolygon","coordinates":[[[[88.1,22.0],[88.1,21.9],[88.0,21.9],[88.1,21.9],[88.1,22.0]]],[[[87.8,22.5],[87.9,22.5],[87.9,22.4],[87.9,22.3],[88.0,22.3],[88.0,22.2],[88.1,22.2],[88.2,22.2],[88.2,22.1],[88.1,22.1],[88.1,22.0],[88.0,22.0],[88.0,22.1],[88.0,22.0],[88.1,22.0],[88.0,22.0],[88.0,21.9],[88.0,21.8],[87.9,21.8],[87.9,21.7],[87.8,21.7],[87.7,21.7],[87.8,21.7],[87.7,21.7],[87.8,21.7],[87.7,21.7],[87.7,21.6],[87.6,21.6],[87.6,21.7],[87.6,21.6],[87.5,21.6],[87.5,21.7],[87.4,21.7],[87.5,21.7],[87.4,21.7],[87.4,21.8],[87.5,21.8],[87.5,21.9],[87.4,21.9],[87.5,21.9],[87.5,22.0],[87.5,22.1],[87.6,22.1],[87.7,22.1],[87.7,22.2],[87.7,22.3],[87.6,22.3],[87.6,22.4],[87.7,22.4],[87.6,22.4],[87.7,22.5],[87.8,22.5]]]]}},{"type":"Feature","properties":{"NAME_1":"West Bengal","NAME_2":"Haora","NAME_0":"India"},"geometry":{"type":"MultiPolygon","coordinates":[[[[88.0,22.8],[88.0,22.7],[88.1,22.7],[88.2,22.7],[88.3,22.7],[88.4,22.6],[88.3,22.6],[88.3,22.5],[88.3,22.6],[88.2,22.6],[88.2,22.5],[88.1,22.5],[88.1,22.4],[88.1,22.3],[88.1,22.2],[88.0,22.2],[88.0,22.3],[88.0,22.4],[87.9,22.4],[87.9,22.5],[87.8,22.5],[87.8,22.6],[87.9,22.6],[87.9,22.7],[87.9,22.8],[88.0,22.8]]]]}},{"type":"Feature","properties":{"NAME_1":"West Bengal","NAME_2":"Hugli","NAME_0":"India"},"geometry":{"type":"Polygon","coordinates":[[[88.5,23.2],[88.4,23.1],[88.5,23.1],[88.5,23.0],[88.4,23.0],[88.4,22.9],[88.4,22.8],[88.3,22.8],[88.4,22.8],[88.4,22.7],[88.4,22.6],[88.3,22.7],[88.2,22.7],[88.1,22.7],[88.0,22.7],[88.0,22.8],[87.9,22.8],[87.9,22.7],[87.9,22.6],[87.8,22.6],[87.8,22.7],[87.7,22.7],[87.7,22.8],[87.6,22.8],[87.6,22.9],[87.5,22.9],[87.6,22.9],[87.7,22.9],[87.7,23.0],[87.6,23.0],[87.7,23.0],[87.8,23.0],[87.8,22.9],[87.8,23.0],[87.8,22.9],[87.9,22.9],[87.9,23.0],[87.9,22.9],[87.9,23.0],[88.0,23.0],[88.0,22.9],[88.0,23.0],[88.1,23.0],[88.1,23.1],[88.2,23.1],[88.2,23.2],[88.2,23.1],[88.3,23.1],[88.4,23.1],[88.4,23.2],[88.5,23.2]]]}},{"type":"Feature","properties":{"NAME_1":"West Bengal","NAME_2":"Jalpaiguri","NAME_0":"India"},"geometry":{"type":"Polygon","coordinates":[[[88.9,27.0],[89.0,27.0],[88.9,26.9],[89.0,26.9],[89.1,26.9],[89.1,26.8],[89.2,26.8],[89.3,26.8],[89.3,26.9],[89.3,26.8],[89.3,26.9],[89.4,26.9],[89.4,26.8],[89.5,26.8],[89.6,26.8],[89.7,26.8],[89.6,26.8],[89.6,26.7],[89.7,26.7],[89.8,26.7],[89.9,26.7],[89.9,26.6],[89.9,26.5],[89.9,26.4],[89.8,26.4],[89.9,26.4],[89.9,26.5],[89.8,26.5],[89.7,26.5],[89.7,26.4],[89.6,26.4],[89.5,26.4],[89.6,26.4],[89.5,26.4],[89.6,26.4],[89.5,26.4],[89.5,26.5],[89.4,26.5],[89.3,26.5],[89.2,26.5],[89.1,26.5],[89.0,26.5],[88.9,26.5],[88.9,26.4],[88.8,26.4],[88.7,26.4],[88.7,26.3],[88.7,26.4],[88.6,26.4],[88.7,26.4],[88.6,26.4],[88.6,26.5],[88.6,26.4],[88.6,26.5],[88.5,26.5],[88.4,26.5],[88.4,26.6],[88.4,26.7],[88.4,26.8],[88.5,26.8],[88.5,26.9],[88.6,26.9],[88.6,27.0],[88.7,27.0],[88.7,26.9],[88.8,26.9],[88.8,27.0],[88.9,27.0]]]}},{"type":"Feature","properties":{"NAME_1":"West Bengal","NAME_2":"Kochbihar","NAME_0":"India"},"geometry":{"type":"Polygon","coordinates":[[[89.0,26.5],[89.1,26.5],[89.2,26.5],[89.3,26.5],[89.4,26.5],[89.5,26.5],[89.5,26.4],[89.6,26.4],[89.5,26.4],[89.6,26.4],[89.5,26.4],[89.6,26.4],[89.7,26.4],[89.7,26.5],[89.8,26.5],[89.9,26.5],[89.9,26.4],[89.8,26.4],[89.9,26.4],[89.8,26.4],[89.8,26.3],[89.7,26.3],[89.7,26.2],[89.6,26.2],[89.7,26.2],[89.6,26.2],[89.7,26.2],[89.6,26.2],[89.6,26.1],[89.7,26.1],[89.6,26.1],[89.6,26.0],[89.5,26.0],[89.6,26.0],[89.5,26.0],[89.4,26.0],[89.3,26.0],[89.3,26.1],[89.2,26.1],[89.2,26.2],[89.1,26.2],[89.2,26.2],[89.1,26.2],[89.1,26.3],[89.1,26.4],[89.0,26.4],[89.0,26.5],[89.0,26.4],[88.9,26.4],[89.0,26.4],[89.0,26.3],[89.0,26.4],[89.0,26.3],[89.1,26.3],[89.1,26.2],[89.0,26.2],[89.0,26.3],[88.9,26.3],[88.9,26.2],[88.8,26.2],[88.8,26.3],[88.8,26.4],[88.7,26.4],[88.8,26.4],[88.9,26.4],[88.9,26.5],[89.0,26.5]]]}},{"type":"Feature","properties":{"NAME_1":"West Bengal","NAME_2":"Kolkata","NAME_0":"India"},"geometry":{"type":"Polygon","coordinates":[[[88.4,22.6],[88.4,22.5],[88.3,22.5],[88.3,22.6],[88.3,22.5],[88.3,22.6],[88.4,22.6]]]}},{"type":"Feature","properties":{"NAME_1":"West Bengal","NAME_2":"Maldah","NAME_0":"India"},"geometry":{"type":"Polygon","coordinates":[[[88.2,25.3],[88.3,25.3],[88.4,25.3],[88.5,25.3],[88.5,25.2],[88.4,25.2],[88.5,25.2],[88.5,25.1],[88.4,25.1],[88.5,25.1],[88.4,25.1],[88.4,25.0],[88.5,25.0],[88.4,25.0],[88.4,24.9],[88.4,25.0],[88.4,24.9],[88.3,24.9],[88.2,24.9],[88.2,25.0],[88.2,24.9],[88.1,24.9],[88.2,24.9],[88.2,24.8],[88.2,24.9],[88.1,24.9],[88.1,24.8],[88.1,24.7],[88.0,24.7],[88.0,24.8],[87.9,24.8],[87.9,24.9],[88.0,24.9],[87.9,24.9],[87.9,25.0],[87.8,25.1],[87.8,25.2],[87.8,25.3],[87.9,25.3],[87.8,25.3],[87.9,25.3],[87.8,25.3],[87.8,25.4],[87.8,25.5],[87.9,25.5],[88.0,25.5],[88.1,25.5],[88.1,25.4],[88.1,25.3],[88.1,25.2],[88.1,25.3],[88.2,25.3],[88.1,25.3],[88.2,25.3]]]}},{"type":"Feature","properties":{"NAME_1":"West Bengal","NAME_2":"Murshidabad","NAME_0":"India"},"geometry":{"type":"MultiPolygon","coordinates":[[[[87.9,24.8],[88.0,24.8],[88.0,24.7],[88.0,24.6],[88.1,24.6],[88.1,24.5],[88.2,24.5],[88.2,24.4],[88.3,24.4],[88.4,24.4],[88.5,24.4],[88.5,24.3],[88.6,24.3],[88.7,24.3],[88.7,24.2],[88.7,24.1],[88.6,24.1],[88.6,24.0],[88.5,24.0],[88.5,23.9],[88.5,24.0],[88.5,23.9],[88.5,23.8],[88.4,23.8],[88.5,23.8],[88.4,23.9],[88.4,23.8],[88.3,23.8],[88.2,23.8],[88.2,23.7],[88.1,23.7],[88.1,23.8],[88.1,23.7],[88.0,23.7],[88.0,23.8],[88.1,23.8],[88.0,23.8],[87.9,23.8],[87.9,23.9],[87.9,23.8],[87.9,23.9],[87.8,23.9],[87.9,23.9],[87.9,24.0],[87.9,24.1],[87.9,24.2],[88.0,24.2],[88.0,24.3],[88.0,24.4],[88.0,24.5],[87.9,24.5],[87.9,24.6],[87.9,24.7],[87.8,24.7],[87.8,24.8],[87.9,24.8],[87.9,24.9],[87.9,24.8]]]]}},{"type":"Feature","properties":{"NAME_1":"West Bengal","NAME_2":"Nadia","NAME_0":"India"},"geometry":{"type":"Polygon","coordinates":[[[88.7,24.1],[88.7,24.0],[88.8,24.0],[88.7,24.0],[88.7,23.9],[88.6,23.9],[88.6,23.8],[88.6,23.7],[88.6,23.6],[88.7,23.6],[88.7,23.5],[88.8,23.5],[88.8,23.4],[88.7,23.4],[88.7,23.3],[88.7,23.2],[88.7,23.1],[88.7,23.0],[88.7,22.9],[88.6,22.9],[88.5,22.9],[88.4,22.9],[88.4,23.0],[88.4,22.9],[88.4,23.0],[88.5,23.0],[88.5,23.1],[88.4,23.1],[88.5,23.2],[88.4,23.2],[88.4,23.3],[88.3,23.3],[88.3,23.4],[88.4,23.4],[88.3,23.4],[88.3,23.5],[88.4,23.5],[88.3,23.5],[88.3,23.6],[88.2,23.6],[88.1,23.6],[88.1,23.7],[88.2,23.7],[88.2,23.8],[88.3,23.8],[88.4,23.8],[88.4,23.9],[88.5,23.8],[88.4,23.8],[88.5,23.8],[88.5,23.9],[88.5,24.0],[88.5,23.9],[88.5,24.0],[88.6,24.0],[88.6,24.1],[88.7,24.1]]]}},{"type":"Feature","properties":{"NAME_1":"West Bengal","NAME_2":"North 24 Parganas","NAME_0":"India"},"geometry":{"type":"MultiPolygon","coordinates":[[[[88.8,21.6],[88.9,21.6],[88.9,21.5],[88.9,21.6],[88.9,21.5],[88.9,21.6],[88.9,21.5],[88.9,21.6],[88.9,21.5],[88.9,21.6],[88.8,21.6]]],[[[88.8,21.7],[88.8,21.6],[88.7,21.6],[88.8,21.6],[88.7,21.6],[88.8,21.6],[88.8,21.7]]],[[[89.0,21.6],[88.9,21.6],[88.9,21.7],[89.0,21.7],[89.0,21.6]]],[[[89.0,21.7],[89.0,21.6],[89.0,21.7],[89.0,21.6],[89.0,21.7]]],[[[88.7,21.7],[88.8,21.7],[88.8,21.6],[88.7,21.6],[88.7,21.7]]],[[[89.1,21.7],[89.1,21.6],[89.0,21.6],[89.0,21.7],[89.1,21.7]]],[[[88.9,21.8],[89.0,21.8],[89.0,21.7],[88.9,21.7],[88.9,21.8]]],[[[89.0,21.8],[89.0,21.7],[89.1,21.7],[89.0,21.7],[89.0,21.8]]],[[[88.8,21.8],[88.9,21.8],[88.9,21.7],[88.8,21.7],[88.9,21.7],[88.9,21.6],[88.8,21.6],[88.8,21.7],[88.8,21.6],[88.8,21.7],[88.8,21.6],[88.8,21.7],[88.8,21.8]]],[[[88.7,21.8],[88.8,21.8],[88.8,21.7],[88.7,21.7],[88.8,21.7],[88.7,21.7],[88.8,21.7],[88.7,21.7],[88.7,21.8]]],[[[88.8,21.8],[88.7,21.8],[88.8,21.8],[88.7,21.8],[88.8,21.8]]],[[[88.8,21.7],[88.8,21.8],[88.7,21.8],[88.8,21.8],[88.8,21.7]]],[[[88.9,21.8],[89.0,21.8],[88.9,21.8],[89.0,21.8],[88.9,21.8]]],[[[88.9,21.9],[88.9,21.8],[88.9,21.7],[88.9,21.8],[88.8,21.8],[88.8,21.9],[88.9,21.9]]],[[[88.8,21.9],[88.8,21.8],[88.8,21.9],[88.8,21.8],[88.8,21.9]]],[[[89.0,21.9],[89.0,21.8],[89.0,21.9],[89.0,21.8],[88.9,21.8],[89.0,21.8],[89.0,21.9]]],[[[88.7,21.9],[88.8,21.9],[88.8,21.8],[88.7,21.8],[88.7,21.9],[88.7,21.8],[88.7,21.9]]],[[[88.8,21.9],[88.9,21.9],[89.0,21.9],[88.9,21.9],[89.0,21.9],[89.0,21.8],[88.9,21.8],[88.9,21.9],[88.9,21.8],[88.9,21.9],[88.8,21.9]]],[[[88.7,22.0],[88.8,22.0],[88.7,22.0],[88.8,22.0],[88.8,21.9],[88.8,22.0],[88.8,21.9],[88.7,21.9],[88.7,22.0]]],[[[88.8,22.0],[88.9,22.0],[88.9,21.9],[88.8,21.9],[88.8,22.0],[88.8,21.9],[88.8,22.0],[88.7,22.0],[88.8,22.0]]],[[[89.0,22.1],[89.0,22.0],[89.0,22.1],[89.0,22.0],[89.1,22.0],[89.1,21.9],[89.0,21.9],[89.0,22.0],[89.0,21.9],[89.0,22.0],[89.0,22.1]]],[[[88.9,22.1],[88.9,22.0],[88.8,22.0],[88.8,22.1],[88.9,22.1]]],[[[88.8,22.1],[88.8,22.0],[88.8,22.1],[88.7,22.1],[88.8,22.1]]],[[[88.8,22.1],[88.9,22.1],[88.8,22.1],[88.9,22.1],[88.8,22.1]]],[[[88.9,22.2],[88.9,22.1],[88.8,22.1],[88.9,22.1],[88.9,22.2],[88.8,22.2],[88.9,22.2]]],[[[88.9,22.2],[89.0,22.2],[89.0,22.1],[89.0,22.2],[89.0,22.1],[88.9,22.1],[88.9,22.0],[88.9,22.1],[89.0,22.1],[89.0,22.0],[89.0,21.9],[88.9,21.9],[88.9,22.0],[88.9,22.1],[88.9,22.2]]],[[[89.0,22.2],[89.0,22.1],[89.1,22.1],[89.0,22.1],[89.0,22.0],[89.0,22.1],[89.0,22.2]]],[[[88.8,22.2],[88.9,22.2],[88.8,22.2],[88.9,22.2],[88.8,22.2],[88.8,22.1],[88.9,22.1],[88.8,22.1],[88.7,22.1],[88.8,22.1],[88.8,22.2]]],[[[88.8,22.3],[88.8,22.2],[88.7,22.2],[88.8,22.2],[88.8,22.3]]],[[[88.8,22.4],[88.9,22.4],[88.9,22.3],[88.9,22.2],[89.0,22.2],[88.9,22.2],[88.9,22.3],[88.8,22.3],[88.9,22.3],[88.9,22.2],[88.8,22.2],[88.9,22.2],[88.9,22.3],[88.9,22.2],[88.8,22.2],[88.9,22.2],[88.8,22.2],[88.8,22.3],[88.8,22.4]]],[[[89.0,22.4],[89.0,22.3],[89.0,22.2],[89.1,22.2],[89.1,22.1],[89.1,22.2],[89.1,22.1],[89.0,22.1],[89.0,22.2],[89.0,22.3],[88.9,22.3],[89.0,22.3],[89.0,22.4]]],[[[88.9,22.5],[88.9,22.4],[88.9,22.5],[88.8,22.5],[88.9,22.5],[88.9,22.6],[88.9,22.5],[88.9,22.6],[88.9,22.5]]],[[[88.9,22.6],[89.0,22.6],[89.0,22.5],[89.0,22.4],[88.9,22.4],[89.0,22.4],[88.9,22.4],[88.9,22.3],[89.0,22.3],[88.9,22.3],[88.9,22.4],[88.9,22.5],[88.9,22.6]]],[[[88.8,23.2],[88.9,23.2],[89.0,23.2],[88.9,23.2],[88.9,23.1],[88.9,23.0],[88.8,23.0],[88.9,23.0],[88.9,22.9],[89.0,22.9],[89.0,22.8],[88.9,22.8],[88.9,22.7],[89.0,22.7],[88.9,22.7],[88.9,22.6],[88.9,22.7],[88.8,22.7],[88.8,22.8],[88.8,22.7],[88.8,22.8],[88.8,22.7],[88.8,22.8],[88.8,22.7],[88.9,22.7],[88.9,22.6],[89.0,22.6],[88.9,22.6],[88.9,22.5],[88.8,22.5],[88.9,22.5],[88.9,22.4],[88.8,22.4],[88.8,22.5],[88.8,22.6],[88.8,22.5],[88.7,22.5],[88.7,22.6],[88.7,22.5],[88.8,22.5],[88.8,22.4],[88.9,22.4],[88.8,22.4],[88.9,22.4],[88.8,22.4],[88.7,22.4],[88.7,22.5],[88.6,22.5],[88.6,22.6],[88.5,22.6],[88.5,22.5],[88.5,22.6],[88.4,22.6],[88.4,22.7],[88.4,22.8],[88.3,22.8],[88.4,22.8],[88.4,22.9],[88.4,23.0],[88.4,22.9],[88.5,22.9],[88.6,22.9],[88.7,22.9],[88.7,23.0],[88.7,23.1],[88.7,23.2],[88.8,23.2],[88.8,23.3],[88.8,23.2]]]]}},{"type":"Feature","properties":{"NAME_1":"West Bengal","NAME_2":"Puruliya","NAME_0":"India"},"geometry":{"type":"Polygon","coordinates":[[[86.9,23.6],[86.9,23.5],[86.8,23.5],[86.8,23.4],[86.9,23.4],[86.8,23.4],[86.8,23.3],[86.8,23.2],[86.7,23.2],[86.7,23.1],[86.7,23.0],[86.7,22.9],[86.7,22.8],[86.6,22.8],[86.6,22.7],[86.5,22.7],[86.5,22.8],[86.4,22.8],[86.4,22.9],[86.5,22.9],[86.4,22.9],[86.5,22.9],[86.5,23.0],[86.4,23.0],[86.3,23.0],[86.2,23.0],[86.1,23.1],[86.0,23.1],[85.9,23.1],[85.9,23.2],[85.8,23.2],[85.8,23.3],[85.9,23.3],[85.9,23.4],[85.9,23.5],[86.0,23.5],[86.1,23.5],[86.0,23.5],[86.0,23.6],[86.1,23.6],[86.2,23.6],[86.2,23.5],[86.1,23.5],[86.2,23.5],[86.1,23.5],[86.2,23.5],[86.2,23.4],[86.3,23.4],[86.2,23.4],[86.3,23.4],[86.3,23.5],[86.3,23.4],[86.3,23.5],[86.4,23.5],[86.3,23.5],[86.4,23.5],[86.4,23.6],[86.5,23.6],[86.6,23.6],[86.6,23.7],[86.7,23.7],[86.8,23.7],[86.9,23.7],[86.9,23.6]]]}},{"type":"Feature","properties":{"NAME_1":"West Bengal","NAME_2":"South 24 Parganas","NAME_0":"India"},"geometry":{"type":"MultiPolygon","coordinates":[[[[88.5,21.6],[88.5,21.5],[88.5,21.6],[88.5,21.5],[88.5,21.6]]],[[[88.5,21.6],[88.6,21.6],[88.5,21.6],[88.6,21.6],[88.5,21.6],[88.5,21.7],[88.5,21.6]]],[[[88.3,21.7],[88.4,21.7],[88.3,21.7],[88.4,21.7],[88.3,21.7],[88.4,21.7],[88.4,21.6],[88.3,21.6],[88.3,21.7]]],[[[88.5,21.7],[88.5,21.6],[88.4,21.6],[88.4,21.7],[88.5,21.7]]],[[[88.5,21.7],[88.6,21.7],[88.5,21.7],[88.6,21.7],[88.6,21.6],[88.5,21.6],[88.5,21.7]]],[[[88.4,21.7],[88.4,21.6],[88.4,21.7],[88.4,21.8],[88.4,21.7]]],[[[88.2,21.8],[88.3,21.8],[88.3,21.7],[88.3,21.6],[88.2,21.6],[88.2,21.7],[88.2,21.8]]],[[[88.4,21.8],[88.4,21.7],[88.3,21.7],[88.3,21.8],[88.4,21.8]]],[[[88.5,21.8],[88.5,21.7],[88.4,21.7],[88.4,21.8],[88.5,21.8]]],[[[88.5,21.8],[88.6,21.8],[88.6,21.7],[88.5,21.7],[88.5,21.8]]],[[[88.3,21.9],[88.4,21.9],[88.4,21.8],[88.3,21.8],[88.3,21.7],[88.3,21.8],[88.3,21.9]]],[[[88.1,21.9],[88.1,21.8],[88.2,21.8],[88.2,21.7],[88.1,21.7],[88.2,21.7],[88.2,21.6],[88.1,21.6],[88.0,21.6],[88.0,21.7],[88.1,21.7],[88.1,21.8],[88.1,21.9]]],[[[88.6,21.9],[88.7,21.9],[88.6,21.9],[88.7,21.9],[88.6,21.9],[88.7,21.8],[88.6,21.8],[88.7,21.8],[88.6,21.8],[88.6,21.9]]],[[[88.6,21.9],[88.6,21.8],[88.5,21.8],[88.5,21.9],[88.6,21.9],[88.5,21.9],[88.6,21.9]]],[[[88.4,21.9],[88.5,21.9],[88.5,21.8],[88.4,21.8],[88.5,21.8],[88.4,21.8],[88.4,21.9]]],[[[88.7,22.0],[88.7,21.9],[88.7,22.0],[88.6,22.0],[88.7,22.0]]],[[[88.7,22.2],[88.8,22.2],[88.8,22.1],[88.7,22.1],[88.7,22.0],[88.7,22.1],[88.6,22.1],[88.7,22.1],[88.7,22.2]]],[[[88.6,22.6],[88.6,22.5],[88.7,22.5],[88.7,22.4],[88.8,22.4],[88.8,22.3],[88.8,22.2],[88.7,22.2],[88.6,22.2],[88.7,22.2],[88.7,22.3],[88.7,22.2],[88.6,22.2],[88.7,22.2],[88.6,22.2],[88.6,22.1],[88.6,22.2],[88.6,22.1],[88.6,22.0],[88.6,22.1],[88.6,22.0],[88.6,21.9],[88.5,21.9],[88.5,22.0],[88.6,22.0],[88.5,22.0],[88.5,21.9],[88.6,21.9],[88.5,21.9],[88.5,22.0],[88.6,22.0],[88.5,22.0],[88.5,21.9],[88.5,22.0],[88.4,22.0],[88.5,22.0],[88.4,22.0],[88.5,22.0],[88.5,21.9],[88.4,21.9],[88.4,22.0],[88.4,21.9],[88.4,21.8],[88.4,21.9],[88.3,21.9],[88.4,21.9],[88.3,21.9],[88.3,21.8],[88.3,21.7],[88.3,21.8],[88.2,21.8],[88.2,21.9],[88.2,22.0],[88.2,22.1],[88.2,22.2],[88.1,22.2],[88.1,22.3],[88.1,22.4],[88.1,22.5],[88.2,22.5],[88.2,22.6],[88.3,22.6],[88.3,22.5],[88.4,22.5],[88.4,22.6],[88.5,22.6],[88.5,22.5],[88.5,22.6],[88.6,22.6]]]]}},{"type":"Feature","properties":{"NAME_1":"West Bengal","NAME_2":"Uttar Dinajpur","NAME_0":"India"},"geometry":{"type":"MultiPolygon","coordinates":[[[[88.3,26.5],[88.4,26.5],[88.4,26.4],[88.4,26.5],[88.5,26.5],[88.5,26.4],[88.5,26.3],[88.5,26.4],[88.5,26.3],[88.5,26.4],[88.4,26.4],[88.4,26.3],[88.4,26.2],[88.3,26.2],[88.2,26.2],[88.2,26.1],[88.2,26.0],[88.1,26.0],[88.1,25.9],[88.1,25.8],[88.2,25.8],[88.3,25.8],[88.3,25.7],[88.4,25.7],[88.5,25.7],[88.5,25.6],[88.4,25.6],[88.5,25.6],[88.4,25.6],[88.4,25.5],[88.3,25.5],[88.3,25.4],[88.2,25.4],[88.2,25.3],[88.1,25.3],[88.2,25.3],[88.1,25.3],[88.1,25.2],[88.1,25.3],[88.1,25.4],[88.1,25.5],[88.0,25.5],[88.0,25.6],[88.1,25.6],[88.0,25.6],[88.0,25.7],[88.1,25.7],[88.0,25.7],[87.9,25.7],[87.9,25.8],[87.9,25.9],[87.8,25.9],[87.8,26.0],[87.9,26.1],[88.0,26.1],[88.0,26.2],[88.0,26.1],[88.0,26.2],[88.1,26.2],[88.1,26.3],[88.2,26.3],[88.3,26.3],[88.3,26.4],[88.2,26.4],[88.3,26.4],[88.2,26.4],[88.2,26.5],[88.3,26.5]]]]}},{"type":"Feature","properties":{"NAME_1":"West Bengal","NAME_2":"West Midnapore","NAME_0":"India"},"geometry":{"type":"Polygon","coordinates":[[[87.4,22.9],[87.5,22.9],[87.6,22.9],[87.6,22.8],[87.7,22.8],[87.7,22.7],[87.8,22.7],[87.8,22.6],[87.9,22.6],[87.8,22.6],[87.8,22.5],[87.9,22.5],[87.8,22.5],[87.7,22.5],[87.6,22.4],[87.7,22.4],[87.6,22.4],[87.6,22.3],[87.7,22.3],[87.7,22.2],[87.7,22.1],[87.6,22.1],[87.5,22.1],[87.5,22.0],[87.5,21.9],[87.4,21.9],[87.5,21.9],[87.5,21.8],[87.4,21.8],[87.3,21.8],[87.2,21.8],[87.2,21.9],[87.3,21.9],[87.2,21.9],[87.2,22.0],[87.2,21.9],[87.1,21.9],[87.0,21.9],[87.0,22.0],[87.0,22.1],[86.9,22.1],[86.8,22.1],[86.8,22.2],[86.8,22.1],[86.7,22.1],[86.7,22.2],[86.8,22.2],[86.8,22.3],[86.8,22.2],[86.8,22.3],[86.8,22.2],[86.8,22.3],[86.9,22.3],[86.8,22.3],[86.8,22.4],[86.8,22.5],[86.7,22.5],[86.8,22.5],[86.8,22.6],[86.7,22.6],[86.6,22.6],[86.7,22.6],[86.6,22.6],[86.6,22.7],[86.6,22.8],[86.7,22.8],[86.7,22.7],[86.8,22.7],[86.9,22.7],[86.9,22.6],[87.0,22.6],[86.9,22.6],[86.9,22.7],[87.0,22.7],[87.0,22.6],[87.0,22.7],[87.1,22.7],[87.1,22.8],[87.0,22.8],[87.1,22.8],[87.1,22.9],[87.2,22.9],[87.3,22.9],[87.4,22.9]]]}}]}